{"type":"FeatureCollection","features":[{"type":"Feature","geometry":{"type":"Polygon","coordinates":[[[-96.317188000000002,28.792597000318008],[-96.317336000138013,28.7900660003308],[-96.317336999962919,28.79004099963225],[-96.317341999985786,28.789951999741934],[-96.317446999567778,28.788228999862369],[-96.317449000115914,28.788195000012369],[-96.317840999753074,28.781633000149942],[-96.318014000005448,28.77873500039037],[-96.318014999830353,28.778712999968008],[-96.318150000447872,28.776351999820889],[-96.31868199982712,28.76731399989146],[-96.318682999652026,28.767293000267689],[-96.318987000323958,28.762080000371562],[-96.318984999775822,28.762063000123959],[-96.318988999973783,28.762049000195873],[-96.318989999798688,28.762035000265918],[-96.319051999722973,28.76100500015658],[-96.319261999785255,28.757590000024585],[-96.31948500026634,28.753955999906285],[-96.319487999741057,28.753900999957313],[-96.319520000426436,28.753169000226293],[-96.319522000076262,28.75312400021744],[-96.319527000099129,28.753005000030527],[-96.319532000121995,28.752898999882209],[-96.319650000122778,28.750226999668865],[-96.320112000080144,28.741482999892032],[-96.320116000278091,28.741411000003957],[-96.320117000102996,28.741389999896015],[-96.32011799992793,28.741370999607156],[-96.320119999577742,28.741345000325516],[-96.320123999775703,28.741265999772462],[-96.320127999973664,28.741188000254606],[-96.32013100034672,28.741127999919328],[-96.320242999601376,28.739054000204554],[-96.320336000386121,28.737244999877475],[-96.320362000325403,28.736736000268987],[-96.320404999983083,28.735890999755625],[-96.320531000379802,28.733429999654103],[-96.320579000060363,28.732493000329814],[-96.320599999976764,28.732079999729844],[-96.32062000006826,28.731692000364866],[-96.320623000441302,28.731632999701791],[-96.320625000091113,28.731603000339884],[-96.320625999916047,28.731579000213952],[-96.320637999611606,28.731347000288135],[-96.320957000352138,28.725114999643512],[-96.32096499984975,28.724956000260054],[-96.320972000420767,28.724808000225245],[-96.321209000247222,28.720064999943343],[-96.321242999684102,28.719386000059728],[-96.321244000407319,28.719366999709525],[-96.321246000057144,28.719328999786548],[-96.321251000080025,28.719241999724257],[-96.321431999829997,28.715814000375364],[-96.321985000023943,28.705359000336287],[-96.322007999590156,28.704943999982319],[-96.322015999986078,28.704766999888797],[-96.322017999635904,28.704735000173777],[-96.322024000382001,28.704612999643984],[-96.322128000139074,28.702519000242148],[-96.323522000407067,28.675597000042522],[-96.323492000269852,28.674321000073441],[-96.323447000064007,28.672418000116576],[-96.323440000391329,28.67228100023878],[-96.323431999995393,28.672117000063238],[-96.323422999774579,28.671650999633943],[-96.323324999865264,28.667348999625126],[-96.32329899992601,28.666569000001086],[-96.323272000161822,28.665361999964013],[-96.323177999552172,28.661192000051276],[-96.323132000419733,28.659179000329566],[-96.323076000343249,28.656684000171243],[-96.323052000053778,28.655971000320747],[-96.323051000228887,28.655949000070251],[-96.32301600006879,28.65494799994875],[-96.3228550004103,28.648172999906212],[-96.32273099966342,28.642944000235893],[-96.32291800015949,28.641875000261081],[-96.323004000373217,28.641467000011449],[-96.323091000411864,28.641058999751792],[-96.323288999880248,28.640125000391318],[-96.323338000284053,28.639894999774274],[-96.323514999836078,28.639088000144135],[-96.323722000423615,28.638142999771063],[-96.32377000010419,28.637922999868636],[-96.326941000056536,28.623456999843345],[-96.352287999758857,28.509531000326234],[-96.352414000155562,28.508968000227981],[-96.352451999790404,28.508791999768636],[-96.354405999925049,28.500277000248804],[-96.361008999945625,28.470726999652211],[-96.362782000330327,28.46279800038414],[-96.364262999738642,28.455779000368956],[-96.364435999991017,28.454960999845397],[-96.364516000356957,28.454578000009512],[-96.364588000326975,28.454238999962335],[-96.366529000042831,28.445053000365832],[-96.367546999668889,28.440464999999559],[-96.370695000055022,28.426298000286625],[-96.373389999806292,28.413510000363601],[-96.373777000318896,28.411619000017534],[-96.374398000284927,28.408818999743328],[-96.374865000265146,28.407041000286828],[-96.375251000054519,28.404445000294235],[-96.375918000051314,28.401892000345793],[-96.376041999899854,28.401265999988723],[-96.376143000182211,28.400759000322672],[-96.376240000266577,28.400249999815234],[-96.377031000111913,28.39652400036865],[-96.377397999634724,28.394757000202329],[-96.378097000316856,28.391790999870601],[-96.378731999628258,28.388986999940414],[-96.378779000382252,28.388771999834923],[-96.379020000406683,28.38767300024471],[-96.37905800004151,28.387500999802061],[-96.379504000105342,28.385494999665049],[-96.379952999643919,28.383325999627786],[-96.379976999933362,28.383213000327608],[-96.380279999882063,28.381793000193703],[-96.380479999898597,28.380858999736397],[-96.380803999763685,28.379157999656901],[-96.381016000374117,28.378038999811594],[-96.381126999803882,28.377456999958767],[-96.381540000255768,28.375281000262163],[-96.382069000160286,28.368525000186455],[-96.383548999743695,28.358417999722271],[-96.384566000443144,28.351470999692815],[-96.386985000009886,28.334449999664713],[-96.389642000126344,28.316353000069554],[-96.392418000068474,28.297615999848727],[-96.395198000208566,28.279736000026851],[-96.389289999773837,28.282543000074401],[-96.381091999643786,28.287097999652183],[-96.375251999879438,28.290759999831558],[-96.367966999793467,28.297222000185034],[-96.359293000360665,28.305752999633594],[-96.352686000142114,28.312922999724233],[-96.347637000223116,28.320170000294929],[-96.34473099968632,28.325989000161659],[-96.342291000203176,28.335134999924179],[-96.341290000295558,28.340698999939324],[-96.341806999606177,28.342381000125432],[-96.337945000265933,28.344300000051753],[-96.333381999695419,28.348058999904623],[-96.328740000380492,28.352052999775445],[-96.324203999574138,28.356953000020333],[-96.321427999632022,28.360791999759506],[-96.320762000358471,28.362867999965555],[-96.312418999565153,28.363443000365475],[-96.303533000420259,28.365019999708693],[-96.294175000373926,28.368305000180204],[-96.286676000027711,28.372308999716406],[-96.282306999625945,28.375001999954591],[-96.27828899975178,28.377869999781385],[-96.271766999922036,28.382934000336835],[-96.267068999632301,28.388228999619642],[-96.26290500016826,28.394195999624685],[-96.259806000185947,28.400698999925797],[-96.258302000313094,28.407374999797426],[-96.258235000365943,28.407671000210506],[-96.258190999985018,28.407872000150295],[-96.250248000123094,28.412661999748142],[-96.23548700015543,28.421376999687098],[-96.235457999843106,28.421469000072054],[-96.217837000267735,28.431368000286568],[-96.199374999719993,28.442277999630228],[-96.182242000041228,28.452036000361765],[-96.165848000329277,28.4596740003124],[-96.165070999829325,28.460037000131436],[-96.143974999629677,28.469596999709406],[-96.125000999794167,28.478513000013212],[-96.1110139999534,28.48496300022871],[-96.094323999965439,28.492587000097704],[-96.078331000111461,28.500001000093711],[-96.076048000088846,28.500002000332994],[-96.04948700004357,28.511741000035553],[-96.000334000321715,28.533392999987164],[-96.000243000085106,28.533433000040272],[-96.000243000085106,28.53324700013788],[-96.000243000085106,28.532071000105265],[-95.999658000104091,28.532308000251668],[-95.990070999728914,28.536197999664296],[-95.970322999766523,28.544209999609542],[-95.950574999804118,28.552222999863442],[-95.912908000340508,28.567505999999568],[-95.875240000153667,28.582788000378137],[-95.819861999804672,28.606939999737911],[-95.777845000205858,28.62526600004395],[-95.750238000047148,28.638418999698732],[-95.660385999928167,28.68475000031555],[-95.625231999742638,28.702877000187396],[-95.581856000035927,28.724923999631525],[-95.53201899970054,28.750255999763734],[-95.533783999689305,28.750255999763734],[-95.499371999843618,28.763473000136532],[-95.495650000245448,28.764837000236042],[-95.500224999613238,28.785568999684781],[-95.500224999613238,28.786815000309701],[-95.504157000172,28.808891999944489],[-95.506955999680358,28.824293000372801],[-95.506993000388576,28.824492999866077],[-95.507086000275009,28.8250010000313],[-95.507191999681893,28.825369000108708],[-95.507306000383025,28.825761000180396],[-95.507267000024981,28.825809999888804],[-95.507123999909837,28.826447999785593],[-95.506762000409893,28.82719900032469],[-95.506254000421777,28.827773000012808],[-95.505433000439226,28.827992999635612],[-95.504620999779178,28.828197999616947],[-95.50441099971691,28.828295000392572],[-95.504174999715332,28.828438999819596],[-95.504075000156234,28.828649999669558],[-95.504149999600983,28.828931999759806],[-95.504253000431461,28.829253999643104],[-95.504520000395161,28.829834999940648],[-95.504522999869891,28.829869999826592],[-95.504592000365179,28.830822999685033],[-95.504594000015004,28.83160099998403],[-95.504421999587535,28.832182999994231],[-95.5040590002627,28.832781000206307],[-95.503880999987473,28.833662000207209],[-95.50388900038341,28.834928000189748],[-95.503952999957491,28.836319999900834],[-95.504012000407045,28.837516999880275],[-95.504096000072636,28.837734999817613],[-95.504142000103386,28.837756000202596],[-95.504426999610416,28.837888000277047],[-95.504977000329646,28.837902000251223],[-95.507255000329394,28.837423999728284],[-95.508674999638345,28.837126000187638],[-95.509818999661107,28.836807000008278],[-95.510140000051464,28.836716999756149],[-95.510812999896032,28.836528999940107],[-95.511280999701171,28.836399000077957],[-95.511366999914898,28.836374999661963],[-95.511377999785552,28.836371999904678],[-95.511396000227222,28.836366999784332],[-95.511485999740586,28.836341999966148],[-95.511958999568606,28.836210000291416],[-95.512717999626872,28.835997999843393],[-95.513106999789315,28.835890000265763],[-95.515978999990907,28.835108999969453],[-95.518255000340829,28.834576000099261],[-95.518592999551331,28.834497000112091],[-95.520521999571628,28.834007000386379],[-95.521098000230126,28.833990000062176],[-95.521884000052594,28.833849999693925],[-95.522807000142407,28.833242000361636],[-95.530471000345074,28.829097999902238],[-95.531011000120245,28.829064000008422],[-95.531704000056266,28.829475999779334],[-95.531889999829119,28.829586000210238],[-95.532533000434739,28.829721000365563],[-95.532639999666557,28.829743000251888],[-95.532728000428421,28.829760999940749],[-95.532745999971766,28.829765000133506],[-95.532976000125544,28.829811999829325],[-95.533206000279307,28.829859999747967],[-95.533326999754834,28.829885000336212],[-95.533550000235891,28.829933000221192],[-95.533626000403871,28.829963999889163],[-95.533705999871501,28.830001999672678],[-95.533787000062347,28.830040999684627],[-95.534281999631673,28.83026399995644],[-95.534370000393551,28.830304000109951],[-95.53445700043217,28.830343000008749],[-95.534612000242873,28.830413000214172],[-95.534663000296504,28.830436000192709],[-95.534752999809882,28.830476999731196],[-95.534863000313052,28.830619999837875],[-95.534968999719936,28.830759000380738],[-95.534996000382435,28.83079500019095],[-95.535130000276737,28.830970000249796],[-95.53517100028462,28.830959000043411],[-95.535286999737252,28.830920000375418],[-95.535445999745917,28.830866000326733],[-95.535840999756118,28.830957000363455],[-95.536012000358667,28.831072000391174],[-95.535988000069224,28.831555999977464],[-95.535763999763233,28.831972000223235],[-95.535721999930431,28.832049000107194],[-95.535624999846064,28.83227000035712],[-95.535716000082658,28.83235500020723],[-95.535731999976178,28.832370000358722],[-95.535741000197021,28.832395999776811],[-95.535786000402865,28.832420999755929],[-95.535962999954862,28.832611000345516],[-95.536214000025041,28.832680000382659],[-95.53665099986803,28.832791000004306],[-95.536856999732365,28.832840000338408],[-95.537085000236317,28.832898999650102],[-95.537270000184222,28.832917000367132],[-95.53745400030725,28.832935000294139],[-95.537556000414497,28.832945000077341],[-95.538031999717248,28.832920999651702],[-95.538249000350547,28.832910999866183],[-95.538254000373414,28.832901000079712],[-95.538358000130486,28.83267600030192],[-95.538377000397062,28.832335999959721],[-95.538471000108387,28.832185999872273],[-95.538481000154121,28.831826999949897],[-95.538600999804743,28.831544000392185],[-95.538737000247167,28.831440000255686],[-95.539108999792859,28.831485999753799],[-95.539683999728126,28.831623000259921],[-95.539776999614517,28.831630999715198],[-95.539861000178419,28.831634999836151],[-95.539942000369294,28.831613999789877],[-95.539988000400044,28.831602000211291],[-95.540005999943375,28.831579999930895],[-95.5400410001035,28.831561999769619],[-95.540241999944953,28.83146000010839],[-95.540353000273029,28.831454999752122],[-95.540364000143683,28.831454000310369],[-95.540366999618414,28.831444000383915],[-95.540407999626311,28.831316000138724],[-95.541094999714559,28.830449000144046],[-95.541400000211397,28.83037499979373],[-95.541720999703458,28.830466000259644],[-95.541853999772826,28.830818000085063],[-95.541689999741322,28.831579999930895],[-95.54180500026736,28.832141000118693],[-95.541883999910056,28.832258000067146],[-95.541949000207396,28.832312000180625],[-95.542001999910838,28.832356999860277],[-95.542140000003101,28.832390000032731],[-95.542421000210496,28.832492000356496],[-95.54289200038869,28.832586999842906],[-95.542940000069265,28.83259699965949],[-95.543162999652026,28.832643000220202],[-95.543459999752955,28.832632000190628],[-95.543614999563644,28.832626999890607],[-95.543668000165411,28.83260099974332],[-95.543890999748172,28.832485999830993],[-95.544114000229243,28.832370000358722],[-95.544289000131428,28.832278999983426],[-95.544318000443752,28.832263999818831],[-95.54443600044452,28.83220299970418],[-95.544758999586392,28.832036000355632],[-95.544777999852982,28.832025999698121],[-95.545235999612387,28.831789000045685],[-95.545714000361571,28.831541999936494],[-95.546646999598806,28.831058999730672],[-95.547579999734367,28.830575999644363],[-95.547799000017491,28.830472000114636],[-95.547988999988277,28.830383000131892],[-95.548019999950426,28.830367999693998],[-95.548707000038675,28.829878999660462],[-95.548719999559154,28.829872000314367],[-95.549083999607234,28.829666999694851],[-95.549464000447131,28.829455000084472],[-95.549529999671066,28.829401000062756],[-95.549969999887125,28.829037000293091],[-95.550215999934409,28.828795999900954],[-95.550263999614984,28.828783999997455],[-95.550398000407597,28.828773000347045],[-95.550810999961158,28.828738000092258],[-95.551024000396495,28.828801999852189],[-95.5512920001851,28.828881999693479],[-95.551712000309664,28.8290069998143],[-95.552312000359294,28.829444999965961],[-95.552641000247263,28.829570999657502],[-95.553076000440456,28.829737999813066],[-95.553273999908839,28.829778000168709],[-95.553345999878871,28.829842000076166],[-95.55339100008473,28.829882000391848],[-95.554529000259677,28.83032499963355],[-95.55461600029831,28.830328999804614],[-95.554657000306193,28.830331000283575],[-95.554905000003316,28.830422000001033],[-95.555371000158644,28.83037499979373],[-95.555864000078145,28.830112000334719],[-95.556656999573292,28.830187999779859],[-95.557405999585839,28.830499999695601],[-95.557475999906032,28.83052900029352],[-95.557578999838199,28.830558000096438],[-95.557674000272755,28.830529999744154],[-95.557820999687522,28.830530999981693],[-95.55802099970407,28.830532000219232],[-95.558122999811317,28.830532000219232],[-95.558187000283752,28.830532000219232],[-95.558332999873599,28.830516000352116],[-95.558456999722168,28.830407999807548],[-95.558676999830183,28.830307000042154],[-95.558707999792318,28.830292999833187],[-95.559118999696082,28.830128000263958],[-95.559683999585587,28.829885000336212],[-95.560485000374996,28.829924000391991],[-95.562853999713028,28.829904999700716],[-95.563247000073403,28.82976900032611],[-95.563508000189316,28.829599000267756],[-95.563595000227963,28.829580000304208],[-95.563900999651381,28.829513999740989],[-95.564044999591431,28.829557000136525],[-95.564349000263363,28.829647000284613],[-95.564938000442325,28.830222000093535],[-95.565171000070833,28.830404999878258],[-95.565181999941487,28.830413999665858],[-95.565299999942283,28.830525000130127],[-95.565511999654362,28.830540999995868],[-95.565525999898085,28.830542000233304],[-95.565894999969018,28.830569000345204],[-95.566038999909054,28.830498000006816],[-95.566406000330176,28.830114000030907],[-95.566961000173961,28.829966999831171],[-95.567420999583192,28.829766999836362],[-95.567519000390789,28.82972400031456],[-95.567707999638372,28.829757999992808],[-95.568607000337039,28.830219999612435],[-95.569517999832982,28.83068699993586],[-95.569926000261987,28.830801000026959],[-95.569987000361351,28.830836000375012],[-95.570163999913362,28.830936999627166],[-95.570459000364451,28.831105000184085],[-95.571040999972411,28.831234000132572],[-95.571128999835949,28.831283999856112],[-95.571282999821747,28.831369999953942],[-95.571739999756232,28.83207500039244],[-95.571765999695515,28.832153999857148],[-95.571881000221552,28.832234999704305],[-95.572239000421831,28.832249999873088],[-95.572335999607901,28.832223999631619],[-95.572958000297149,28.832363999826171],[-95.57367100032468,28.832767000330104],[-95.573960000029672,28.833189000155773],[-95.574112000365645,28.83347899985333],[-95.574781000012251,28.834463999820812],[-95.575463999902539,28.83525999997094],[-95.576293000281012,28.835944000068576],[-95.576749000390606,28.836312000019017],[-95.576816000337743,28.836365000208328],[-95.576968999600311,28.836535000232448],[-95.577016000354277,28.836619999746937],[-95.577038999920504,28.836831999714761],[-95.577060999661825,28.837028999772802],[-95.577140000202846,28.837481000034376],[-95.577833999963815,28.83802900010004],[-95.578157999828903,28.838609000041405],[-95.578451999556776,28.838869999747157],[-95.578556000212146,28.838963000180613],[-95.579020999644271,28.839627999842236],[-95.579142000018081,28.840144999843556],[-95.579275000087478,28.840574999994285],[-95.579388999890284,28.841235999831113],[-95.579374999646575,28.841671000059989],[-95.579350000430537,28.842455000260717],[-95.579281999760155,28.84279300035135],[-95.579208000140326,28.842956000063136],[-95.579096999812251,28.843200000274361],[-95.57863700040302,28.843806000219569],[-95.578567000082813,28.843989999831521],[-95.578547999816237,28.844040999828859],[-95.578423000142777,28.844200999627436],[-95.578305000141995,28.844351999811604],[-95.57827300035494,28.84456000013893],[-95.578207000232709,28.844633999844856],[-95.577998999820238,28.845154999751003],[-95.57769099984867,28.846225999761547],[-95.577555000304557,28.846639000126462],[-95.577529000365274,28.846692999858632],[-95.57743599958053,28.847190000186348],[-95.577450999649145,28.847288999936357],[-95.577489000182297,28.847535999648894],[-95.577303000409472,28.848124999925385],[-95.577187000058515,28.848294999618702],[-95.576894999980468,28.848478999945602],[-95.57680999959166,28.848597999748534],[-95.576688000291227,28.848769000304703],[-95.576686999567997,28.848801999993139],[-95.576683000268361,28.848906000087311],[-95.576604999552231,28.849049000046961],[-95.576617000146129,28.849313999755054],[-95.576783999652378,28.849537999694352],[-95.576860999645262,28.849640999785532],[-95.576884999934734,28.849952000335652],[-95.576786000200528,28.850241999734983],[-95.576639999712341,28.850672999895959],[-95.576607999925287,28.850953000020102],[-95.576523000434776,28.851194000239904],[-95.576450999566461,28.851491000362856],[-95.576376000121698,28.851610999901755],[-95.576361000053083,28.851635999984968],[-95.576156000013668,28.852420999855443],[-95.5762220001359,28.852655999671491],[-95.576221000310994,28.852757999798023],[-95.576221000310994,28.852815000357452],[-95.576279999862223,28.853005999919812],[-95.576279000037317,28.853102000366501],[-95.576277000387506,28.853395999708031],[-95.576405000434022,28.853792999705096],[-95.5764120001067,28.853832000241376],[-95.576499999970252,28.854327000269581],[-95.576719000253377,28.854961999986795],[-95.576909000224163,28.854993000065758],[-95.577021000377158,28.855058000201353],[-95.577950000314758,28.855595999763597],[-95.578275999829685,28.85592199971752],[-95.578601000418004,28.856466000246449],[-95.579291999805918,28.857299999675845],[-95.579413000179727,28.857625999794649],[-95.579449999989649,28.858529000349488],[-95.579367999973883,28.85860099962224],[-95.579284000308292,28.858925999631005],[-95.579118999553543,28.859141999621897],[-95.579117999728638,28.859395000053176],[-95.579239999927367,28.859612999772356],[-95.579687999641038,28.860012000330034],[-95.579932999863416,28.860157999824128],[-95.580628000347588,28.860340999665581],[-95.58115899990193,28.860559999710212],[-95.58312399990723,28.860603999810788],[-95.583369000129622,28.860784999760579],[-95.583409000312585,28.860929999797257],[-95.583550999704499,28.861056999853126],[-95.583980000049891,28.861366000208346],[-95.584960000041121,28.861876000389756],[-95.585285999556049,28.862166000364315],[-95.585652000152251,28.862673999910765],[-95.585894999826493,28.863071999809556],[-95.586299999882442,28.863977000096256],[-95.586339000240514,28.864338999735523],[-95.586997999841373,28.86525299992557],[-95.587026000328763,28.865292000096556],[-95.587039999674161,28.865310999831667],[-95.587070999636296,28.865354000378701],[-95.587095999750659,28.865515000329506],[-95.587110999819274,28.86560699985229],[-95.587095999750659,28.865639999703991],[-95.587027999978588,28.865786999846001],[-95.587026000328763,28.866184999625776],[-95.587270999652844,28.866403000053026],[-95.587612999959603,28.866556000036507],[-95.587679000081849,28.866585000023413],[-95.587924000304213,28.866693999874677],[-95.588413999850673,28.867093999886794],[-95.588618000065182,28.867275000336285],[-95.588860999739424,28.867673999805273],[-95.589514000390821,28.868218000199725],[-95.589758999714874,28.86836399996848],[-95.589921999921501,28.86836399996848],[-95.590126000135996,28.868510000318715],[-95.590248000334739,28.868690999875511],[-95.590286999794486,28.869157999775176],[-95.590746000277107,28.869748000153514],[-95.590754999599625,28.869759000191429],[-95.590815999698989,28.869814000363512],[-95.591061999746287,28.869814000363512],[-95.591307999793571,28.869670999855547],[-95.591676000039612,28.869671999716736],[-95.592167000309288,28.869782000123891],[-95.592533999832099,28.870109000289222],[-95.593021999728734,28.870798000168261],[-95.593593000364336,28.871270000055375],[-95.593877999871395,28.871595999628966],[-95.594451000156823,28.871742999999803],[-95.594858999687531,28.871925000058397],[-95.595471000331017,28.872325000389662],[-95.59584000040195,28.872361999809495],[-95.595931999565167,28.872393000206284],[-95.595987999641665,28.872412000216485],[-95.596166999741811,28.872471999729147],[-95.59641100013927,28.872690000341475],[-95.59649200033013,28.872943000049229],[-95.596786000058003,28.87324500010649],[-95.597299000068986,28.873519000279412],[-95.597308000289829,28.873524000186851],[-95.598248000098067,28.873962000112886],[-95.600085000056851,28.874999999946219],[-95.601988999962813,28.876145000199976],[-95.602070999978565,28.876145000199976],[-95.602142000123678,28.876203000320164],[-95.602158000017198,28.876216000057831],[-95.602561000423322,28.876545000017824],[-95.602803000272672,28.87716000038154],[-95.602963000106229,28.878100000086629],[-95.603167000320738,28.878282000022502],[-95.603574999851418,28.878463999639457],[-95.603942000272539,28.878753999736034],[-95.604076999991747,28.878759999951914],[-95.604170999703101,28.878764999607139],[-95.604760999706954,28.87879300034637],[-95.60504699993723,28.87886700007255],[-95.605538000206906,28.879084999852413],[-95.605660000405649,28.879085999623012],[-95.606190999959978,28.879448999886804],[-95.606926999553735,28.879669000335063],[-95.607211999959091,28.879995000299953],[-95.607211999959091,28.880102999695911],[-95.607454999633319,28.880538000146483],[-95.607494999816296,28.880862999990406],[-95.607862000237418,28.881189999891323],[-95.608392999791747,28.88137299966807],[-95.609171000116618,28.881375999700385],[-95.609742999678829,28.881703000346107],[-95.61100700025051,28.882755999882729],[-95.61121200028991,28.882865000075089],[-95.61285000005708,28.882871000053498],[-95.613462999627174,28.88308999981464],[-95.614075000270674,28.883561999705019],[-95.614522999984345,28.884104999781961],[-95.614845000199608,28.884391999915778],[-95.614890000405452,28.884431999701551],[-95.615227999615939,28.884607999677069],[-95.615379999951898,28.884687000136704],[-95.616075000436084,28.884870000044597],[-95.616483999791683,28.885051999916794],[-95.616892000220702,28.885451000335777],[-95.617499999767915,28.886753999637452],[-95.617703000157505,28.887044000184879],[-95.618600000308064,28.887951000274061],[-95.618965000181035,28.88867500034738],[-95.619210000403413,28.88900100035956],[-95.619617000109201,28.889363999791293],[-95.619822000148602,28.889437000180298],[-95.620351999878011,28.889872999743318],[-95.620530999978172,28.890105000041707],[-95.620607999971057,28.890203999817999],[-95.620799999591696,28.890452000249486],[-95.62083999977466,28.890633000117521],[-95.621043999989155,28.89088699982608],[-95.621288000386627,28.89132100028694],[-95.621286999663411,28.89143000014122],[-95.621733999552163,28.892154000338643],[-95.62201999978241,28.892490000001281],[-95.622138999608111,28.892628999637413],[-95.622263000354991,28.892774999705484],[-95.622430999686145,28.892971999940592],[-95.62252699994562,28.893084000115216],[-95.622545000387277,28.893105000331094],[-95.622630999702693,28.893205000027631],[-95.623243000346207,28.893714000025799],[-95.62369400043292,28.893847999880801],[-95.623732999892653,28.893860000141082],[-95.623772000250696,28.893860000141082],[-95.624224999987234,28.89386200018432],[-95.624470000209627,28.893970999730428],[-95.62499999993905,28.894058999929825],[-95.62512499961251,28.894042999613109],[-95.625206999628276,28.894115999858325],[-95.626453999583191,28.894488000030478],[-95.626678999714102,28.894554999873293],[-95.627005999952232,28.894701000378788],[-95.627903999927696,28.895389999944999],[-95.628230000340949,28.895788999963461],[-95.62920899960892,28.896660000147687],[-95.630188999600151,28.897240999745836],[-95.630648999907692,28.897368000245535],[-95.63072099987771,28.897388000000419],[-95.63075600003782,28.897388000000419],[-95.630833999855611,28.897388000000419],[-95.630967999749927,28.897389000381274],[-95.631335000171035,28.897389999975669],[-95.632073000312928,28.897283999659955],[-95.632973999763095,28.897287000019077],[-95.633301000001268,28.897360000342484],[-95.633506000040668,28.897469000148035],[-95.634444000199096,28.898375999610966],[-95.635095000302357,28.899317999901921],[-95.635093999579112,28.89942599964953],[-95.635215999777856,28.899571000022281],[-95.635419000167445,28.90004200013923],[-95.635579999825922,28.900692999757513],[-95.635661999841687,28.900764999696452],[-95.635739999659492,28.90166900000975],[-95.635820999850353,28.901778000008782],[-95.635881999949717,28.902089999791791],[-95.635941000399256,28.902393000362043],[-95.636103999707572,28.902754999823784],[-95.636511000311671,28.903225999646821],[-95.637040000216174,28.90353099990288],[-95.637205999897503,28.903625999747995],[-95.637533000135676,28.903735000050947],[-95.638597999617389,28.903738999756836],[-95.63888499967257,28.903667000308275],[-95.639746999663004,28.903272999950968],[-95.640524999987861,28.903274999812837],[-95.641178999565852,28.903457999987701],[-95.64140799989471,28.90359399970227],[-95.641432000184139,28.903608000264203],[-95.641669999835528,28.90374899980737],[-95.642118000447496,28.904256999690833],[-95.642525000153285,28.904872000295065],[-95.642890000026256,28.905776999734769],[-95.643704000336129,28.906900000294293],[-95.64427300042361,28.9079859996259],[-95.644921999978735,28.9089410003353],[-95.645454000256279,28.909724000024781],[-95.645491999891107,28.91033899968081],[-95.645368000042552,28.910483000277964],[-95.645036999606447,28.911312999933166],[-95.645033000306796,28.912289000165401],[-95.645559999663178,28.91362800015234],[-95.646779999853905,28.91579999992835],[-95.648124999718107,28.917431000365028],[-95.648615000162877,28.917829999773254],[-95.649268999740855,28.918121000170867],[-95.651067000239919,28.919246999718794],[-95.651310999739081,28.919464999625117],[-95.651408999648353,28.919616999894629],[-95.651441000333733,28.919667000348397],[-95.651473999945679,28.919718000157424],[-95.651555000136526,28.920007999812526],[-95.651550999938578,28.920910999788923],[-95.651218999677553,28.921921999685072],[-95.651217000027728,28.922427999938058],[-95.651786999940143,28.923333000332196],[-95.651899999918044,28.925682000126276],[-95.651693000228803,28.926223999892027],[-95.651321999609706,28.926873000138528],[-95.651233999746168,28.928246000225251],[-95.651109000072708,28.928643000317749],[-95.650739000176856,28.929039000386727],[-95.650284999717087,28.929760999847439],[-95.650320999702103,28.931024999607878],[-95.65007300000498,28.931566999743488],[-95.649496000419902,28.932468000386063],[-95.649040000310322,28.933659000269415],[-95.648997999579208,28.933983999654359],[-95.648749000057194,28.934706000050127],[-95.648376999613191,28.935319000116468],[-95.648211999756754,28.935752000249575],[-95.647964999884536,28.935968000026403],[-95.647552000330975,28.936617999805673],[-95.646112999857138,28.937950000174197],[-95.645823000327212,28.938526999710884],[-95.64582199960401,28.93888799964969],[-95.646557000271159,28.939540999904555],[-95.646800999770306,28.940012000124707],[-95.647698999745757,28.94066500037167],[-95.647902999960266,28.940990999757865],[-95.648677999912081,28.941680000036712],[-95.649371999673022,28.942513999749877],[-95.649534000054743,28.942838999664982],[-95.649614000420669,28.943236999614015],[-95.650308000181639,28.943925999893295],[-95.65051200039612,28.944252000024719],[-95.650550000030961,28.944829999766377],[-95.650753000420565,28.945336999740938],[-95.651078999935464,28.945699000237216],[-95.651485999641253,28.946458999617288],[-95.652262000316284,28.947147999692682],[-95.652792000045707,28.947836999901838],[-95.652995000435297,28.948271000282332],[-95.65303399989503,28.948596000216991],[-95.653163999591385,28.948988999857093],[-95.653173999637133,28.949019000278408],[-95.653237000284633,28.9492109996248],[-95.653767999838976,28.949610000125137],[-95.654300000116535,28.949720999795996],[-95.654586000346796,28.950010999621131],[-95.654707999647201,28.950192000114196],[-95.65470599999739,28.950661000128672],[-95.65478700018825,28.950842000271976],[-95.65478600036333,28.951058999896524],[-95.655070999870361,28.951529999632633],[-95.655398000108534,28.951710999829373],[-95.65642300030558,28.951786999930597],[-95.656953000035017,28.952258000286353],[-95.6569940000429,28.952402999892897],[-95.657360999565697,28.952693000069047],[-95.658303999747005,28.952695999611276],[-95.658549999794289,28.952733000246454],[-95.658630999985149,28.952806000058771],[-95.659542000379403,28.952917000234713],[-95.659860000396719,28.953025999817282],[-95.660104999720772,28.953244000210255],[-95.660308000110362,28.953605999798686],[-95.660589000317771,28.953855000185904],[-95.660604000386371,28.953867999627793],[-95.66063500034852,28.953895999750369],[-95.661045000427336,28.953970000150051],[-95.661495999615724,28.953899000043716],[-95.66157799963149,28.953827000052311],[-95.661946999702437,28.953827999888784],[-95.662600000353819,28.954408000094798],[-95.663255999581637,28.954301999890454],[-95.663380000328502,28.954230000179169],[-95.664075999739268,28.954231999844314],[-95.664607000191921,28.954776000080642],[-95.665016000445846,28.954993999933979],[-95.665465999809328,28.95514000024971],[-95.66562999984086,28.95514000024971],[-95.665711999856626,28.955212999937441],[-95.666817000419627,28.955577999962088],[-95.667308999615912,28.955615000353607],[-95.668291000155264,28.956016000179829],[-95.668413000353979,28.956124999644693],[-95.668862999717476,28.956233999780782],[-95.669394000170129,28.956706000156515],[-95.670005000090413,28.957755999876809],[-95.670166999573794,28.958261999666554],[-95.670329999780421,28.95855100015034],[-95.671272999961701,28.959658999866434],[-95.671373000419138,28.959796000311464],[-95.671672999994797,28.960125999899184],[-95.671735999743987,28.960213999768758],[-95.67182299978262,28.960362999904447],[-95.671954000202192,28.960686999849646],[-95.671991999837033,28.960764000206645],[-95.672025000347304,28.960789999711981],[-95.672172999586977,28.960907000156244],[-95.672597999734435,28.961149000346584],[-95.672811000169759,28.961314000080645],[-95.672980000224172,28.961396000360295],[-95.673085999631056,28.961479000337647],[-95.67330499991418,28.961671000162763],[-95.67336699983845,28.961759000291099],[-95.673523000372384,28.962023000227283],[-95.67360500038815,28.962100000376552],[-95.673797999833681,28.962259999819775],[-95.674166999904628,28.962507000326688],[-95.674242000247688,28.962572999700519],[-95.674366999921162,28.962738000308835],[-95.674592000052044,28.963127999700919],[-95.674705000029959,28.963358999869321],[-95.675004999605605,28.96405699989997],[-95.675130000177404,28.964244000194284],[-95.6752420003304,28.964310000032579],[-95.675423999905263,28.964337999689281],[-95.67549199967732,28.964365000389616],[-95.675598999807448,28.964442000368891],[-95.675786000303518,28.964481000203836],[-95.675893000433632,28.964525000261908],[-95.675998999840544,28.964584999953797],[-95.676054999917042,28.964634999932418],[-95.676117999666232,28.964711999710808],[-95.676210999552652,28.964772000080284],[-95.676342999797129,28.964810999790881],[-95.6765179996993,28.964816000014658],[-95.67681800017327,28.964810999790881],[-95.677742999912894,28.964695000346524],[-95.677849000218117,28.964711999710808],[-95.678029999968089,28.964783000262116],[-95.678148999793777,28.964943000274285],[-95.678187000326929,28.965019999823564],[-95.678193000174701,28.96525599990224],[-95.678348999810325,28.965453999712981],[-95.678418000305612,28.965513999652355],[-95.678643000436509,28.96560199965765],[-95.678787000376559,28.965646000025192],[-95.678987000393093,28.965674000106471],[-95.679193000257399,28.965717999657461],[-95.679343000045236,28.965733999918278],[-95.679549999734462,28.965733999918278],[-95.679661999887472,28.965707000360929],[-95.679842999637444,28.96560199965765],[-95.680242999670511,28.965315999956331],[-95.680737000313229,28.964992000351334],[-95.681180999828939,28.964651000360647],[-95.681544000052114,28.964310000032579],[-95.68203799979652,28.963766000371397],[-95.682247000033883,28.963447999878248],[-95.682253999706575,28.963438000084182],[-95.682355999813836,28.963281999870429],[-95.682493999906086,28.962896999803096],[-95.682499999753873,28.962782000321848],[-95.682524999868235,28.962644999898277],[-95.68271300018921,28.962232000387012],[-95.682837999862684,28.96209500002157],[-95.682963000434469,28.961913000139155],[-95.683175000146562,28.961688000023688],[-95.683243999743553,28.961533999840871],[-95.683274999705688,28.961237000132691],[-95.683313000238826,28.961045000288642],[-95.68337500016311,28.960846999904618],[-95.683425000391821,28.960753000383683],[-95.683682000309773,28.960528000105104],[-95.683818999678806,28.960466999861474],[-95.68395699977107,28.96045600000701],[-95.684119000152791,28.960462000213568],[-95.684243999826251,28.960473000067459],[-95.684331999689803,28.960494999771601],[-95.684449999690571,28.960555000227217],[-95.684744000316769,28.960857999717604],[-95.685207000099041,28.961270000229625],[-95.685713000437318,28.961704000121358],[-95.685751000072173,28.961714999843281],[-95.685838000110792,28.961770000007107],[-95.686019999685655,28.961929999960347],[-95.686275999778701,28.962182999789508],[-95.686545000290536,28.962479000174749],[-95.686638000176956,28.962606000157582],[-95.686819999751833,28.962738000308835],[-95.686994999654019,28.962836999918807],[-95.687182000150088,28.962924999841984],[-95.687444999915812,28.963029000369222],[-95.687689000313298,28.96317200033414],[-95.688000999584503,28.963321000142393],[-95.688107999714632,28.96338600003908],[-95.688363999807663,28.963474000281479],[-95.688738999726382,28.963535000325283],[-95.688882999666447,28.963578999999537],[-95.689070000162502,28.963655999777444],[-95.689163999873841,28.96368299986975],[-95.689289000445612,28.963749000065718],[-95.689464000347812,28.963897999829445],[-95.689608000287848,28.963985999636655],[-95.689713999694746,28.964041000165903],[-95.689801999558284,28.964051999639448],[-95.690008000320944,28.964122999857469],[-95.690107999880041,28.964217000248311],[-95.69019599974358,28.964331999707323],[-95.690408000354012,28.964529999713601],[-95.690419000224665,28.964546999891002],[-95.690493999669414,28.964657000324056],[-95.690503999715162,28.964672000231168],[-95.690583000256197,28.96478799970135],[-95.690688999663095,28.964909000046742],[-95.690871000136283,28.965019000095165],[-95.691040000190682,28.965047000346058],[-95.691099999566816,28.965013999881119],[-95.691220999940654,28.964947999705725],[-95.691383000322347,28.964783000262116],[-95.691514999668527,28.964695000346524],[-95.691583000338895,28.964628999967726],[-95.691689999570698,28.964617999769533],[-95.691939999815958,28.964628999967726],[-95.69213999983252,28.964667000000418],[-95.692390000077751,28.964754999939828],[-95.692914999784307,28.964876000323855],[-95.693734000117047,28.965145000378502],[-95.693945999829154,28.965206000223521],[-95.694177999632743,28.965293999704766],[-95.694497000373289,28.96535399973682],[-95.694664999704457,28.96535399973682],[-95.694815000390619,28.965342999615647],[-95.694946999736786,28.965310000031049],[-95.695177999715455,28.965272000234418],[-95.695284000020663,28.965272000234418],[-95.695490999709889,28.965327000080364],[-95.69555400035739,28.965359999659544],[-95.695678000205959,28.96542499984772],[-95.695865999628623,28.965490999718966],[-95.696041000429119,28.965512999928741],[-95.696371999966914,28.965507999738563],[-95.696433999891198,28.965518999842175],[-95.696527999602537,28.965563000245059],[-95.696582999854115,28.965634000212606],[-95.696607000143544,28.965665000249558],[-95.696647000326521,28.965716999935808],[-95.696752999733434,28.96581599984064],[-95.69689699967347,28.965882000248495],[-95.696985000435333,28.965904000375144],[-95.697115999956594,28.965904000375144],[-95.697321999820915,28.965919999821207],[-95.697409999684467,28.965941999939787],[-95.697609999700987,28.966078999929653],[-95.697671999625285,28.966145000169806],[-95.697710000158438,28.966298999780658],[-95.697710000158438,28.966474999953601],[-95.697634999815349,28.966778000193198],[-95.697609999700987,28.967090999773966],[-95.697648000234139,28.96752499962518],[-95.697648000234139,28.967656999791281],[-95.697735000272786,28.967971000343447],[-95.697803999869762,28.968068999965244],[-95.697848000250687,28.968173999737804],[-95.698147999826347,28.968563999869115],[-95.698242000435982,28.968663000194507],[-95.698297999614155,28.96874599984659],[-95.698423000185954,28.96886099977533],[-95.698641999570754,28.969009000349839],[-95.698736000180403,28.969141000195101],[-95.69886699970165,28.969245999666029],[-95.698938999671682,28.96928200020114],[-95.699029999908277,28.969327999949741],[-95.699072999565985,28.969410999854396],[-95.699091999832547,28.969503999687479],[-95.699130000365699,28.969537000292679],[-95.699379999712647,28.969532000296898],[-95.699547999942126,28.969592000230051],[-95.699911000165287,28.96957599977971],[-95.700074000371913,28.969532000296898],[-95.70022400015975,28.969477000327647],[-95.700435999871829,28.969279000353488],[-95.700579999811893,28.969196000342919],[-95.70064900030718,28.969169000116842],[-95.700705000383664,28.969169000116842],[-95.700799000094989,28.96920200004293],[-95.701055000188035,28.969355000134318],[-95.701123999785025,28.969350000129744],[-95.701185999709296,28.969322000257023],[-95.701249000356796,28.969244999978457],[-95.701455000221131,28.969196000342919],[-95.701673999605916,28.969156999926774],[-95.701711000314162,28.969179000143189],[-95.701861000101985,28.969332999955306],[-95.701943000117737,28.969360999825117],[-95.702073999639012,28.969350000129744],[-95.70219199963978,28.96931099977164],[-95.702251999914239,28.969290999743492],[-95.702393000379544,28.969244999978457],[-95.702687000107431,28.969239999968565],[-95.702861000184697,28.969227999786717],[-95.703024000391309,28.969217999765114],[-95.703145999691742,28.969201000354925],[-95.703215000187015,28.969191000330724],[-95.703330999639661,28.969174000130106],[-95.703761999634878,28.969020000081393],[-95.703905999574943,28.968948000388249],[-95.704048999690059,28.968936999863107],[-95.704072999979502,28.968931000147784],[-95.70425600027761,28.96889300010864],[-95.704631000196329,28.968915000381173],[-95.704800000250728,28.968903999852522],[-95.705186999865035,28.968760999947015],[-95.705350000071633,28.968650999945755],[-95.705462000224642,28.968617999843985],[-95.70591199958811,28.968612000110124],[-95.706756000035213,28.968584999731696],[-95.707181000182658,28.968551999608884],[-95.708288000395484,28.968561999694838],[-95.710169999661801,28.968517999780957],[-95.712081999963672,28.968445999738588],[-95.713301000329494,28.96843999999474],[-95.715007999693611,28.968385000231105],[-95.715407999726693,28.968362999845915],[-95.716123000302375,28.968354000222853],[-95.716733000397724,28.968346000295234],[-95.7171610000199,28.96832899995589],[-95.71771500003878,28.968307000344723],[-95.718870999757101,28.968300999806882],[-95.719214999713671,28.968284999942945],[-95.721259000260019,28.968235000155563],[-95.721947000173188,28.968206999981135],[-95.722584999857659,28.968196000163172],[-95.723246999831545,28.968157000156147],[-95.723909999630351,28.968157000156147],[-95.724534999794344,28.968139999785684],[-95.725004000322713,28.968123000198453],[-95.725317000317176,28.968100999757553],[-95.725698000083668,28.968118000134353],[-95.72631700039986,28.96808499986264],[-95.726760999915555,28.968094999993717],[-95.727329000178145,28.968073000332819],[-95.728085999688275,28.968061999714667],[-95.728273000184345,28.96810599982242],[-95.728299999948533,28.968110000188556],[-95.728176000099964,28.968009999634617],[-95.72855799969139,28.968000000281272],[-95.7335360003636,28.967867000065791],[-95.735128000100005,28.96782400034369],[-95.735196999696981,28.967822000155127],[-95.735251999948559,28.96782099966785],[-95.736994000371112,28.967775000035402],[-95.737350999848175,28.967769000252726],[-95.740778999718472,28.967712999644206],[-95.743932000127458,28.967661000174768],[-95.744231999703118,28.967656000088354],[-95.744251999794599,28.967655000385427],[-95.744324999589537,28.967653999896584],[-95.744390999711769,28.967653000193643],[-95.744973000218053,28.967643000019795],[-95.745655000283449,28.967632000141894],[-95.747431000142868,28.967603000100954],[-95.747802999688531,28.967597000308238],[-95.748206000094669,28.967590000025741],[-95.751824999760672,28.967542999800663],[-95.764937000090526,28.967358999868015],[-95.764937999915432,28.967380999680678],[-95.764942999938313,28.967496000340194],[-95.765005999687503,28.967656000088354],[-95.765049000243508,28.967738000059914],[-95.765137000107046,28.967814999887832],[-95.765199000031345,28.967848000245635],[-95.765424000162241,28.967930999765368],[-95.765486999911445,28.967964000086187],[-95.765630999851481,28.968052000366349],[-95.765923999754435,28.968255000387774],[-95.766492999841915,28.968832999770246],[-95.766649000375835,28.968931999838393],[-95.766799000163672,28.969009000349839],[-95.767456000114706,28.969305999764991],[-95.767617999598102,28.969388000001096],[-95.767980999821248,28.969635999687341],[-95.768248999609852,28.969872000243992],[-95.768780000062492,28.970433000033026],[-95.769392999632601,28.971108999713216],[-95.770068000025304,28.972048999992815],[-95.770192999698764,28.972263999864381],[-95.770324000118336,28.972616000056924],[-95.770335999813895,28.972682000057937],[-95.770355000080471,28.973313999746285],[-95.770374000347047,28.973413000243109],[-95.77038000019482,28.973538999738178],[-95.770422999852542,28.973748000221484],[-95.770654999656117,28.974589000042549],[-95.770716999580415,28.975012999637816],[-95.770716999580415,28.97520500029162],[-95.770692000364377,28.975337000092477],[-95.770572999640351,28.975760000141438],[-95.770498000195616,28.975979999845563],[-95.770315999722413,28.976364999970414],[-95.77016000008679,28.976650999786919],[-95.769353000347948,28.977810000152026],[-95.769146999585317,28.97801400028083],[-95.768872000124006,28.978190000176582],[-95.768771999666583,28.978245000229979],[-95.768578000396147,28.978332999625856],[-95.76835300026525,28.97838700000397],[-95.767903000003443,28.978463999766685],[-95.767820999987677,28.978486000361993],[-95.767745999644617,28.978529999966799],[-95.76765899960597,28.978606999623096],[-95.767570999742418,28.978662000240597],[-95.767483999703799,28.978689999943644],[-95.76738999999246,28.978744999731219],[-95.767251000075291,28.978897000263675],[-95.767235000181756,28.978918000386908],[-95.767133000074509,28.979046999815363],[-95.766789000117925,28.979271999913895],[-95.766696000231505,28.979300000237711],[-95.766608000367953,28.979300000237711],[-95.766451999834032,28.979271999913895],[-95.7661460004106,28.979189000060281],[-95.76602000001391,28.979177999837955],[-95.765952000241839,28.979183999745018],[-95.765801999555691,28.97924400036835],[-95.765713999692139,28.97930499976145],[-95.765670000209525,28.979354000111009],[-95.765608000285255,28.979480999818442],[-95.765575999599875,28.979733999965251],[-95.765631999676373,28.979991999769648],[-95.765726000286037,28.980260999824793],[-95.765856999807284,28.980475999920948],[-95.765969999785185,28.980608000069264],[-95.766200999763868,28.980827999680272],[-95.766301000221304,28.9809759996411],[-95.766357000297788,28.981030999784938],[-95.767070000325319,28.981576000201446],[-95.76720099984658,28.981652999948068],[-95.767344999786616,28.981701999971289],[-95.767657999781065,28.981785000166166],[-95.767950999684018,28.981877999879302],[-95.768344999869328,28.981987999964481],[-95.768451000174537,28.982043000356086],[-95.768488999809364,28.982087000019629],[-95.768550999733634,28.982130999664509],[-95.768595000114573,28.982175000076452],[-95.768688999825898,28.982236000098741],[-95.768913999956808,28.98247200020668],[-95.769141999562436,28.982657999885745],[-95.769181999745413,28.982691000224758],[-95.769245000392914,28.982741999656493],[-95.769283000027741,28.982764000127759],[-95.76934499995204,28.982780000110381],[-95.769519999854211,28.982790999949678],[-95.769582999603401,28.982819000106758],[-95.769933000306096,28.983017000103356],[-95.77005200013177,28.983110000280483],[-95.770158000436979,28.983275000363641],[-95.770195000246915,28.983407000083485],[-95.770207999767379,28.983489000146122],[-95.770257999996105,28.983593999987598],[-95.770283000110467,28.983627000028033],[-95.77028899995824,28.983682000333978],[-95.770238999729528,28.984144000334673],[-95.770207999767379,28.984342000152282],[-95.770213999615166,28.984446000372952],[-95.770232000056822,28.984506000301629],[-95.770345000034723,28.984593999872029],[-95.770426000225584,28.98467099972941],[-95.770488999974773,28.984775999942606],[-95.770519999936923,28.984857999705675],[-95.770519999936923,28.984901999743403],[-95.770494999822574,28.985023000143549],[-95.770389000415662,28.985193999876717],[-95.77028899995824,28.985293000006532],[-95.769913000214586,28.985566999641698],[-95.769731999566318,28.985731999734295],[-95.769569000258016,28.985962999735932],[-95.769544000143654,28.986061999915517],[-95.769538000295881,28.986144000230613],[-95.76954999999144,28.986297999937516],[-95.769775000122351,28.987030000082797],[-95.769994000405447,28.98785400009341],[-95.770049999583648,28.988310999656797],[-95.770049999583648,28.988408999657821],[-95.770043999735861,28.988447999888947],[-95.770018999621485,28.988496999836151],[-95.769887000275332,28.988657000111484],[-95.769831000198835,28.988716999954487],[-95.769724999893626,28.988804999870741],[-95.769462000127888,28.988920999788796],[-95.769417999746963,28.988931999760762],[-95.769312000340065,28.98891499966075],[-95.769262000111354,28.988898999841467],[-95.769175000072721,28.988789000034387],[-95.769112000323517,28.988606999953809],[-95.769105999577434,28.988502999988459],[-95.769081000361382,28.988370999700493],[-95.768937000421332,28.988107000190602],[-95.768831000116137,28.988007999611376],[-95.768800000154002,28.987964000109265],[-95.768681000328286,28.987881000158119],[-95.768575000023105,28.98785400009341],[-95.768417999664265,28.98785400009341],[-95.768281000295218,28.987870000074427],[-95.767986999669034,28.987997000326921],[-95.76772100042858,28.98818600037059],[-95.767492999924613,28.988348000133112],[-95.767292999908079,28.988523999732994],[-95.7671670004097,28.988710999814607],[-95.767049000408917,28.989034999798307],[-95.767041999837915,28.989095999703498],[-95.767055000256704,28.989210999800527],[-95.767066999952263,28.989266000280018],[-95.767304999603638,28.989744999661628],[-95.767461000137573,28.990141000258848],[-95.767486000251935,28.990277999638138],[-95.767461000137573,28.990487000090869],[-95.767354000007458,28.990976000379447],[-95.767204000219621,28.991552999862037],[-95.767204000219621,28.991607999881531],[-95.767235000181756,28.991685000016943],[-95.767348000159672,28.991806000338265],[-95.767509999643053,28.991911000378998],[-95.767694999590987,28.991972000159144],[-95.767709999659601,28.991976999856131],[-95.767841999904078,28.991982000338616],[-95.767942000361501,28.991960000256778],[-95.768278999747096,28.991768000057782],[-95.768686000351181,28.99148800037263],[-95.768841999986776,28.99142700030696],[-95.768910999583767,28.99141100009059],[-95.769110999600301,28.991405000107029],[-95.7692799996547,28.991476999886864],[-95.769349000149987,28.991542999641013],[-95.769555000014321,28.991905999893063],[-95.76959900039526,28.991960999724867],[-95.769661000319516,28.992016000313104],[-95.769749000183069,28.992065000141114],[-95.76981699995514,28.992065000141114],[-95.769999000428328,28.992125999830414],[-95.770143000368364,28.992236000016401],[-95.770236000254783,28.992356999692934],[-95.770254999623049,28.99242299967112],[-95.77024200010257,28.992900999898616],[-95.770248999775262,28.993121000076055],[-95.770279999737411,28.993213999810326],[-95.770535999830443,28.993412000334565],[-95.770899000053603,28.993593999815275],[-95.771180000260983,28.993758999672092],[-95.771567999700196,28.994049999706359],[-95.77214900038156,28.994423999973236],[-95.77221200013075,28.994446000316593],[-95.772349000398094,28.994462000063304],[-95.772423999842857,28.994463000292946],[-95.772742999685093,28.994385999869195],[-95.772942999701627,28.994324999941828],[-95.773187000099114,28.9942869998014],[-95.773356000153498,28.994280999984717],[-95.77345599971261,28.9942869998014],[-95.773806000415306,28.994368999880184],[-95.774306000007499,28.994408000220655],[-95.774581000367107,28.994397000045531],[-95.774655999811856,28.994385999869195],[-95.774925000323691,28.994381000288701],[-95.775207000356005,28.994397000045531],[-95.775994999828271,28.994535000300495],[-95.776713999703588,28.994672000143765],[-95.776814000161011,28.99469399964855],[-95.776919999567909,28.99474400000577],[-95.77705099998748,28.994842999635971],[-95.777113999736684,28.994909000384453],[-95.777194999927517,28.995013000192554],[-95.777295000384953,28.995217000177139],[-95.777281999966164,28.995409000257119],[-95.777251000004028,28.995513000347987],[-95.777245000156228,28.995672999981277],[-95.777256999851815,28.995765999777124],[-95.777295000384953,28.995876000019038],[-95.777451000020562,28.99607999987218],[-95.777563999998463,28.996195000058734],[-95.777707000113594,28.996300000356491],[-95.777882000015794,28.996399000068127],[-95.777975999727119,28.996464999823193],[-95.77808899970502,28.996607999933666],[-95.778175999743667,28.996772999694503],[-95.778181999591439,28.996806000243613],[-95.778338999950279,28.997052999995475],[-95.778334999752332,28.997081999638198],[-95.778307000163224,28.997299999942889],[-95.778195000010243,28.997497999713158],[-95.777862999749217,28.997865999683459],[-95.777757000342305,28.997970999855344],[-95.777588000287921,28.998256999640564],[-95.777293999661737,28.998922000079286],[-95.777030999895999,28.999410999757707],[-95.776886999955963,28.999597999791281],[-95.776780999650754,28.999697000272867],[-95.776337000135044,29.000002000200347],[-95.775629999955299,29.000326000157635],[-95.775280000150929,29.000749000144637],[-95.775122999792103,29.001161999895707],[-95.775048000347354,29.001435999906178],[-95.775029000080764,29.001727999702826],[-95.774922999775555,29.001975000264331],[-95.774697999644658,29.002201000130558],[-95.774496999803205,29.002299000322264],[-95.774152999846606,29.002403999919409],[-95.773828000156598,29.002536000361584],[-95.773616000444491,29.002634000235574],[-95.773414999704741,29.002815999979546],[-95.773158999611695,29.003085000373943],[-95.772946999899588,29.003418999953624],[-95.77284599961726,29.003683999788354],[-95.772833000096767,29.003859999993928],[-95.77284599961726,29.00434399999568],[-95.772802000134632,29.004547000289168],[-95.77279600028686,29.004728999806915],[-95.772732999639345,29.004904999804086],[-95.772664000042369,29.005048000023017],[-95.77255799973716,29.005185000074626],[-95.772294999971436,29.005327999906111],[-95.772188999666213,29.005361000080878],[-95.771889000090567,29.00536599991597],[-95.771745000150531,29.00530000034475],[-95.771556999829542,29.005124000234684],[-95.771438000003855,29.004947999824804],[-95.771306999584297,29.004673000352081],[-95.771001000160837,29.004217000182116],[-95.770507000416444,29.003403000021894],[-95.770125999751613,29.003068000244149],[-95.769775999947242,29.002881000203256],[-95.769082000186302,29.002698999788073],[-95.768831999941042,29.00273800012851],[-95.768056000164322,29.002940999648246],[-95.767861999995574,29.003083000081567],[-95.767737000322086,29.003253999802176],[-95.767681000245602,29.003473999945559],[-95.767706000359965,29.003841999852732],[-95.767773000307102,29.003988000383671],[-95.767949000034193,29.004210000020795],[-95.768186999685582,29.004352999630154],[-95.768487000159553,29.004486000072625],[-95.768792999582985,29.004661999697987],[-95.76894999994181,29.004805000253167],[-95.769118000171318,29.005200000390385],[-95.769343000302214,29.005458999632985],[-95.769505999610516,29.005591000101443],[-95.770043999735861,29.005800000236402],[-95.770544000226366,29.005914999822124],[-95.770969000373796,29.006070000051928],[-95.771381999927357,29.006146999628506],[-95.771657000286964,29.006107999788945],[-95.771925999900489,29.006019999673715],[-95.772170000297962,29.005893999681945],[-95.772582999851508,29.005625000313863],[-95.772819999677978,29.005592000223377],[-95.773114000304162,29.00559700004731],[-95.773458000260746,29.005646999844526],[-95.773808000065131,29.00576299972084],[-95.774140000326142,29.005939000313933],[-95.77484599978267,29.006153000327743],[-95.77505199964699,29.006284999909642],[-95.775171000370989,29.006439000256371],[-95.775389999755788,29.006636999803707],[-95.775696000077545,29.006852000053048],[-95.776315000393737,29.00733500007815],[-95.776715000426819,29.007561000007506],[-95.777077999751668,29.007741999615298],[-95.777365999631755,29.007984000236348],[-95.777547000280038,29.008253999844758],[-95.77769700006786,29.008677000379084],[-95.777733999877782,29.008869999900906],[-95.777784000106507,29.009033999638625],[-95.777882999840699,29.009126999982669],[-95.77800900023739,29.009128000070394],[-95.778241000040993,29.0090680002894],[-95.778660000340636,29.008946999747934],[-95.778923000106374,29.008848000270756],[-95.779103999856346,29.008743000150279],[-95.779260000390266,29.008578999950682],[-95.779422999698568,29.00829800013889],[-95.779523000156004,29.008007000148975],[-95.779498000041642,29.007639000146501],[-95.779411000003009,29.00738000008263],[-95.77931700029167,29.007232000203619],[-95.779267000062973,29.007050000380271],[-95.7793049996978,29.006912999658621],[-95.779430000269571,29.006840999630906],[-95.779585999905194,29.006813999803974],[-95.780199000373599,29.006869000346018],[-95.781031000226818,29.00705600024143],[-95.781656000390811,29.007166000252933],[-95.781905999737745,29.007094999723268],[-95.782181000097353,29.006935999809713],[-95.782719000222684,29.006556000141849],[-95.782968999569633,29.006440999698203],[-95.783168999586181,29.006425000234294],[-95.783407000135853,29.006502000332048],[-95.783562999771476,29.006567999921177],[-95.783900999880288,29.006847999614003],[-95.784106999744608,29.007035000333062],[-95.784257000430742,29.00724899964845],[-95.784401000370792,29.007508000040605],[-95.784864000153064,29.008474999650904],[-95.785064000169612,29.008926000223866],[-95.785120000246096,29.009212000333694],[-95.785138999614361,29.009404000342339],[-95.785112999675079,29.009623999962791],[-95.785013000115981,29.009954000086331],[-95.784988000001633,29.010201999918792],[-95.784993999849405,29.01032800015679],[-95.785013000115981,29.010476000314977],[-95.78518200017038,29.010899999679282],[-95.78526300036124,29.011174999863531],[-95.785312999691641,29.011751999722065],[-95.785275000056785,29.012054000031164],[-95.785157000056017,29.012301000265008],[-95.784968999735042,29.012455000286874],[-95.784787000160179,29.012582000188285],[-95.784543999587598,29.012686000282013],[-95.784261999555312,29.012774000219157],[-95.783936999865304,29.012822999633887],[-95.783711999734393,29.01273000025996],[-95.783505999870073,29.012527000330582],[-95.783373999625582,29.012285000137314],[-95.783318000447409,29.011998999892313],[-95.783311999701326,29.011735000232466],[-95.783318000447409,29.011459999967645],[-95.783373999625582,29.011251000282392],[-95.783511999717845,29.011097000037047],[-95.783711999734393,29.010943000347712],[-95.783744000419759,29.010932000361155],[-95.783944000436307,29.010734999688797],[-95.784043999995419,29.010596999851465],[-95.784055999690978,29.010470999941511],[-95.784024999728842,29.010350000257457],[-95.783956000131866,29.010239999707462],[-95.783894000207582,29.010167999641187],[-95.783799999597932,29.010101999994603],[-95.783300000005738,29.010086000311986],[-95.782987000011303,29.010163000038443],[-95.782680999689532,29.010278000267771],[-95.782367999695111,29.010382000323993],[-95.781679999781943,29.01045400024114],[-95.781030000401898,29.010480999902569],[-95.779453999660717,29.010755999630813],[-95.779252999819249,29.010843000355155],[-95.779165999780616,29.010969999881347],[-95.779108999879213,29.011135000282152],[-95.779115999551919,29.011563999619685],[-95.779202999590552,29.011766999870058],[-95.779283999781413,29.011888000251428],[-95.779590999928061,29.012250999759647],[-95.779784000271903,29.012442999620017],[-95.779915999618069,29.012685000228778],[-95.779953000326316,29.012944000349609],[-95.779940999732432,29.013180000279526],[-95.779852999868865,29.013345000293118],[-95.779595999950928,29.013708000180969],[-95.779433999569221,29.013971000257246],[-95.779345999705669,29.014152999673101],[-95.779345999705669,29.01429000022183],[-95.779364999972259,29.014417000224125],[-95.779401999782166,29.014537999858423],[-95.779665000446229,29.015163999663397],[-95.779939999907526,29.01606600014523],[-95.779965000021875,29.016197999631721],[-95.779965000021875,29.016308000122383],[-95.779920999640936,29.0165169997892],[-95.779832999777398,29.016654000344889],[-95.779727000370499,29.01679700001441],[-95.779589000278236,29.016923000064498],[-95.779358000299553,29.017049999971888],[-95.779000999924179,29.017209000031777],[-95.778725999564571,29.017351999718446],[-95.778412999570136,29.017429000313729],[-95.77802599995583,29.017461999765736],[-95.777619000250056,29.01745599972331],[-95.776774999802953,29.017407000149515],[-95.776524999557722,29.01749399998597],[-95.776236999677621,29.017665000209501],[-95.776098999585358,29.017890000320389],[-95.77612399969972,29.018093999923916],[-95.776218000309356,29.018268999936581],[-95.776348999830603,29.018444999650338],[-95.776523999732802,29.018577000024372],[-95.7766869999394,29.018659999679205],[-95.777042999591572,29.018737000084901],[-95.777487000005578,29.018808999677809],[-95.777893999711353,29.018923999709013],[-95.778112999994477,29.019011999830859],[-95.779381999690685,29.01968900007294],[-95.780300999582551,29.020013000358006],[-95.781432999909725,29.020349000161886],[-95.781689999827677,29.020507999856441],[-95.781846000361597,29.020639999950408],[-95.782027000111569,29.020870999708901],[-95.782070999594183,29.02101399982417],[-95.782165000203818,29.021349000329636],[-95.782108000302429,29.021568999648405],[-95.78198299973063,29.021733999615421],[-95.7815579995832,29.022101999682405],[-95.781325999779597,29.022244999664156],[-95.781082000280449,29.022372000097164],[-95.780851000301766,29.022432000006209],[-95.780756999692102,29.022420999672029],[-95.780544999980023,29.022289000283408],[-95.780338000290769,29.022101999682405],[-95.780194000350733,29.022019999614567],[-95.779975999892542,29.021987000047805],[-95.779693999860228,29.021974999702884],[-95.779600000148889,29.021991999863836],[-95.779306000421016,29.0221070002784],[-95.779093999810598,29.022250000253216],[-95.77886200000701,29.022432000006209],[-95.778692999952597,29.022613000266801],[-95.778543000164788,29.02281100023626],[-95.778337000300453,29.023156999882502],[-95.778066999963727,29.0243060002752],[-95.77799800036675,29.024553000274686],[-95.778005000039428,29.024800999619355],[-95.778072999811499,29.02499299971646],[-95.778360999691571,29.025246000019241],[-95.778461000149022,29.025449000087242],[-95.778529999745984,29.025696999636409],[-95.778554000035442,29.025843999841779],[-95.778566999555906,29.025927999865239],[-95.778565999731001,29.02594099967569],[-95.778554000035442,29.02609299993669],[-95.778511000377733,29.026257999744487],[-95.778548000187641,29.026504999787512],[-95.778728999937613,29.026718999614214],[-95.778892000144239,29.026883999992627],[-95.779111000427349,29.027059999948516],[-95.77936699962207,29.027203000133593],[-95.779636000133905,29.027335000309911],[-95.779873999785266,29.02748400035971],[-95.779937000432781,29.02754000001708],[-95.780098999916177,29.027681999629319],[-95.780368000428012,29.027896000158353],[-95.780601999881412,29.028043000374922],[-95.780905999655033,29.028133000388166],[-95.781093000151088,29.028115999667321],[-95.781449999628151,29.02802800023418],[-95.78163799994914,29.028022999924932],[-95.781905999737745,29.028099999633149],[-95.782015000415996,29.028079999979685],[-95.782144000287417,29.027939999940561],[-95.782212999884408,29.027847000039692],[-95.782331999710095,29.027720999964338],[-95.78251900020615,29.027687999863065],[-95.782632000184066,29.027698999636154],[-95.782900999797576,29.027776000371475],[-95.783106999661896,29.027797999897722],[-95.783308000401675,29.02776499982112],[-95.783458000189484,29.027693000188531],[-95.783644999787242,29.027731999733906],[-95.783838999956004,29.027864000019402],[-95.783901999705179,29.027946000159353],[-95.784002000162616,29.028039999875663],[-95.784064000086886,29.028187999790401],[-95.784070999759592,29.028396999765032],[-95.784058000239114,29.028545999853151],[-95.783963999629478,29.028907999830306],[-95.783939000413426,29.029265999752855],[-95.783945000261212,29.029496999851272],[-95.783982999896054,29.02974400000021],[-95.784083000353462,29.029909000256971],[-95.784114000315597,29.030029999806409],[-95.784120000163398,29.030211000101009],[-95.784095000049049,29.030359999927455],[-95.783988999743826,29.030431000175046],[-95.783864000070366,29.03046400018496],[-95.783657000381126,29.03046400018496],[-95.783531999809341,29.030441999655881],[-95.783362999754928,29.030431000175046],[-95.783193999700529,29.030518999916278],[-95.783131999776245,29.030573999618301],[-95.783057000331496,29.030683999719827],[-95.782781000146983,29.03103599972842],[-95.782056000423879,29.031321000009676],[-95.781854999684114,29.031452999633622],[-95.781798999607616,29.03161800030065],[-95.781786999912057,29.031700999684396],[-95.781605000337166,29.032084999778444],[-95.781454999651046,29.032256000189054],[-95.781307000411331,29.032417999985999],[-95.780729000103022,29.03305300007445],[-95.780329000069926,29.033393000056023],[-95.780041000189854,29.033684999848507],[-95.779596999775833,29.033969999885002],[-95.779396999759314,29.034141000314648],[-95.779289999629185,29.034321999684504],[-95.779283999781413,29.034486999692778],[-95.779334000010124,29.034592000346084],[-95.779440000315319,29.034673999854466],[-95.779539999874444,29.03471299990429],[-95.779665000446229,29.034740000292675],[-95.779833999602303,29.034751000099789],[-95.780146999596752,29.034728999698952],[-95.780427999804147,29.034723999714274],[-95.780571999744197,29.034746000116193],[-95.780709999836461,29.034811999722919],[-95.780934999967357,29.034999000081253],[-95.781066000386915,29.035163999792651],[-95.781073000059621,29.035329000025715],[-95.780890999586433,29.035576000357597],[-95.780827999837229,29.035718999742201],[-95.78081600014167,29.035811999620158],[-95.780821999989456,29.03593899985859],[-95.780953000409013,29.036208000391735],[-95.781103000196836,29.03657599992135],[-95.781109999869528,29.036894999958626],[-95.780996999891627,29.037153999837326],[-95.781016000158203,29.037319000030646],[-95.781047000120338,29.037429000012963],[-95.781128000311199,29.037510999623617],[-95.781252999984673,29.037614999744889],[-95.781365999962574,29.037697999804262],[-95.78176599999567,29.037940000135627],[-95.781985000278766,29.03802799975842],[-95.782222999930141,29.038160000230032],[-95.782523000404112,29.03830799977267],[-95.782792000017636,29.038258999883883],[-95.783380000371679,29.038093999622653],[-95.783724000328277,29.038060999695805],[-95.78414299972961,29.038078000349628],[-95.784274000149182,29.038144000181891],[-95.784637000372342,29.038351000024484],[-95.785131000116749,29.038633000337203],[-95.785275000056785,29.038742999704379],[-95.785357000072565,29.03885299973971],[-95.785449999958985,29.038957999878239],[-95.785500000187696,29.039150000348929],[-95.785487999593826,29.039259999950435],[-95.785432000415639,29.039386000078153],[-95.785368999768124,29.039496000213497],[-95.785230999675861,29.039611999772251],[-95.785030999659327,29.039738000255522],[-95.784699000296627,29.039990999764132],[-95.784404999670443,29.04028800023973],[-95.784161000171281,29.040497000062025],[-95.783916999773794,29.040732999852253],[-95.783829999735175,29.040903000291831],[-95.783817000214682,29.04105200039141],[-95.783854999849524,29.041162000321595],[-95.783915000123983,29.041279000140051],[-95.784017000231245,29.041419999926251],[-95.784085999828207,29.04162400016158],[-95.784105000094783,29.041761000389648],[-95.784110999942556,29.041953000357353],[-95.78398600026911,29.042646000312196],[-95.783885999811659,29.042838000203822],[-95.783547999702861,29.043229000359347],[-95.783290999784924,29.043453999734975],[-95.783072000400111,29.043568999802325],[-95.782853000117015,29.043641000141225],[-95.782703000329164,29.043657000122419],[-95.782577999757393,29.043645999693879],[-95.782433999817329,29.043580000239146],[-95.782258999915157,29.043475999846585],[-95.782051000401012,29.043420000195869],[-95.782022999913607,29.043411999794554],[-95.781934000225149,29.043388000157488],[-95.781740000056388,29.043459000082059],[-95.78165200019285,29.043530999712342],[-95.781446000328515,29.043546999710614],[-95.781133000334066,29.043497000198617],[-95.780914000050956,29.043447999632349],[-95.780550999827796,29.04344200031473],[-95.780237999833361,29.043447999632349],[-95.779937000432781,29.043501999758195],[-95.779868999762414,29.043513999956886],[-95.779388000436782,29.043661999674313],[-95.77908100029012,29.043842999623859],[-95.778923999931294,29.044014000187023],[-95.778774000143457,29.044239000206908],[-95.77870499964817,29.04443100027564],[-95.778630000203407,29.044595999828406],[-95.778523999898212,29.044723000251643],[-95.778399000224724,29.044766999928953],[-95.778292000094609,29.044766999928953],[-95.778210999903763,29.044717000222803],[-95.778098999750753,29.044623999731119],[-95.777974000077293,29.044503000012995],[-95.777872999794951,29.044376000104322],[-95.777729999679821,29.044326999955572],[-95.777604000181441,29.044326999955572],[-95.777466999914097,29.044360000234622],[-95.777328999821819,29.044558000116606],[-95.777260000224857,29.044870999805564],[-95.777266000072629,29.045051999990207],[-95.776972000344784,29.045690000078757],[-95.776883999582907,29.046020000390826],[-95.776886999955963,29.046129000007351],[-95.776897000001696,29.046405000336968],[-95.776965999598659,29.04679499981718],[-95.777015999827384,29.046904999907394],[-95.777153000094728,29.04705300025779],[-95.777213000369187,29.047107000067502],[-95.777334999669606,29.047218000329217],[-95.777415999860466,29.047361000072893],[-95.777497000051312,29.047889000309045],[-95.777415999860466,29.047982000213551],[-95.777291000186992,29.0480040001449],[-95.777139999675938,29.047911000260243],[-95.777028000421268,29.047860999721856],[-95.776911000245406,29.047882999679018],[-95.776900000374752,29.047884999889096],[-95.776852999620758,29.047893999655855],[-95.776833000427601,29.0480289999898],[-95.776954999728034,29.048245999865536],[-95.7769539999031,29.048824000379813],[-95.776665000198108,29.049617999659315],[-95.776459000333787,29.04994200024634],[-95.776456999785651,29.05037600013133],[-95.776620999817169,29.050629000254933],[-95.776619999992249,29.050881999757987],[-95.776414000127929,29.051098000233214],[-95.776168000080659,29.051241999775197],[-95.776085000239959,29.051387000365203],[-95.776084000415054,29.051964999770526],[-95.77607400036932,29.051976000097376],[-95.776059000300705,29.051992000356439],[-95.775990999630324,29.052062999856712],[-95.775877999652423,29.052181000333714],[-95.77563199960511,29.052289000052994],[-95.775056999669843,29.052395999990619],[-95.774645999766122,29.052611999651205],[-95.77415399967154,29.052646999753527],[-95.773742999767805,29.052862999673774],[-95.773454999887704,29.052862000009661],[-95.77312699982464,29.052789000159191],[-95.772840999594379,29.052571999631809],[-95.772146999833424,29.052281000339466],[-95.772125000092117,29.052272000170159],[-95.772062000342927,29.052244999657525],[-95.771118000336713,29.052206999622072],[-95.770586000059154,29.051880999734749],[-95.770134999972456,29.051880000061097],[-95.769806000084486,29.052096000016988],[-95.769067000117673,29.052167000230902],[-95.768532000365383,29.052744000311755],[-95.768409000341748,29.052742999861167],[-95.767793000398584,29.053030999647952],[-95.767545999628069,29.053247000334519],[-95.767544999803164,29.053680999662987],[-95.767667000001907,29.053969999625021],[-95.767666000176987,29.05429500032669],[-95.767172000432566,29.054835999718737],[-95.767049000408917,29.055051999766089],[-95.767046999860781,29.055449999788326],[-95.766943999928628,29.055612000079705],[-95.766758000155789,29.056062999710292],[-95.76675700033087,29.056532999735637],[-95.766878999631288,29.056822000343427],[-95.766877999806397,29.057256000332444],[-95.766179000022561,29.057941000293258],[-95.766055000174006,29.058193000307778],[-95.766054000349087,29.058590999986222],[-95.766218000380618,29.058735000059624],[-95.766423000420019,29.05873599966683],[-95.767080000371053,29.058520999877857],[-95.767408000434116,29.058520999877857],[-95.767694999590987,29.058701999667942],[-95.767734999773964,29.059027999980735],[-95.767528999909629,29.059352000060489],[-95.76720000002166,29.059640999834819],[-95.766569000009895,29.059930000369608],[-95.766005999770186,29.059874999824867],[-95.765836999715802,29.059831000310236],[-95.765625000003695,29.059798000269293],[-95.76538700035232,29.059864000340607],[-95.765249000260056,29.059969000295542],[-95.76516800006921,29.060085000390654],[-95.765162000221409,29.060095999851388],[-95.765111000167792,29.060188000149132],[-95.765049000243508,29.060457999866177],[-95.765041999672519,29.060616999805003],[-95.765041999672519,29.060721999778369],[-95.765086000053444,29.060848000390489],[-95.765142000129927,29.060930999818382],[-95.765286000069963,29.061051999895867],[-95.765635999874348,29.061266000321229],[-95.766074000440582,29.061430999641445],[-95.767112999983027,29.061948000041671],[-95.767907000201404,29.062234000101654],[-95.768133000157206,29.062278000161228],[-95.768663999711535,29.062333000209343],[-95.76888999966738,29.062492999968281],[-95.769064999569551,29.06263599973412],[-95.769320999662582,29.063004000004078],[-95.769433999640484,29.06329000027544],[-95.769590000174418,29.063598000284419],[-95.769871000381798,29.064895000199041],[-95.770032999865208,29.065550000084308],[-95.770120999728746,29.065698000374972],[-95.770201999919607,29.065869000037797],[-95.770446000317065,29.066209999762947],[-95.770752999565431,29.066357999891224],[-95.771058999887174,29.066441000379513],[-95.77134699976726,29.066456999964551],[-95.7715040001261,29.066445999612128],[-95.77165999976171,29.066408000098782],[-95.771778999587397,29.066347000313431],[-95.772123000442292,29.066082999886575],[-95.772341999827091,29.065836000359145],[-95.772618000011619,29.065368999752877],[-95.772806000332594,29.065089000167227],[-95.772975000387007,29.064879999919146],[-95.773244000000503,29.064632999864813],[-95.773424999750475,29.064501000289326],[-95.773712999630561,29.064445999827456],[-95.773976000294624,29.064440000160754],[-95.774201000425506,29.064473000286277],[-95.774514000419956,29.064555999936665],[-95.775282999625659,29.064726999923476],[-95.776034000186357,29.06482599999277],[-95.77673499961999,29.064902999719241],[-95.777799000175108,29.065035000350392],[-95.777950999612756,29.065059999992844],[-95.778724999739651,29.065189000218766],[-95.780333000267916,29.065497000050538],[-95.78087700024102,29.065591000106519],[-95.781102000371931,29.065668000046735],[-95.781446000328515,29.065811000119691],[-95.781584000420779,29.065899000307539],[-95.781689999827677,29.066013999690341],[-95.781796999957805,29.066091000099792],[-95.782027999936474,29.066317000174067],[-95.782159000356032,29.066465000148739],[-95.782484999870974,29.066744999922804],[-95.78264700025268,29.066871999768694],[-95.783217000165067,29.067080999904043],[-95.783561000121651,29.067163000284687],[-95.783967999827439,29.067234999856549],[-95.784099000247011,29.067246000124779],[-95.784254999882606,29.067279000137223],[-95.784392999974855,29.067378000111191],[-95.784623999953553,29.067521000167467],[-95.78502499981154,29.067861999923835],[-95.785280999904586,29.068109000092772],[-95.78666400030194,29.068746999662661],[-95.787515000421735,29.069021999626525],[-95.788297000046228,29.069302999811089],[-95.788522000177139,29.069418000107135],[-95.788748000132941,29.06951700038217],[-95.788909999616337,29.069615999776897],[-95.789066999975162,29.069725999865319],[-95.789272999839497,29.069929000362517],[-95.789283999710136,29.069946999973492],[-95.789292999930964,29.06996299979949],[-95.789398000411268,29.070143999915597],[-95.789504999643071,29.070341999760938],[-95.789605000100508,29.070468000392395],[-95.789735999621769,29.070566999658816],[-95.789935999638303,29.070654999712126],[-95.790411999839364,29.070797999932811],[-95.790705999567237,29.070848000342004],[-95.79109399990476,29.070957999900635],[-95.791349999997806,29.071006999958904],[-95.791618999611288,29.071117000132986],[-95.791826000198867,29.071210999774731],[-95.791989000405465,29.071326000297329],[-95.792094999812377,29.071436000130952],[-95.792427000073374,29.071865000087445],[-95.792519999959808,29.071942000051671],[-95.792627000089936,29.072008000199599],[-95.792695999686899,29.072018999958427],[-95.792996000160869,29.072023999705657],[-95.793101999567767,29.072035000247858],[-95.793221000291766,29.072089999801005],[-95.793433999828778,29.072221999864908],[-95.793622000149767,29.072425999631129],[-95.793664999807476,29.072486000270658],[-95.793684000074037,29.072623000330665],[-95.793684000074037,29.072794000281888],[-95.793759000417111,29.072975000136871],[-95.793934000319297,29.073217000140385],[-95.794002999916273,29.073261000222772],[-95.794171999970672,29.073293999879592],[-95.794335000177298,29.073393000357015],[-95.794472000444642,29.073597000160628],[-95.794585000422543,29.073920999988506],[-95.79465400001952,29.07401999986357],[-95.794772999845208,29.074124000074065],[-95.794972999861756,29.074200999920631],[-95.795066999573066,29.074255999888013],[-95.795122999649564,29.074300000311851],[-95.795153999611713,29.074365999734688],[-95.795167000030503,29.074602999990272],[-95.795153999611713,29.074717999868199],[-95.795073000319178,29.075026000274466],[-95.795054000052602,29.075168999925847],[-95.795054000052602,29.075360999722172],[-95.795116999801792,29.075592000242001],[-95.795197999992652,29.076251999995254],[-95.795285999856191,29.07660399996708],[-95.795304000297847,29.076718999967127],[-95.795386000313627,29.07686699992167],[-95.795466999606148,29.076960999814222],[-95.795654999927137,29.077081999917215],[-95.795829999829309,29.077169999902882],[-95.79596100024888,29.077317999994722],[-95.796074000226795,29.07746700008461],[-95.796436999551631,29.077807999906383],[-95.796587000237793,29.077928000378662],[-95.796737000025601,29.078120999948894],[-95.79690600008,29.078522000226691],[-95.796925000346576,29.078835999867689],[-95.796918999600479,29.07918200005405],[-95.797005999639126,29.079939999859128],[-95.797075000134399,29.080099999763874],[-95.797213000226662,29.080188000312141],[-95.797368999862286,29.080259000021631],[-95.797532000068898,29.080308999765656],[-95.797701000123297,29.08029800010668],[-95.797805999705275,29.080259000021631],[-95.797957000216343,29.080176999855155],[-95.798169999753355,29.080137999724357],[-95.798276999883484,29.080144000047373],[-95.798488999595591,29.080209999652364],[-95.798620999840068,29.08023199977297],[-95.799028000444153,29.080209999652364],[-95.799139999698838,29.080192999663012],[-95.799540999556825,29.080099999763874],[-95.800154000025231,29.079918999862976],[-95.800478999715239,29.079803000106288],[-95.800841999938399,29.079709999855101],[-95.801098999856364,29.079747999959459],[-95.801293000025126,29.079842000363964],[-95.801467999927297,29.079989999757917],[-95.801606000019561,29.080238000090567],[-95.801623999562921,29.080474000004671],[-95.801512000308222,29.0811609999007],[-95.801399000330321,29.081490999740584],[-95.801242999796401,29.082057000306619],[-95.801261000238071,29.082195000366998],[-95.801329999835048,29.082320999851088],[-95.801424000444683,29.082446999966137],[-95.801586999752985,29.082491000032302],[-95.801825000302685,29.082518999850535],[-95.801912000341318,29.082518999850535],[-95.802074999649619,29.082585000289139],[-95.802155999840465,29.082629000296361],[-95.802243999704018,29.082694999879486],[-95.802356999681919,29.082810000146321],[-95.802394000390166,29.082886999782133],[-95.802493999949277,29.083002999991542],[-95.802606999927178,29.083288000350596],[-95.802713000232387,29.083426000331968],[-95.802820000362516,29.083513999609234],[-95.802981999845912,29.083591000288969],[-95.803139000204752,29.083679000210275],[-95.803182999687365,29.083722999750211],[-95.803294999840347,29.083870999849061],[-95.803388999551672,29.083997999785481],[-95.803545999910526,29.084491999897558],[-95.803551999758312,29.084839000067856],[-95.803539000237819,29.085333000071806],[-95.803551999758312,29.085668999893535],[-95.803571000024874,29.085855999887279],[-95.803557999606085,29.085993000225571],[-95.803564000352182,29.086168999814014],[-95.803524000169205,29.086502999802892],[-95.803508000275684,29.086630999756022],[-95.803514000123471,29.086862000127393],[-95.803551999758312,29.087124999800583],[-95.803545999910526,29.087318000196142],[-95.803564000352182,29.087548999811723],[-95.803607999834796,29.087801999768182],[-95.803677000330083,29.087999000113733],[-95.803776999889209,29.088191999656448],[-95.803901999562669,29.088372999936212],[-95.804103000302433,29.088555000000824],[-95.804289999900178,29.088746999970564],[-95.80445300010679,29.088894999915517],[-95.804777999796812,29.089154000288691],[-95.805122999578316,29.089341000235066],[-95.805392000090137,29.089533000309423],[-95.805541999877974,29.08970399966951],[-95.805673000297546,29.089884999646909],[-95.8057489995672,29.090054999904098],[-95.805798999795925,29.090413000322243],[-95.80590500010112,29.090538999958415],[-95.806023999926822,29.090544999675611],[-95.80614299975251,29.090566999943857],[-95.80629900028643,29.090527999821887],[-95.806406000416558,29.090516999684176],[-95.806517999671229,29.090489999769321],[-95.806694000296631,29.090472999906577],[-95.807049999948802,29.090698999884825],[-95.807157000078917,29.090743000350873],[-95.807331999981102,29.090725999744834],[-95.807487999616711,29.090686999683079],[-95.80760700034071,29.090698999884825],[-95.80765699967111,29.090720000038235],[-95.807794999763388,29.090890999782307],[-95.807808000182163,29.090950999873101],[-95.807875999954234,29.091099999868906],[-95.807983000084349,29.091177000372323],[-95.80830199992657,29.091226000234517],[-95.808564999692294,29.091280999747717],[-95.808764999708842,29.091276000149985],[-95.808922000067668,29.091248000357325],[-95.809102999817654,29.091116000335074],[-95.809266000024266,29.090907000280939],[-95.809397000443838,29.090785999931757],[-95.810235999969748,29.090307999984333],[-95.810599000192909,29.09012699996541],[-95.811017999594242,29.089966999935314],[-95.811287000106077,29.089884999646909],[-95.811513000061879,29.089830000173148],[-95.811656000177024,29.089818999960897],[-95.811893999828385,29.089857000261052],[-95.813264999631855,29.089934000123865],[-95.813633999702787,29.089983999881643],[-95.814135000018226,29.090033000311479],[-95.814422999898312,29.08998900032703],[-95.814617000067074,29.089884999646909],[-95.814836000350198,29.08984600005169],[-95.815417999958143,29.089857000261052],[-95.815561999898193,29.08984100038429],[-95.815693000317765,29.08980199998733],[-95.815874000067737,29.08968699967695],[-95.816105999871311,29.089692000136839],[-95.816350000268798,29.089823999629353],[-95.816494000208834,29.089834999841081],[-95.816844999838125,29.089757999904247],[-95.817194999642481,29.089599000178723],[-95.817552000017855,29.08950000035891],[-95.817577000132218,29.089498000171275],[-95.817656999599848,29.089491000299208],[-95.817704000353828,29.089486999923544],[-95.81775799988219,29.089483000332688],[-95.817958999723629,29.089592999621452],[-95.818109000409791,29.089696999811451],[-95.818302999680228,29.089785000011016],[-95.818834999957787,29.089911999720332],[-95.819184999762157,29.090110000042706],[-95.819598000214029,29.090389999935905],[-95.819799000055482,29.090488999685146],[-95.819999000072016,29.090533000240924],[-95.820204999936351,29.090526999738017],[-95.820718999772239,29.09043399974896],[-95.821206999668874,29.09049400010608],[-95.821775999756355,29.090641999895375],[-95.822127000283956,29.090680999974165],[-95.823083999810635,29.09058199962455],[-95.825287000365634,29.090318000058517],[-95.825525000017009,29.090301000167315],[-95.825731999706235,29.090251999864993],[-95.82588800024017,29.090152999887973],[-95.826038000027992,29.089998999647193],[-95.826232000196754,29.089883000251763],[-95.826444999733766,29.089772999702774],[-95.826757999728216,29.089685000277978],[-95.827013999821261,29.089669000374489],[-95.827452000387495,29.089658000145025],[-95.827808999864544,29.089695999719581],[-95.828085000049072,29.089762000269378],[-95.82840999973908,29.089662999821304],[-95.828654000136567,29.089459999738633],[-95.828742000000105,29.089366000260902],[-95.828866999673579,29.089085999938547],[-95.828967000130987,29.089019999740483],[-95.829041999575765,29.088921000149096],[-95.829116999918824,29.088915000337284],[-95.829210999630149,29.088997999926725],[-95.829311000087586,29.089047000040743],[-95.829443000332077,29.089267000217102],[-95.829604999815459,29.089432000237235],[-95.829649000196383,29.089492999701985],[-95.829781000440875,29.08967400005022],[-95.829896999893506,29.089742000012105],[-95.829949999596963,29.089772999702774],[-95.830036999635581,29.089839000203284],[-95.830325000413993,29.090025000387055],[-95.830557000217595,29.090343999932834],[-95.830638000408442,29.09043200036448],[-95.830720000424208,29.090493000021894],[-95.830825999831106,29.090602999801813],[-95.830951000402891,29.090685000303509],[-95.831270000245127,29.090839000303315],[-95.831401999591293,29.090916000216883],[-95.831577000391775,29.091107999709834],[-95.831758999966667,29.091332999788456],[-95.831978000249762,29.091701999700973],[-95.832034000326274,29.091883000091574],[-95.832015000059698,29.092251000321038],[-95.831984000097549,29.092427000204815],[-95.831996999618028,29.092531999952108],[-95.832077999808888,29.09260900016967],[-95.832172000418524,29.092652999819588],[-95.832478999666861,29.092740999848029],[-95.832847999737822,29.092927000285073],[-95.832960999715723,29.093032000307435],[-95.833022999639994,29.093109000151152],[-95.83320500011321,29.093289999638525],[-95.833568000336371,29.093697000055986],[-95.833836999949867,29.093972000148625],[-95.834000000156507,29.094070000329552],[-95.834144000096543,29.094114000140152],[-95.834237999807868,29.094098000139848],[-95.834349999960864,29.094054000322402],[-95.83443199997663,29.093992999634562],[-95.834601000031014,29.093827999857783],[-95.834837999857484,29.093570000304737],[-95.834989000368537,29.093322999944437],[-95.835170000118509,29.093097000230262],[-95.835333000325122,29.092931999802616],[-95.835488999960745,29.09282799973975],[-95.83580199995518,29.092707000077848],[-95.836015000390518,29.092689999796111],[-95.836171000026141,29.092707000077848],[-95.836253000041893,29.092739999785671],[-95.836453000058427,29.092850000305237],[-95.837016000298135,29.093349999901413],[-95.83732900029257,29.093652000013673],[-95.837829999709683,29.094206999945552],[-95.83819999960555,29.094713000276258],[-95.83841899988866,29.094948999992774],[-95.838525000193869,29.09508600000909],[-95.838669000133905,29.095481999999713],[-95.838731999883095,29.095794999713377],[-95.838776000264019,29.095955000107345],[-95.838801000378382,29.096377999843288],[-95.838788999784512,29.096565000015076],[-95.838801000378382,29.096911000301944],[-95.83888900024192,29.097323999857078],[-95.838957999838911,29.097428000088282],[-95.839044999877544,29.097597999666412],[-95.839233000198519,29.097747000247846],[-95.839420999621183,29.097912000023722],[-95.839740000361729,29.098076000309565],[-95.839991000431894,29.098191999894532],[-95.840195999572984,29.098257999708284],[-95.840219999862441,29.098265999778018],[-95.840307999725994,29.098294000017042],[-95.8406540002307,29.098406000112149],[-95.840961000377376,29.098476999821983],[-95.841142999952254,29.098510000035262],[-95.841498999604397,29.098619999884875],[-95.841731000306297,29.098922000237838],[-95.841799999903287,29.098972000340716],[-95.841893999614598,29.099092999704357],[-95.842087999783374,29.099564999709226],[-95.842188000240796,29.099746999615231],[-95.842206999609061,29.099917000073482],[-95.84216899997422,29.100054999749585],[-95.842132000164312,29.100147999682868],[-95.842031999706862,29.100230999636864],[-95.841850000131998,29.100319000252547],[-95.841275000196731,29.100373999618],[-95.841212000447527,29.10039500015294],[-95.841152000173082,29.100415999898605],[-95.841049000240929,29.100451000250157],[-95.840948999783478,29.100532999973161],[-95.840898999554767,29.10065999976938],[-95.840905000300893,29.100846000028685],[-95.840962000202268,29.101061000205025],[-95.841030999799258,29.101164999800627],[-95.841419000136781,29.101527999935456],[-95.841757000245565,29.101770000360737],[-95.842144999684763,29.101994999901883],[-95.842370999640593,29.102104999952061],[-95.842558000136648,29.102226000342426],[-95.842859000435524,29.102450999671774],[-95.842928000032501,29.102615999756861],[-95.842978000261212,29.102781000362405],[-95.842891000222579,29.103467999797584],[-95.842902999918138,29.103875000007736],[-95.8430970000869,29.104259999700986],[-95.843504999617593,29.105155000119623],[-95.843574000112866,29.105451999657671],[-95.843498999769807,29.105820999982758],[-95.843198000369256,29.106310000136368],[-95.843205000041934,29.106567999940765],[-95.843487000074248,29.106902999612927],[-95.843593000379457,29.106969000120259],[-95.843723999900718,29.107023999856668],[-95.843842999726391,29.107019000238644],[-95.844056000161743,29.106991000018375],[-95.844130999606492,29.106958000169502],[-95.844468999715289,29.106869999735782],[-95.844770000014151,29.106803999949854],[-95.845113999970749,29.106764999699617],[-95.845452000079547,29.106803999949854],[-95.845928000280608,29.106929999932628],[-95.846115999703287,29.107051000144615],[-95.846241000275072,29.107165999896438],[-95.846334999986382,29.107275999914176],[-95.846379000367307,29.107430000212318],[-95.846379000367307,29.107578999904305],[-95.846360000100759,29.107693999850984],[-95.846309999872034,29.1077989997241],[-95.846202999741905,29.107914000209743],[-95.845991000029798,29.108117000009496],[-95.845796999861065,29.108281999644436],[-95.845102000275176,29.108837999877096],[-95.844696000394322,29.109228000136415],[-95.844107000215345,29.109942999912164],[-95.843944999833653,29.110189999636191],[-95.843795000045816,29.110442999679339],[-95.843656999953566,29.110745999762408],[-95.843575999762706,29.110981999607898],[-95.843569999914905,29.111235000058159],[-95.843645000257993,29.112108999752515],[-95.843708000007183,29.112416999779345],[-95.843708000007183,29.112531999812902],[-95.843670000372356,29.112674999968778],[-95.843608000448071,29.112780000253014],[-95.843544999800557,29.112862000355676],[-95.843239000377125,29.113110000000347],[-95.843045000208377,29.113208999875081],[-95.842718999795139,29.113356999970001],[-95.84265699987084,29.113440000258819],[-95.84251600030386,29.11373100027923],[-95.842425000067266,29.113918000316367],[-95.84234399987642,29.114022000261336],[-95.842261999860639,29.114094000040865],[-95.842050999973452,29.114206000208224],[-95.842025000034184,29.114219999730036],[-95.841953000064166,29.114235999741819],[-95.841898999637493,29.114248000337632],[-95.841803000276329,29.11423999994058],[-95.841517999870973,29.11421499967684],[-95.841260999953036,29.11420999962332],[-95.841118999662797,29.114261999853735],[-95.841010999707763,29.11436399974647],[-95.840897999729862,29.114500999820216],[-95.840804000018537,29.11468800002741],[-95.840773000056387,29.114940999997547],[-95.840804000018537,29.115099999821705],[-95.840821999561882,29.11519499997452],[-95.841035999822125,29.115424000139175],[-95.841193000180965,29.115556000382892],[-95.8415060001754,29.115720999860763],[-95.841780999636697,29.115890999830814],[-95.842062999669025,29.116072999902865],[-95.842225999875623,29.116199000307397],[-95.84232600033306,29.116347999857965],[-95.842404000150864,29.116518000361495],[-95.842439000310961,29.116594999901547],[-95.842431999739958,29.116665999620029],[-95.842344999701311,29.116797999839694],[-95.842231999723424,29.116919000219241],[-95.842087999783374,29.117018000352569],[-95.841885000292095,29.11707800012541],[-95.841875000246347,29.117084999691162],[-95.841644000267664,29.117281999719154],[-95.841580999620163,29.117354000356251],[-95.8415060001754,29.117541000086135],[-95.841475000213265,29.117738000025629],[-95.841469000365493,29.117953000226141],[-95.841481000061052,29.118090000229024],[-95.841518999695893,29.118299000025111],[-95.841537999962455,29.118634999768396],[-95.841518999695893,29.119024999775842],[-95.841501000152519,29.119140000270491],[-95.841450999923822,29.119255999656467],[-95.841400999695111,29.119338000090618],[-95.841301000135999,29.119458999836667],[-95.841168999891522,29.119585999819126],[-95.841030999799258,29.119750999895846],[-95.840875000163649,29.119894000219098],[-95.840762000185748,29.120080000243281],[-95.840718999629715,29.120333000293158],[-95.840669000299314,29.120542000240324],[-95.840650000032753,29.120823000326013],[-95.84045000001619,29.121460000017777],[-95.840412000381377,29.121669000029087],[-95.840405999635266,29.121862000007827],[-95.840424999901842,29.121999000297443],[-95.840475000130553,29.12209200001773],[-95.840706999934156,29.122329000291675],[-95.840776000429443,29.12241099984541],[-95.840913999623382,29.122648000168997],[-95.840944999585517,29.122785000196355],[-95.840963999852107,29.123115000022768],[-95.840858000445209,29.123608999976479],[-95.840825999759844,29.123989000016316],[-95.840726000200732,29.1242470002178],[-95.840501000069835,29.12451099986346],[-95.84013700002177,29.124999999860229],[-95.840005999602184,29.125220000093698],[-95.839875000080937,29.125543999922961],[-95.839736999988673,29.12578600036472],[-95.839593000048637,29.125983999945781],[-95.839468000375149,29.126175999936454],[-95.839281999704014,29.126587000280789],[-95.839179999596766,29.126813999946254],[-95.839049000075505,29.12700599995658],[-95.838989999625966,29.127115999948057],[-95.838961000211953,29.1271709998997],[-95.838823999944609,29.127479000340703],[-95.838736000081056,29.127846999627373],[-95.838635999623634,29.128083999978333],[-95.838505000102373,29.128639000192315],[-95.838336000047974,29.12886399982856],[-95.838160000320883,29.129128000175992],[-95.838003999786949,29.129292999852776],[-95.837609999601668,29.12967800016126],[-95.837541000004677,29.129913999729396],[-95.837560000271267,29.130133999650255],[-95.837634999716016,29.130392999824011],[-95.837785000402164,29.130601999727894],[-95.837947999710465,29.131249999758914],[-95.837972999824814,29.131679000028171],[-95.837922999596103,29.132019999971163],[-95.83791699974833,29.132223000065142],[-95.837930000167106,29.132524999872945],[-95.837930000167106,29.132888000000904],[-95.837879999938394,29.133119000128225],[-95.837761000112707,29.133563999803812],[-95.837848999976259,29.134179999908714],[-95.838074000107156,29.135098000341046],[-95.838161999970708,29.135296000036469],[-95.838230999567685,29.13538399969147],[-95.838350000291669,29.135603999676388],[-95.838399999622069,29.135751999715179],[-95.838406000368181,29.135867000335129],[-95.83838799992651,29.135988000248052],[-95.838319000329548,29.136279999665383],[-95.838305999910745,29.136428000300107],[-95.838319000329548,29.13681299978137],[-95.83848199963785,29.136955999916381],[-95.838594999615751,29.137077000116701],[-95.838788999784512,29.137378999787614],[-95.838945000318446,29.137526999624527],[-95.839044999877544,29.137708999852837],[-95.839177000122021,29.137884999663601],[-95.839295999947709,29.138083000267404],[-95.839321000062057,29.138236000330082],[-95.839340000328647,29.138725999787837],[-95.83949000011647,29.138945999681205],[-95.839521999903525,29.139099000028466],[-95.839572000132236,29.139214999652701],[-95.839678000437445,29.139368999993263],[-95.839829000050173,29.139748000240886],[-95.839978999838024,29.140071999793683],[-95.840017000371162,29.140181999927865],[-95.840048000333297,29.140518000350362],[-95.840079000295432,29.140703999943721],[-95.840066999701563,29.140918999986454],[-95.840017000371162,29.141073000127438],[-95.839860999837228,29.141424999695179],[-95.839798000088038,29.141643999716134],[-95.839786000392479,29.141957999806024],[-95.839810999608517,29.142145000298289],[-95.839880000103818,29.142260000041805],[-95.840029999891641,29.142381000274323],[-95.840179999679464,29.142517999898782],[-95.840348999733862,29.142644999645196],[-95.840480999978354,29.142705000156536],[-95.840612000397911,29.142710999970383],[-95.840844000201514,29.142705000156536],[-95.841470000190384,29.142655999702313],[-95.841864000375693,29.142556999930235],[-95.842491000189497,29.142357999735346],[-95.842722000168166,29.142297999805958],[-95.842909999590844,29.142286999710471],[-95.843117000178395,29.142297999805958],[-95.843297999928367,29.142368999823159],[-95.843486000249328,29.1424849996795],[-95.843610999922802,29.142655000125146],[-95.843661999976419,29.142868999649391],[-95.843692999938582,29.143232000122019],[-95.84360500007503,29.143495999660356],[-95.84360500007503,29.143731999672053],[-95.843743000167279,29.144072999642422],[-95.843861999992967,29.144178000035865],[-95.84401299960571,29.144337000158409],[-95.844287999965317,29.144677999690206],[-95.84466399970897,29.145106000066388],[-95.844751999572509,29.145232999752576],[-95.844970999855633,29.145375999940249],[-95.845315999637123,29.145431000321558],[-95.845579000301157,29.145447000184475],[-95.845740999784567,29.14544099974578],[-95.845929000105528,29.145463000044824],[-95.846366999773437,29.145605999912444],[-95.846592999729253,29.14564999965059],[-95.847200000349886,29.145815000266211],[-95.847694999919213,29.146089999918772],[-95.848058000142373,29.146232000155916],[-95.848196000234637,29.14646899970019],[-95.848208999755101,29.146677999867652],[-95.848159000424701,29.146859000044518],[-95.848039999700717,29.147112000099778],[-95.84797100010374,29.147469000169242],[-95.848070999662838,29.147799000000425],[-95.848134000310353,29.148228000236081],[-95.848278000250389,29.148415000301274],[-95.848434999710918,29.148672999610014],[-95.848667000412817,29.148919999670085],[-95.848817000200654,29.149184000284684],[-95.848905000064207,29.149239000196545],[-95.848986000255053,29.149260999682323],[-95.849130000195089,29.14928299994796],[-95.849223999906428,29.149342999721274],[-95.849299000249502,29.149568999834109],[-95.849311999769981,29.149739000327322],[-95.849455999710031,29.150051999710413],[-95.849519000357532,29.150157000269868],[-95.849638000183205,29.15024499975204],[-95.849762999856694,29.15042599992093],[-95.849776000275469,29.150524999956357],[-95.849762999856694,29.150722999741106],[-95.849900999948957,29.150925999766105],[-95.850283000438694,29.151179000004731],[-95.850445999746981,29.151409999814927],[-95.85062099964918,29.151630000010421],[-95.850702999664932,29.151877000021447],[-95.850696999817146,29.152101999781415],[-95.850687999596332,29.152183999906086],[-95.850659000182318,29.15244900024425],[-95.850646999588434,29.152838999853614],[-95.850615999626299,29.152904999906585],[-95.850502999648384,29.153003999906467],[-95.850189999653949,29.153350000202558],[-95.85001499975175,29.153570000165629],[-95.849901999773849,29.153740999782961],[-95.849782999948161,29.153889000373436],[-95.849645999680817,29.154004999775392],[-95.849489000220288,29.154092999883638],[-95.8493069997471,29.154230000365626],[-95.849112999578338,29.154444000099993],[-95.849044999806281,29.154620000273276],[-95.849013000019227,29.154780000169119],[-95.849057000400165,29.154978000381547],[-95.849182999898545,29.155186999712292],[-95.849307999572019,29.155340000195146],[-95.849540000273919,29.155681000076981],[-95.850248000278569,29.156110000344651],[-95.850491999777731,29.156489000030167],[-95.850491999777731,29.156923000390623],[-95.850372999952057,29.157021999655647],[-95.850234999859794,29.157099000238283],[-95.850054000109836,29.157237000068314],[-95.849960000398497,29.157335999815075],[-95.849885000055409,29.157605000277446],[-95.84985999994106,29.157978999659036],[-95.850009999728897,29.158434999873034],[-95.850105000163452,29.1587759996766],[-95.85016100023995,29.159033999633667],[-95.850186000354299,29.159936000068758],[-95.850124000430029,29.16006200005549],[-95.849948999629518,29.160189000078599],[-95.849653000251834,29.16031099977997],[-95.849360000348867,29.1604309997435],[-95.849228000104404,29.160380999710352],[-95.848903000414367,29.16011699963385],[-95.848670999712468,29.159985000125577],[-95.848438999908879,29.15990900033167],[-95.848131999762217,29.159913999731494],[-95.847875999669185,29.160084999768618],[-95.847776000110073,29.160211000356959],[-95.84769999994208,29.160348999927404],[-95.847900999783533,29.161453000012315],[-95.848070999662838,29.162040999877114],[-95.848114000218871,29.162349000143358],[-95.848132999587122,29.162712000027522],[-95.8480460004468,29.163163000377882],[-95.848077000408935,29.163361000116382],[-95.848146000005912,29.16355300009241],[-95.84825300013604,29.163707000034307],[-95.848741000032689,29.164069999823955],[-95.84885400001059,29.164228999749],[-95.848947999721915,29.164383000245827],[-95.848955000292918,29.164684999663084],[-95.848930000178569,29.164904999661193],[-95.848905000064207,29.164998999923096],[-95.848560000282703,29.165256999932613],[-95.848498000358433,29.165328999910773],[-95.848385000380517,29.165416999728354],[-95.848310000037458,29.165427000344685],[-95.848078000233855,29.165416999728354],[-95.847921999699935,29.165472000360474],[-95.847846000430266,29.165477000273867],[-95.84775199982063,29.165466000307219],[-95.847545999956296,29.16538899972327],[-95.847376999901897,29.165355999791522],[-95.847207000022578,29.165377999747196],[-95.847051000386969,29.165421999644419],[-95.84673800039252,29.165554000007308],[-95.846555999919332,29.165818000223982],[-95.846538000376,29.165982999818592],[-95.846538000376,29.166203000172885],[-95.846649999630657,29.166367999933076],[-95.846812999837297,29.166658999947813],[-95.846907000446933,29.166747000194132],[-95.846995000310471,29.167066000258711],[-95.847007999830964,29.167225000250195],[-95.84694500008176,29.167374000354176],[-95.846875999586487,29.16747299974039],[-95.846606999972963,29.167637999812616],[-95.846468999880699,29.167637999812616],[-95.846268999864165,29.167604999819371],[-95.845986999831851,29.167500999961486],[-95.845704999799551,29.167478999676394],[-95.845191999788554,29.167556000261516],[-95.844971999680524,29.167665999988703],[-95.844627999723954,29.167869000252562],[-95.844102000192493,29.168418999954824],[-95.843857999795006,29.168632999926842],[-95.843213000437842,29.169034999731071],[-95.843112999980434,29.169028999886066],[-95.842799999985971,29.168914000304923],[-95.842618000411107,29.168820999812716],[-95.842435999937919,29.168672000240253],[-95.842323999784909,29.168557000259085],[-95.842142000210046,29.168436000269484],[-95.841804000101249,29.168254999681615],[-95.841259000303197,29.168161000047832],[-95.840576000412895,29.168079000130103],[-95.840269000266247,29.168085000030636],[-95.840024999868774,29.168172999838969],[-95.839830999700013,29.168304999802267],[-95.839723999569884,29.168442000149156],[-95.839661999645614,29.168585000184517],[-95.839624000010772,29.16870599999854],[-95.839548999667713,29.168804999668968],[-95.839517999705578,29.168892999644431],[-95.83953699997214,29.168996999660873],[-95.839988000058852,29.16955799990826],[-95.840176000379827,29.169761000352519],[-95.840281999786711,29.169964999706696],[-95.840289000357728,29.170205999767123],[-95.840383000069053,29.170513999853835],[-95.840433000297764,29.171036000253686],[-95.840369999650264,29.171327999668051],[-95.840320000319863,29.17144299968222],[-95.84010699988454,29.171674000187483],[-95.839976000363265,29.171762000056447],[-95.839649999950041,29.171932999969393],[-95.839543999644832,29.17201000035088],[-95.839449999933507,29.172097999931761],[-95.839362000069954,29.17224599994811],[-95.839356000222168,29.172367000152654],[-95.839362000069954,29.172503999784251],[-95.839412000298665,29.172668999613037],[-95.839519000428794,29.172801000069487],[-95.839669000216631,29.172888999756537],[-95.83980700030888,29.172944000306966],[-95.840095000188967,29.172877999799777],[-95.840289000357728,29.172894000092995],[-95.840891000057169,29.173031999871412],[-95.841567000274779,29.173405000253677],[-95.841707000016854,29.173521000354842],[-95.841618000328396,29.17360199978657],[-95.840282999611631,29.174818000110413],[-95.838679000179653,29.17628000024343],[-95.83837100020807,29.176564000173041],[-95.840137999846675,29.178085999979142],[-95.841762000268446,29.17948399965174],[-95.841842999560981,29.17955199983675],[-95.841958000087033,29.179652000026948],[-95.843086000216246,29.180629999886545],[-95.852924999588183,29.189088999717086],[-95.852953000075601,29.189113999802398],[-95.853075000274345,29.189223000040517],[-95.854349999818325,29.190359999848429],[-95.854562000428757,29.190548999819711],[-95.854569999926355,29.190555999870043],[-95.854576999599061,29.190562999919905],[-95.854589000192945,29.190574000333381],[-95.854622999629811,29.190604000314391],[-95.854667999835655,29.190644000013947],[-95.854723000087247,29.190693000310887],[-95.85488899976859,29.190841000169378],[-95.857805000351135,29.193314999644613],[-95.85777100001593,29.193344999608012],[-95.857574000372452,29.193517000274255],[-95.857432000082213,29.193640000218167],[-95.857384000401638,29.193682000031291],[-95.85729800018791,29.193757000046968],[-95.857288000142177,29.193766000390237],[-95.857195000255743,29.193847000307112],[-95.855876000330824,29.194998000101581],[-95.855750999759053,29.195104999873781],[-95.855530999651009,29.195295000359401],[-95.855452999833219,29.195361999625288],[-95.85543699993967,29.195375999852626],[-95.85536199959661,29.195440000307382],[-95.855021999837987,29.195732999906365],[-95.854485000435872,29.196195999862255],[-95.854359000039167,29.196304999630826],[-95.853949999785257,29.196658000244376],[-95.849432000318885,29.200551000037105],[-95.849223999906428,29.200729999733522],[-95.849095000034993,29.200843000134462],[-95.849014999669052,29.200912999862332],[-95.844667000081998,29.204675999859997],[-95.844929000022844,29.204907999778182],[-95.848147999655737,29.207651000343553],[-95.848835999568919,29.20823700025797],[-95.850609999778513,29.209736999871385],[-95.850629000045103,29.209752999903646],[-95.854655000315176,29.213156999751703],[-95.855438999589495,29.213819999899282],[-95.857150000049913,29.215275000010617],[-95.859187000025244,29.217007000059983],[-95.859229999682952,29.217030000335789],[-95.859305000026026,29.217052000185706],[-95.859326999767319,29.21705600030041],[-95.861685000133022,29.21919899973042],[-95.867300999591379,29.224052999952772],[-95.874028000358848,29.229702000064215],[-95.875230000107919,29.228507000152106],[-95.881206000314705,29.223233999743407],[-95.884086000013909,29.220621999698388],[-95.88409100003679,29.220591000276134],[-95.884092999686601,29.220579000345474],[-95.884126000196886,29.220485000056229],[-95.884209000037558,29.22036499977845],[-95.884305000297033,29.22026700008762],[-95.884682999690483,29.219880999609416],[-95.88565099998614,29.219008000032183],[-95.885825999888326,29.218849999959311],[-95.887241000072734,29.21756000018144],[-95.890966000043932,29.214191000020925],[-95.891169000433507,29.214003000177897],[-95.893519000403302,29.211933999837044],[-95.893648000274737,29.211817000367517],[-95.895024000101074,29.210571999688344],[-95.895608000257184,29.210051000243936],[-95.895696999945628,29.209971000290285],[-95.896934999679715,29.208808000281781],[-95.898989000271797,29.206906999759269],[-95.89906000041691,29.206829999697057],[-95.899153000303329,29.206742999852509],[-95.899232999770959,29.206658999932479],[-95.912295999697008,29.194790000129739],[-95.912705999775824,29.194419000357769],[-95.912772999722975,29.19435799962417],[-95.917185999607355,29.190360999745447],[-95.917265000148376,29.190289999974027],[-95.917311000179154,29.190249000238257],[-95.917357000209904,29.190206999803348],[-95.920950999761544,29.1869510001161],[-95.925591000324957,29.182747000076144],[-95.932687000265048,29.176316999936372],[-95.933700999693144,29.175397999947418],[-95.942650000383864,29.167290999685957],[-95.964048999633903,29.147905000035067],[-95.965196000029707,29.146864999615751],[-95.979616000413813,29.138815999658451],[-95.979801000361746,29.138711999678819],[-95.979926000035235,29.138643000290649],[-95.982195999639075,29.137376999745939],[-95.984189000131778,29.136266000007812],[-95.98444500022481,29.136122999697498],[-95.998289999775366,29.128392000038609],[-95.998304000019061,29.128388000390224],[-95.998323000285637,29.128378000091516],[-96.000233999864264,29.127454000155851],[-96.00309000017235,29.125895000351676],[-96.004271999829939,29.125251999831608],[-96.008735999767936,29.122762999751718],[-96.010419999565855,29.121823999751921],[-96.023346000122871,29.114781000079471],[-96.030447999910749,29.110912999662485],[-96.032525999893949,29.109818000375562],[-96.034326999867744,29.108869000096679],[-96.034599999679216,29.108725000238191],[-96.034950000381897,29.108538000181191],[-96.035300000186254,29.108349999873642],[-96.036443000384097,29.107735000367338],[-96.037585999683614,29.107120000325111],[-96.037958000127617,29.10691999990226],[-96.038329999673294,29.106719999875619],[-96.038570999697711,29.106589999924541],[-96.038617999553381,29.106565000156635],[-96.038642999667744,29.106552000306312],[-96.038805999874356,29.106466000168396],[-96.038969000080982,29.106380999888437],[-96.042243999790387,29.104638999843509],[-96.042508000279355,29.104499000137704],[-96.045196000357919,29.103069999991206],[-96.046454000183502,29.102399999720348],[-96.049855000289611,29.100591999953597],[-96.049927000259629,29.100553999690671],[-96.052148000357974,29.09937300028766],[-96.062390000136034,29.093930000378982],[-96.064566000028549,29.092772000205837],[-96.073349000139615,29.088103000343427],[-96.073382999576481,29.088084999979078],[-96.073431999980272,29.088058000211635],[-96.077108000446003,29.086076999941813],[-96.080979999831996,29.083989000030058],[-96.092454000394682,29.077873000015977],[-96.097750000185911,29.075100999765034],[-96.098089000119614,29.074923999874841],[-96.100038000231407,29.073903999746641],[-96.105384000251334,29.071106999765146],[-96.116724999846312,29.065172999651711],[-96.118654999691529,29.06416299985635],[-96.119129000242765,29.063915999654554],[-96.119149000334275,29.063906000158415],[-96.120532999658209,29.063144000367849],[-96.125250000214521,29.06054700028686],[-96.13320300012218,29.056369999690439],[-96.133476999758571,29.056226000240731],[-96.13405500006688,29.055920999886087],[-96.139469999683797,29.053076999817517],[-96.142197000120419,29.051629000002269],[-96.14746899962222,29.048904999871159],[-96.147653999570124,29.048793999854038],[-96.149189000303451,29.047930999997618],[-96.14961000025292,29.047703000248632],[-96.153309000284864,29.045699999770537],[-96.15339100030063,29.045657999958991],[-96.157141000386204,29.043753999710006],[-96.157180999670857,29.043731999657719],[-96.165849000154168,29.039089999945666],[-96.16948100023896,29.037144999919196],[-96.171761999713468,29.035923000251479],[-96.174519000287333,29.034455000025936],[-96.174601000303099,29.034410999878794],[-96.176371000314731,29.033469999686073],[-96.185049999770413,29.028880000376425],[-96.185108000395033,29.028850000335989],[-96.190922000220127,29.025810999926087],[-96.191070000358124,29.025733000154904],[-96.192551999591359,29.024955999790979],[-96.19843400008682,29.021783000278468],[-96.2072759997491,29.017107999809692],[-96.213641999943235,29.013742000079173],[-96.218429999746334,29.011209999877323],[-96.226712000440301,29.006829999993244],[-96.22836399955284,29.005957000089825],[-96.229108000440831,29.005529999715478],[-96.229632000322468,29.005231000355153],[-96.22982800014104,29.005093000237817],[-96.230013999913879,29.004994000210836],[-96.231320000318334,29.004300999723711],[-96.232624999999572,29.003608000089063],[-96.235369000154634,29.002152000392734],[-96.238113000309724,29.000695999826906],[-96.238674000001282,29.000395999665738],[-96.238932999569073,29.000256999989951],[-96.240018000040578,28.999659999929399],[-96.250242000275321,28.99403600036338],[-96.257821000089152,28.99001799980115],[-96.25926399986264,28.989257000117824],[-96.260482000403556,28.988614999886362],[-96.261175000339605,28.988299000115298],[-96.26120600030174,28.988284999993692],[-96.263107999659539,28.987419999861],[-96.26393000036532,28.987046000191306],[-96.265034000205105,28.986547000259229],[-96.265862999685268,28.98616900012205],[-96.270071000428558,28.983944999806678],[-96.270417000034968,28.983759999631843],[-96.270625000447438,28.983649999859491],[-96.270694999869306,28.983613000059808],[-96.274115000241991,28.981807000055149],[-96.27764199984648,28.979944000092363],[-96.277729999710033,28.97989699997742],[-96.278046000077524,28.979730000048477],[-96.286029000122426,28.975514000239762],[-96.287344999674303,28.974817000092724],[-96.294597999973234,28.970998999849812],[-96.294736000065512,28.970926999961673],[-96.295338999589859,28.970609999923781],[-96.295942000012531,28.970292000023321],[-96.296090000150528,28.97021400000235],[-96.297557000213459,28.969453000017523],[-96.297602000419317,28.969400999850464],[-96.297741000336472,28.969242000129739],[-96.297793000215037,28.96918400015597],[-96.297999000079344,28.968949000078695],[-96.298141000369569,28.968877000336164],[-96.307455000034949,28.964163000335233],[-96.309178000190926,28.963290999934546],[-96.309512999926682,28.951454999988265],[-96.309519999599374,28.951321999741197],[-96.309974999884034,28.942573999617409],[-96.310060000272856,28.94103500036335],[-96.310109999603256,28.939971999751926],[-96.310112000151392,28.939928000267372],[-96.310112999976312,28.939904000183283],[-96.310622999614239,28.930111999790888],[-96.310621999789333,28.929968999782666],[-96.310617999591372,28.929476000309297],[-96.310616999766452,28.929336999715105],[-96.310614000291736,28.928966999628976],[-96.310612999568505,28.928799000025169],[-96.310609000268869,28.928317999911272],[-96.310609000268869,28.92828999995195],[-96.310608000443949,28.928267999697837],[-96.310608000443949,28.928254000105465],[-96.310606999720719,28.928142000153684],[-96.310604000245988,28.927772999821638],[-96.310593000375334,28.926337999760598],[-96.310593000375334,28.926327000213274],[-96.310593000375334,28.926314999776498],[-96.310581999606356,28.92489799970221],[-96.310686000261754,28.922589000251239],[-96.310786999645771,28.920329999840604],[-96.311184000204122,28.91147799960865],[-96.311191999701734,28.911292999716338],[-96.31125600017414,28.909863999646824],[-96.311263999671752,28.909688000024079],[-96.311267000044793,28.909624999992712],[-96.311267999869713,28.909605000236862],[-96.311268999694633,28.90958400021389],[-96.311270000417849,28.90956799993133],[-96.311277999915447,28.909388999797244],[-96.311282000113408,28.909296000255878],[-96.311292000159156,28.909075000191102],[-96.311292999984076,28.909049000291301],[-96.311625000245087,28.901649999846665],[-96.311626999894912,28.901600000145947],[-96.311629000443048,28.901547000185204],[-96.311886000361,28.895851000134183],[-96.31188999966065,28.895760000264151],[-96.312060000438279,28.891972000329528],[-96.312081000354681,28.891504999952808],[-96.312092000225306,28.891262000303627],[-96.312097000248201,28.891149999736577],[-96.312098999898026,28.891121999969165],[-96.312101000446148,28.891078999862284],[-96.312104999745799,28.890987999741903],[-96.312153000324685,28.889919999801556],[-96.312166999670069,28.889601000360571],[-96.312170000043125,28.889533000010299],[-96.312238999640101,28.888026000238977],[-96.312815000298599,28.876928000270361],[-96.312807999727582,28.876710999690626],[-96.312799000405064,28.876383999849597],[-96.312980999979956,28.875261000355266],[-96.312986999827729,28.875168999939294],[-96.312994000398731,28.875057000109596],[-96.313005000269385,28.874892999775867],[-96.313006000094319,28.874875999841585],[-96.31300699991921,28.874863999747483],[-96.313011000117172,28.874808000076641],[-96.313027000010706,28.874567000319978],[-96.313299999822163,28.870403000309992],[-96.313304000020139,28.870335999832552],[-96.313413999624984,28.868043999744142],[-96.313613999641547,28.8638659999217],[-96.313728000342664,28.861483000332303],[-96.313744000236198,28.861134000238888],[-96.313755000106852,28.860911000048127],[-96.314149000292147,28.852722999742745],[-96.314301999554715,28.849545000078134],[-96.314482000378064,28.845795000057532],[-96.31487999986301,28.837581999920211],[-96.315190000382742,28.831357000117627],[-96.315250999583796,28.830129999959777],[-96.315282000444242,28.829497999717375],[-96.315286999568784,28.829392999649112],[-96.315288000292014,28.829367999729634],[-96.315289000116934,28.829348000261955],[-96.315291999591665,28.829297000146045],[-96.315300999812507,28.829111000020745],[-96.315653000165,28.82205899965912],[-96.315659000012786,28.82193300032019],[-96.315664000035667,28.821829000026444],[-96.316383999735891,28.807402999855704],[-96.316402000177547,28.807056000332128],[-96.316403000002452,28.807028999633381],[-96.316731000065502,28.800478000021599],[-96.316745000309211,28.800229000159643],[-96.316957999846238,28.796555999671778],[-96.317064000151447,28.794727000123729],[-96.317145000342293,28.793332000018278],[-96.317153999664825,28.79318000003078],[-96.317156000212961,28.793143999814795],[-96.317157999862772,28.793106999776736],[-96.317163999710559,28.793014000112336],[-96.317174999581226,28.792822000085724],[-96.317188000000002,28.792597000318008]]]},"properties":{"NAME":"Matagorda County","GEOID":"48321","BASENAME":"Matagorda"}},{"type":"Feature","geometry":{"type":"Polygon","coordinates":[[[-97.160550000050321,28.970929999761488],[-97.158010999934675,28.972782000026957],[-97.153208000062946,28.976284000167251],[-97.153163999682022,28.976315999776933],[-97.153153999636288,28.97632300025505],[-97.153136999917848,28.976336000019117],[-97.15000299977541,28.978621000268841],[-97.149572999605098,28.978936999746292],[-97.149062000142266,28.979308999694659],[-97.144435999822562,28.982684000177532],[-97.140545999994913,28.985522000356571],[-97.125266000168466,28.996674000341038],[-97.125068999626663,28.996826999873313],[-97.124732000241082,28.997089000282209],[-97.120797000207602,29.000156999870118],[-97.120709000344036,29.000258000163473],[-97.116411999912302,29.003372999652218],[-97.116242999857903,29.003506999926671],[-97.116189000329541,29.003552000026808],[-97.116134000077949,29.00359800024852],[-97.116033999620527,29.003676000236183],[-97.115427999723124,29.004158000042409],[-97.107571999899832,29.009762999610043],[-97.106827000085246,29.010303999898852],[-97.10255399994297,29.013414999624153],[-97.098547999764364,29.016347000039652],[-97.09473400010468,29.019166000060022],[-97.08799299999184,29.024155999624575],[-97.083319999816453,29.027615000268053],[-97.082937000400122,29.027894000346368],[-97.079924999558131,29.030089999978259],[-97.079154999629196,29.030650999780178],[-97.077673000395961,29.031732000336124],[-97.074570000215687,29.033995999835401],[-97.069573000175197,29.03764200015954],[-97.05796899991617,29.046155999764832],[-97.055843000252381,29.047693999679876],[-97.049068999629256,29.052686000078022],[-97.048954999826421,29.052768999793155],[-97.038558000237671,29.060392999766293],[-97.033187999928273,29.06433300015691],[-97.031346999771529,29.065628000380727],[-97.028073999711935,29.067933000274614],[-97.027011999704953,29.068571000148655],[-97.026476999952649,29.067979000077653],[-97.026445999990514,29.067943999683177],[-97.026437999594592,29.067935000095773],[-97.026373000195591,29.067863999746368],[-97.02635599957884,29.067876999769755],[-97.026216999661656,29.067977999774886],[-97.026205999791003,29.067985999841021],[-97.026103999683755,29.068053999985562],[-97.026013000345472,29.068096000098649],[-97.025924999583609,29.068109999609089],[-97.025840999918032,29.068096000098649],[-97.025762000275307,29.068050999864727],[-97.025681999909366,29.06798299971814],[-97.025652999597057,29.067956000178679],[-97.025511000205142,29.06805799962321],[-97.024763999842421,29.068577999871884],[-97.022347999750409,29.070301000058134],[-97.018425000310799,29.073112000331935],[-97.018421999937743,29.073127999666603],[-97.018394000348664,29.073280999754317],[-97.018262999929092,29.073464000038122],[-97.017898000056107,29.07367000019622],[-97.017219000363767,29.074265999950292],[-97.011608999854857,29.078250000314277],[-97.011479000158516,29.078409999703197],[-97.003984000010277,29.08383799965446],[-97.000263000237013,29.086655000318284],[-96.998516999616513,29.087914999609986],[-96.996155999776093,29.089569999836939],[-96.994025999914328,29.091059999870186],[-96.993892000020026,29.091160999915648],[-96.993713999744799,29.091302999858716],[-96.993139999634437,29.091722000362584],[-96.992450999896363,29.092270000024161],[-96.991675999944547,29.092839999692],[-96.987280999603513,29.096069999697253],[-96.986977999654812,29.096292999867021],[-96.979427000328371,29.10188199981355],[-96.978553999568945,29.102499999662793],[-96.976377999676444,29.104045999880043],[-96.978771000202258,29.106629000241085],[-96.980967000186226,29.109001000116983],[-96.981541000296602,29.109621000182358],[-96.986909000057835,29.115444999957365],[-96.987237000120899,29.115801000297097],[-96.98897399962226,29.117646999933175],[-96.995426000030108,29.124612000042099],[-96.996258999708246,29.12525300036274],[-96.999694999974452,29.129036999960388],[-97.000262000412107,29.129660999709326],[-97.00082599957841,29.130399000356523],[-97.005437999654418,29.135411000381925],[-97.005887000091306,29.135898999897968],[-97.009377999710793,29.13969299995625],[-97.013079000290858,29.143714999975206],[-97.022685000034301,29.154152999985474],[-97.023424000001086,29.15495599976666],[-97.027297000110309,29.159163999962388],[-97.033551000151434,29.165981999683936],[-97.037737000255092,29.170509000185763],[-97.038394000206125,29.171222000277563],[-97.045686999789709,29.179147999644762],[-97.048794000167959,29.182517000156796],[-97.062863000024478,29.197900000300251],[-97.077306999799745,29.213572000336839],[-97.085623999755484,29.222616999768945],[-97.086741999838964,29.223832999813371],[-97.088204999703947,29.225459999977964],[-97.088382000154269,29.225653999630705],[-97.092359999845456,29.22999599999309],[-97.105759000230492,29.244542999689248],[-97.110894000363231,29.250248000098065],[-97.120107999571189,29.259717000343727],[-97.124221999704815,29.263942999662433],[-97.12526299979541,29.265083999863553],[-97.128959000352623,29.268925000151938],[-97.135440999999389,29.275660999734846],[-97.135770999712264,29.276001999788953],[-97.135971999553718,29.276210000150211],[-97.137164000155366,29.277452999761383],[-97.138232000010134,29.278565000153439],[-97.138945999862571,29.279309000243604],[-97.142387999976563,29.28289299998827],[-97.142506999802251,29.283016999697853],[-97.142561000228937,29.283072999669066],[-97.143650000000079,29.284205000004626],[-97.143727999817884,29.284285999682822],[-97.143850999841547,29.284413000122544],[-97.143993999956677,29.284561999845014],[-97.144039000162522,29.284607999799547],[-97.145293999615035,29.285912000183128],[-97.145644000317716,29.286276000101743],[-97.146682999860175,29.287349000274862],[-97.146938000128287,29.287621000290045],[-97.147224000358563,29.287928999974429],[-97.147819000385311,29.288569999784237],[-97.147953000279614,29.288714000327396],[-97.148614000428609,29.28944599968835],[-97.148729000056335,29.289591000275049],[-97.148806999874125,29.289672000383508],[-97.14887200017148,29.289738999786262],[-97.148994000370195,29.289865999714667],[-97.149191999838607,29.290079000159299],[-97.149304999816508,29.290194999769568],[-97.149498999985269,29.290393000056191],[-97.149621000184013,29.290517999766493],[-97.150110999730458,29.291021999785507],[-97.150658999901552,29.291591999729533],[-97.150981999941735,29.291932999890594],[-97.151814999619859,29.292798000324805],[-97.151931999795721,29.292918999942735],[-97.152037000276025,29.293026999687854],[-97.152761000174209,29.293774000020885],[-97.15311000015366,29.294138999793788],[-97.153163999682022,29.294194000268963],[-97.153229999804253,29.294263999620075],[-97.153366000246706,29.294405000193109],[-97.153942999831784,29.295004000346211],[-97.154696000042293,29.295799999672116],[-97.155421999590288,29.296538999808721],[-97.155808000277986,29.29692599979473],[-97.156445999962443,29.29760699976142],[-97.157152000317282,29.298346000138555],[-97.157485000403213,29.298690999739549],[-97.157788000351914,29.299004999793613],[-97.1578860002612,29.299111999751112],[-97.158044000444946,29.299277999719529],[-97.15808700010264,29.299322000081268],[-97.158191999684632,29.299428999706564],[-97.158887999993738,29.30014899982633],[-97.159200000163267,29.300471000071219],[-97.160888999984053,29.302216000248432],[-97.165885000199623,29.307399000213522],[-97.168078999635483,29.309686999863089],[-97.172092000385078,29.313818999745653],[-97.174035999575693,29.315845999742166],[-97.185428999947518,29.327665000156212],[-97.186538999635076,29.328826999667299],[-97.190990000052608,29.333443000273931],[-97.193914000132736,29.33647600022946],[-97.194767999727262,29.337362000387465],[-97.195721999779224,29.338355000205034],[-97.197886999801071,29.340598999618724],[-97.19886199976942,29.341609999743138],[-97.199816999646288,29.342600999730884],[-97.202696000418882,29.345586999908349],[-97.20423499955352,29.347184999869377],[-97.212473999691454,29.355733999886663],[-97.214334999939695,29.357660999825661],[-97.214848999775583,29.358197999775253],[-97.218906000007834,29.362405999748368],[-97.223978000391369,29.367674000044357],[-97.225411999944043,29.3691639999101],[-97.231240999837723,29.375243000214088],[-97.23318499992665,29.377270000028357],[-97.235915999662922,29.380134999850796],[-97.236356999703887,29.380578999690268],[-97.239105000056938,29.38344400028738],[-97.240107999614381,29.384487999905296],[-97.246047000011245,29.380259000346513],[-97.24607700014846,29.380236999625662],[-97.250266999551769,29.377093999918579],[-97.250424999735529,29.376977999715432],[-97.251536000146302,29.37617000022021],[-97.252855000071236,29.375243000214088],[-97.253742000176047,29.37466200019286],[-97.254893999696407,29.373817999716383],[-97.256744000073979,29.372463000107693],[-97.266282000045351,29.365481999934584],[-97.269047000116828,29.36345800036878],[-97.274346000281113,29.359579000263675],[-97.286655000171748,29.350570000099761],[-97.287209000190614,29.350134000149538],[-97.287779000103001,29.349715999767263],[-97.289154999929337,29.348709999763869],[-97.300919999846869,29.340104000102272],[-97.307064000283134,29.335653999875664],[-97.318684000435681,29.32715400003444],[-97.31885799961465,29.327027000287416],[-97.325264999816639,29.322333000380542],[-97.331884999555669,29.317481999631603],[-97.332419000381378,29.317090999914029],[-97.333679999681664,29.316167000364228],[-97.335207000019068,29.315048999819368],[-97.344046000206632,29.308579000346477],[-97.350697999732688,29.30370900008915],[-97.350715000349439,29.303703999872166],[-97.350886000053677,29.303571000120893],[-97.352626999752999,29.302296999743717],[-97.356495999664261,29.299464000335728],[-97.370281999663561,29.289368000108894],[-97.372566000409435,29.287698999636572],[-97.375267000008478,29.285742999612147],[-97.379051000429243,29.282973000146711],[-97.387024000428383,29.27713999988779],[-97.387035000299036,29.277129999986144],[-97.38810599962855,29.276345999795936],[-97.392542999802373,29.27309900007295],[-97.399032000020142,29.268383000006441],[-97.399712000435699,29.267832999943099],[-97.405520000413006,29.263586999859022],[-97.412965000332548,29.258146000315151],[-97.416854000335292,29.255303000340891],[-97.419159999924148,29.253616999736359],[-97.423776000198117,29.250245999905289],[-97.431781999809218,29.244428000155047],[-97.435820999599798,29.24150000014922],[-97.444485999710068,29.235217000156361],[-97.445299000195021,29.234628999650823],[-97.450564000024102,29.230812999642577],[-97.451275000401807,29.230297000333557],[-97.453738000349489,29.228510999819463],[-97.459241999654864,29.224522000279627],[-97.460732000182318,29.223440999648048],[-97.464951999722871,29.220380999719126],[-97.467393999754151,29.218610999758116],[-97.475661000379489,29.21261900007519],[-97.483432999638865,29.206986999752409],[-97.483457999753227,29.206968999818212],[-97.493221999680415,29.199893000109803],[-97.493419000222218,29.199752999997486],[-97.494312999999721,29.199101000092604],[-97.499325999933731,29.195321000348933],[-97.50030099990208,29.194585999943509],[-97.502077999586405,29.193247999825395],[-97.504119999584617,29.19171199994793],[-97.504158000117769,29.191684000059333],[-97.504215000019158,29.191641000327525],[-97.504261000049908,29.191605999657167],[-97.507067999954202,29.189493999878732],[-97.507165000038555,29.189420999694683],[-97.507534000109501,29.189144000210479],[-97.508690999652742,29.188273999714905],[-97.508699000048651,29.188268000210503],[-97.508752999577013,29.188226999666426],[-97.513664000302086,29.18453399979823],[-97.516887000132968,29.182110999920504],[-97.522137999718339,29.178162999665702],[-97.528584000278414,29.173315000098388],[-97.530289999817626,29.17203199966491],[-97.530321999604681,29.172016000021639],[-97.536302999834334,29.167512999829821],[-97.541555999967855,29.163559000257465],[-97.543547999737342,29.162061000197511],[-97.555147999798407,29.153339999979128],[-97.556512999754105,29.152313000008096],[-97.564773999633331,29.146101999935357],[-97.573144000190837,29.139808999694743],[-97.575669000062803,29.137909999665773],[-97.575726999789111,29.137865999751995],[-97.577906999879588,29.136226999942913],[-97.577956000283393,29.136189999928035],[-97.579320000414171,29.135164999670376],[-97.579339999607342,29.135150000210835],[-97.584868999925376,29.130994000031265],[-97.584900999712417,29.130970000391933],[-97.592516000409603,29.125248000061099],[-97.596054999709651,29.122611999747761],[-97.596069999778265,29.122600999899877],[-97.596100999740401,29.122577999643497],[-97.600988000176031,29.118938000053223],[-97.603330999574794,29.117379999680143],[-97.611028000287746,29.111367000182661],[-97.613132000210229,29.109765000356699],[-97.617697000430567,29.106289999954132],[-97.617708000301221,29.106281999723191],[-97.620920000261449,29.103875000007736],[-97.623384000034051,29.102001999708801],[-97.624132000221664,29.101431999745362],[-97.62495700040219,29.100800999971408],[-97.62527299987137,29.100613999644967],[-97.628277000317439,29.099243999690199],[-97.630207999987576,29.098362999788669],[-97.630443000164206,29.098188999866274],[-97.630573999685467,29.098091999691686],[-97.630704000280119,29.097996000221897],[-97.634557000297846,29.095146000010445],[-97.634649000359346,29.095077999692311],[-97.634672999750492,29.095060999802026],[-97.634690000367243,29.095048000068669],[-97.634861999896373,29.094920999628922],[-97.635092999875056,29.094750000297534],[-97.635136000431061,29.094717999707097],[-97.635498999755924,29.094448000265796],[-97.636010999942002,29.094068000230681],[-97.636415999997951,29.093849000158009],[-97.63650899988437,29.093798999921979],[-97.646204000214581,29.086577000236758],[-97.646301000298976,29.086505000048707],[-97.647815000217562,29.085380000091803],[-97.650699000114741,29.083237000327774],[-97.655702000002989,29.079518000311936],[-97.655712000048723,29.079510999761659],[-97.656436999771827,29.078989000116124],[-97.656451000015522,29.078978999727113],[-97.656466000084151,29.078967999926121],[-97.656624000267897,29.078854000278167],[-97.65760900028198,29.078145000138626],[-97.657860000352144,29.077963999943538],[-97.659257999919802,29.076884999891028],[-97.659483999875604,29.076709000142909],[-97.65953300027941,29.076670999702824],[-97.659555999845622,29.076652999696073],[-97.659566999716276,29.076644000084041],[-97.65959500020368,29.07662199998239],[-97.659662000150846,29.076570000365759],[-97.661309999963748,29.07528599963576],[-97.663931000095175,29.073415000362967],[-97.669790000126085,29.069231999618832],[-97.670278999847639,29.068882000179158],[-97.672977999796871,29.066886000230554],[-97.673007999934086,29.066866000243184],[-97.675487999600222,29.065206999872206],[-97.679191999655046,29.062511000092506],[-97.682064999681558,29.060390999798766],[-97.691794000346945,29.053250999761286],[-97.698203000198774,29.04855300033952],[-97.700734999743432,29.046697000223382],[-97.703719000098019,29.044509999799367],[-97.706777000072464,29.042252999984328],[-97.714273999870542,29.036720000097205],[-97.716289000104567,29.03523200037284],[-97.718388000004168,29.033690999733395],[-97.724102000270136,29.029446999815988],[-97.7256909996335,29.028271000360835],[-97.726740000120017,29.027494000244676],[-97.727694999996871,29.02678800017587],[-97.737580000297882,29.01947399982944],[-97.745589000282052,29.013546000096486],[-97.751977000217479,29.009365000160781],[-97.752275999968219,29.009158000340566],[-97.752574999718973,29.008951000105711],[-97.752855000101448,29.008756999858296],[-97.75289100008645,29.00873199992952],[-97.752906000155079,29.00872099970751],[-97.752947999987867,29.008692000187992],[-97.753011999561977,29.008648000061573],[-97.753060000140877,29.008614000058234],[-97.753158999875083,29.008547000111289],[-97.75324199971574,29.008488000086896],[-97.75325500013453,29.008479000026963],[-97.753332999952335,29.008424000341925],[-97.753342000173177,29.008417999774554],[-97.753441999732289,29.008351999795771],[-97.753467999671543,29.008322000077154],[-97.753517999900268,29.008264000020326],[-97.753599000091128,29.008186999664382],[-97.753686999954667,29.008131999823906],[-97.753742000206245,29.008120000226199],[-97.75451499960991,29.007550999763836],[-97.755109999636687,29.007113000083457],[-97.754691000235326,29.006789000190732],[-97.754543999922234,29.006618000034184],[-97.751403000107132,29.00312999987214],[-97.751342999832673,29.003063000297878],[-97.750244000015755,29.001842999891366],[-97.748908000372396,29.000377000320285],[-97.748793999671264,29.000250999734071],[-97.745580999886116,28.996849999911799],[-97.740474000240795,28.991376999917168],[-97.739529000409675,28.99036400004475],[-97.73847599972521,28.989226000077029],[-97.738460999656596,28.989210000305864],[-97.738431000417677,28.989177999970238],[-97.738365000295445,28.98910699965684],[-97.738321999739412,28.989062000340457],[-97.735703999981041,28.986255000016925],[-97.726610000423676,28.976519999708085],[-97.726453999889742,28.976303999629739],[-97.72582100022818,28.975665000392492],[-97.721509999552723,28.97105599992225],[-97.720067999604154,28.969507000314483],[-97.71668099974174,28.965874000129869],[-97.709012000414504,28.957678999640748],[-97.701359000082505,28.949456999937656],[-97.696163999675306,28.943898000220017],[-97.695426000431738,28.943109000306794],[-97.691633999615064,28.939031999910267],[-97.687100000255171,28.934143000051385],[-97.685536999932765,28.932459000002147],[-97.678667999773396,28.925076999804784],[-97.67344700032524,28.919464999625117],[-97.672925000093429,28.918903999764485],[-97.672632000190475,28.918598999881521],[-97.669616000048819,28.915347000378084],[-97.664553999711018,28.909915999817798],[-97.661655999570158,28.906791000170355],[-97.658735999687977,28.903657999783871],[-97.656708999758393,28.90146699962937],[-97.656646999834123,28.901400999871559],[-97.65603500008892,28.900748999626991],[-97.65491700000544,28.899556000128744],[-97.652392999958394,28.896849000146439],[-97.651074999858352,28.895434999852306],[-97.648582999598361,28.89275099971918],[-97.647451000169497,28.891531999966158],[-97.645450000179167,28.889392000032768],[-97.641474000137791,28.885120999767683],[-97.635203000378226,28.878388999848863],[-97.635190999784342,28.878376000383106],[-97.632248000335963,28.875286000257546],[-97.629418999792051,28.872290999677997],[-97.625330999597679,28.867896999647634],[-97.623428000414989,28.865929000294145],[-97.622854000304613,28.86526000003801],[-97.620835999697547,28.863142000021583],[-97.620162000028074,28.862438999921185],[-97.614482000097297,28.856313000360803],[-97.612614000176364,28.854295999992075],[-97.611787000346013,28.853413000008505],[-97.610008000113552,28.851503000008258],[-97.608905000098687,28.850305999645407],[-97.608163999583752,28.849532000151921],[-97.605046000233173,28.846142999614163],[-97.603376999605544,28.84430599970575],[-97.601639000279278,28.842392000364509],[-97.599608999976638,28.840246999648432],[-97.59940999978501,28.840031999904326],[-97.598510000159735,28.839055000375282],[-97.598366000219698,28.838909000370585],[-97.597905999912157,28.838537999679509],[-97.596965000278985,28.837450000244527],[-97.596114000159204,28.836536999805244],[-97.590739999651859,28.83075200030683],[-97.586371999973309,28.826021000345325],[-97.586352999706747,28.825999999953549],[-97.582082000112592,28.821401999744573],[-97.574638999842875,28.813299999880218],[-97.571862000075825,28.815266999680048],[-97.571554000104243,28.815482000203975],[-97.570569999915065,28.816182999686255],[-97.567044999960402,28.818700999920082],[-97.557523999707456,28.825509000078842],[-97.552585000291614,28.829068999692563],[-97.544696999782971,28.83480700009618],[-97.543449000003136,28.835726000313851],[-97.540149000179355,28.838130000240906],[-97.539579000266983,28.838537000305834],[-97.537359999818463,28.840098000092649],[-97.536123999734201,28.840994000009132],[-97.53469900040237,28.842028000392141],[-97.534655999846336,28.842059000391881],[-97.527812999626235,28.847009000177263],[-97.527759999922793,28.847047000031413],[-97.526795999825111,28.847788999991931],[-97.520667000355758,28.852171999882714],[-97.519035000436375,28.853354999758796],[-97.516312000197701,28.855331000327123],[-97.515196999588952,28.85614099962914],[-97.513043000336069,28.857705000313917],[-97.511022000254243,28.859172000065922],[-97.507344999963621,28.861842000193267],[-97.507322000397409,28.861858999899567],[-97.50712099965763,28.862000000271689],[-97.507077000175016,28.862050000156902],[-97.507009000402959,28.862108000276784],[-97.506863999739679,28.862230000016385],[-97.506681000339896,28.862319000290736],[-97.505477000042688,28.863192000144231],[-97.503979000017623,28.864264999890061],[-97.503572000311834,28.864497999863158],[-97.503484000448296,28.864548000120205],[-97.503451999762916,28.864568999811951],[-97.502717999818998,28.865132999610118],[-97.500279000160759,28.866884000013414],[-97.497113000231295,28.869197000054289],[-97.491961000380115,28.872803000193784],[-97.490961000297418,28.873496000387423],[-97.490909000418867,28.87353200035291],[-97.489238000141441,28.874700999708608],[-97.488486999580758,28.875250000113144],[-97.487299999900301,28.876016999901527],[-97.483326000407075,28.878811999972818],[-97.477013999741303,28.883250999814958],[-97.475567999594745,28.884265000061312],[-97.474287000202963,28.885182000304471],[-97.473641999947503,28.88562200004608],[-97.464533000321538,28.89202899983081],[-97.454894000067796,28.898808999855483],[-97.431890999589157,28.914945000219159],[-97.431643999716954,28.91511899993931],[-97.41733999968379,28.925228000384571],[-97.41716200030686,28.925069999793422],[-97.41582499994027,28.925082999701822],[-97.414803000116251,28.92516400024379],[-97.41234000016857,28.925209999931248],[-97.411370000223101,28.925316000022221],[-97.411133000396632,28.925268000157626],[-97.410267000208222,28.924500000088511],[-97.409898999962209,28.924336000020535],[-97.409216999896813,28.92382300033379],[-97.408270000415868,28.922940000101768],[-97.406981999554759,28.921475999609012],[-97.406440000129763,28.921039999929963],[-97.405594000032849,28.920379999950608],[-97.404414000025085,28.918794000283906],[-97.404167000152896,28.918264000007646],[-97.403984999679679,28.918126000289444],[-97.403671999685244,28.917575999953058],[-97.403126000062286,28.916704999975757],[-97.40239600031633,28.916086000300627],[-97.4017190002738,28.915741999910605],[-97.400677000358314,28.915534999949045],[-97.400233999769213,28.915626999982944],[-97.399243999732249,28.916039000296333],[-97.398671000345104,28.916450999759469],[-97.398305999573822,28.916978000074987],[-97.398098000059676,28.917551000011457],[-97.397785000065241,28.918536999934783],[-97.397498000010046,28.918994999782644],[-97.39713300013706,28.919246999718794],[-97.396430000155277,28.919362000350489],[-97.395595999753937,28.91915499975072],[-97.394189999790356,28.91915499975072],[-97.393121999935602,28.918764999936755],[-97.392209999716442,28.917962000362852],[-97.391558999613181,28.917732999983421],[-97.390544000360194,28.917112999962232],[-97.38978799977663,28.916975999690923],[-97.387652000067092,28.916951999796918],[-97.386819000388968,28.9171810003281],[-97.386036999866164,28.917248999863105],[-97.385463999580708,28.917156999695266],[-97.384579000024061,28.916836000231164],[-97.382417000375241,28.915666000109496],[-97.382183999848422,28.914519999833715],[-97.382366000321625,28.914131000110078],[-97.382419000025067,28.913191000278889],[-97.382732000019516,28.912459000253044],[-97.382732000019516,28.911748000155743],[-97.383096999892501,28.910671000014137],[-97.384087999754371,28.908264999949917],[-97.384141000356138,28.907738000193461],[-97.384010999761486,28.907416999892597],[-97.383385999597493,28.906957999750826],[-97.383133999702409,28.906892999842498],[-97.382136000167847,28.906637000182453],[-97.381459000125346,28.906246999701363],[-97.380339000392041,28.905878999617251],[-97.378673000137468,28.905076000166105],[-97.377995000270033,28.90484699965107],[-97.375990000081757,28.904639999969731],[-97.375270000381533,28.904720999962571],[-97.374603000384766,28.904734000062327],[-97.373898999679739,28.904505000365354],[-97.373455999988963,28.904116000051459],[-97.373326000292622,28.903427999749081],[-97.373532999981862,28.902694999717863],[-97.373532999981862,28.901503000123085],[-97.372777000296622,28.900678000026073],[-97.372672999641225,28.900472000244616],[-97.372645999877037,28.900104999697216],[-97.372229000125529,28.899554999768764],[-97.372229000125529,28.899349000117734],[-97.371474000265209,28.899258000168405],[-97.370197999997984,28.899808000097821],[-97.369182999846672,28.90054199963598],[-97.368270999627512,28.900977999747713],[-97.367567999645729,28.901184999655595],[-97.367073999901308,28.901184999655595],[-97.366683000089054,28.901002000191291],[-97.366213999560685,28.900589000369184],[-97.365822999748431,28.899879000293872],[-97.365692000227185,28.8993979997549],[-97.365379000232736,28.898825000224083],[-97.364571999595569,28.897931000131212],[-97.363268999564156,28.896876999942204],[-97.362799999934097,28.896693999960625],[-97.361809999897133,28.896533999957374],[-97.360377999994299,28.896512000045757],[-97.358972000030732,28.896697000336797],[-97.357773999581312,28.89704100016726],[-97.357643999884971,28.897131999700868],[-97.35741799992914,28.897135000064377],[-97.355945000018423,28.897581999782364],[-97.355404000418346,28.897620999613654],[-97.355235000363962,28.897631999845739],[-97.355048999692798,28.897540000371109],[-97.354915999623401,28.897355000009512],[-97.354855000422361,28.896666000115498],[-97.355371999732995,28.894369000073848],[-97.355359000212516,28.893449000267097],[-97.35488100036163,28.892921000354779],[-97.354298999855345,28.892437999750104],[-97.353056999923311,28.891633000041072],[-97.352457999698601,28.891702000238169],[-97.351702999838267,28.892344000318925],[-97.351390999668737,28.892917000231943],[-97.351286999911679,28.893443999745735],[-97.350557999990613,28.894658999801898],[-97.350089000360569,28.89495700038162],[-97.348630999620127,28.89481999995478],[-97.347277000433422,28.894957999999498],[-97.344515999661596,28.895532000040596],[-97.343207999607301,28.895661999891345],[-97.341286999982927,28.895853000139052],[-97.340322999885231,28.895762000270786],[-97.339984999776419,28.895647000219416],[-97.339307999733919,28.89491400029009],[-97.338942999860933,28.894249000356265],[-97.338265999818418,28.893355999811554],[-97.337613999890252,28.892691000122326],[-97.335687000418091,28.89126999989006],[-97.332744000071401,28.889437000180298],[-97.331545999621966,28.888452000270636],[-97.329983000197885,28.887443999719505],[-97.328810999687718,28.886619000367581],[-97.327249000088528,28.88574800010781],[-97.326675999803101,28.885243999730193],[-97.326155000294492,28.884350999608117],[-97.325243000075346,28.883433999893402],[-97.324436000336476,28.882448999678608],[-97.324201000159832,28.8817609997229],[-97.324201000159832,28.881119000286574],[-97.324930000080897,28.87949200008973],[-97.326075999753471,28.877795999629704],[-97.326258000226659,28.877359999708933],[-97.326284000165941,28.876511999695886],[-97.325812999987733,28.875262000162667],[-97.325499000168378,28.874837000120646],[-97.324977999761472,28.874682999929941],[-97.324535000070682,28.874728999969971],[-97.323379000352375,28.875262000162667],[-97.318238000371849,28.875599000004058],[-97.317482999613205,28.875690000235988],[-97.316623999995826,28.87637500010641],[-97.31448900011118,28.87731499983482],[-97.313682000372339,28.877888000079199],[-97.312380000165845,28.878483999889109],[-97.311938000299961,28.87844000027868],[-97.311522000373358,28.878282000022502],[-97.3108210000414,28.87776000035506],[-97.31040599993969,28.877303999810184],[-97.310303000007536,28.877030999969975],[-97.310276000243348,28.87662100014737],[-97.310538000184181,28.876095999815533],[-97.310590999887623,28.875746000218104],[-97.310810999995638,28.875286000257546],[-97.311790000161963,28.873570999777012],[-97.312626000213129,28.872365000102082],[-97.31275699973439,28.872068999662758],[-97.312678999916571,28.871703999889576],[-97.312367999571947,28.871270999901185],[-97.31226499963978,28.870702000328908],[-97.311694999727393,28.869607999926885],[-97.311620000282645,28.869523999700338],[-97.311329999854408,28.869192999804433],[-97.309996999685779,28.868080000025078],[-97.307409999889529,28.865646999790425],[-97.307199999827262,28.865254999732947],[-97.306076999720915,28.86411899987031],[-97.305916000062425,28.8640369997585],[-97.302130999816768,28.866865999667326],[-97.300160999788559,28.868309999689941],[-97.297080000247917,28.870577999815087],[-97.296096000058739,28.871285999947311],[-97.296067999571321,28.87130600000539],[-97.296060000073723,28.871311999864794],[-97.295712999744083,28.871560999622378],[-97.294529000436683,28.872437000017662],[-97.294516000017893,28.872446999936443],[-97.293788999746667,28.87298900007292],[-97.292397000026796,28.87402800000627],[-97.292011000237409,28.874314999663216],[-97.290589000380322,28.875262000162667],[-97.284921999970024,28.879471000267209],[-97.278180999857184,28.884478000144046],[-97.278171999636342,28.884484000029278],[-97.271729000347634,28.889296000072349],[-97.264334999583397,28.894819000335644],[-97.255909999672639,28.901093000184439],[-97.255431999821738,28.901448999771116],[-97.250580000444529,28.905077999993217],[-97.250268000275,28.905315000075451],[-97.247724000136458,28.907179999893046],[-97.240288000437729,28.912633000211507],[-97.227412000109439,28.922057000213197],[-97.21657899960428,28.929980999796477],[-97.214899000004309,28.93121099973591],[-97.212236000040093,28.933160000047945],[-97.210148999836036,28.934687999670196],[-97.207818999957752,28.936394999778379],[-97.207155000334012,28.936881000148318],[-97.199640000094263,28.942381999761722],[-97.191302000222137,28.948487999790725],[-97.186715000260492,28.951856000201726],[-97.186053000286577,28.952323999904731],[-97.182699000036152,28.954770000330573],[-97.160550000050321,28.970929999761488]]]},"properties":{"NAME":"DeWitt County","GEOID":"48123","BASENAME":"DeWitt"}},{"type":"Feature","geometry":{"type":"Polygon","coordinates":[[[-96.568496000069388,29.186851999913397],[-96.568557999993658,29.186906000107115],[-96.568725000398246,29.187051000152586],[-96.59009400040938,29.205521999731555],[-96.590296999900644,29.205697000383076],[-96.591118999708115,29.206406999759455],[-96.602239000268469,29.216019000211467],[-96.6100969997416,29.222779999775277],[-96.613369999801179,29.225583000002473],[-96.613398000288583,29.225593999793553],[-96.618657000269877,29.22949500027185],[-96.619094000112895,29.22981799997698],[-96.619785000399105,29.230329999751913],[-96.625251000069639,29.234372000390252],[-96.632403999911148,29.240749999722937],[-96.632762000111413,29.241070000200803],[-96.633830999791115,29.242022999880877],[-96.634506000183791,29.242625000281336],[-96.6375270003483,29.245319000378817],[-96.638544999974371,29.246225999719844],[-96.640314999986003,29.24780400025136],[-96.640422000116118,29.24789899987681],[-96.642302999557543,29.249575999739335],[-96.643316000059031,29.250250000290812],[-96.645964999779551,29.252632999968466],[-96.646113999742468,29.252766000195585],[-96.646262999705385,29.252898000179329],[-96.649345999794178,29.255672999808176],[-96.658466000189122,29.263875999802902],[-96.662665999638179,29.260816000194605],[-96.671852000155354,29.254124000084342],[-96.677169999687891,29.250250000290812],[-96.678413000343156,29.249381999960065],[-96.679062999723172,29.248927999943906],[-96.684469999842491,29.245086000133426],[-96.685150000258048,29.244603000178717],[-96.685503000435475,29.244353000389236],[-96.686127999701142,29.243911000339207],[-96.697777999990905,29.235633999635851],[-96.724949000131559,29.216335000221747],[-96.730423000198016,29.212444999948335],[-96.741548999707831,29.204545999946632],[-96.750254999825984,29.198453000018912],[-96.755814000281276,29.194505999682832],[-96.761226000423434,29.190666000038171],[-96.763176000360133,29.189282999999879],[-96.765218000358331,29.187861000070487],[-96.777379999935889,29.179253000255361],[-96.778503000042235,29.178459000031339],[-96.780120999717894,29.177320000032168],[-96.788191999626349,29.171635000230356],[-96.800591999753578,29.162870999702271],[-96.801206999871823,29.162435999992702],[-96.804151000043447,29.160355000279747],[-96.811878999820209,29.154893000190516],[-96.826007999951187,29.144905999760571],[-96.831164000000328,29.141263000217766],[-96.837197000108517,29.137000000219725],[-96.847554000412629,29.129680000352739],[-96.852922999998796,29.125886000335534],[-96.853817999601191,29.125254000109187],[-96.864046000033895,29.117971000076537],[-96.867795000294549,29.115325999884366],[-96.871028999996071,29.113023999849464],[-96.875258999582357,29.110061000038581],[-96.879443999861095,29.107022999933111],[-96.880643999960355,29.10615100007168],[-96.88429799978644,29.103500000022816],[-96.885446999832055,29.102629000104344],[-96.888109999796285,29.100544999812247],[-96.890693000292885,29.098676000162808],[-96.89154699988741,29.098047000000427],[-96.893492999626147,29.096612999643344],[-96.893824999887173,29.096369000384733],[-96.901770000297219,29.090510999965364],[-96.901853000137905,29.090449000234056],[-96.904039999901059,29.08883299999626],[-96.91212699970302,29.082856999747371],[-96.913917999631067,29.08153500021508],[-96.935033000097292,29.065874999621332],[-96.938587000364279,29.063243999950423],[-96.934110000007479,29.061510999859234],[-96.924799999641735,29.058049999876591],[-96.923453999952613,29.057509999688612],[-96.923262000332002,29.057523000232436],[-96.922427000105742,29.057316999999976],[-96.921045000431604,29.056629000152352],[-96.919872000096547,29.056171000076077],[-96.919168000289844,29.055987000083071],[-96.918436999820642,29.055620000320136],[-96.918353999979985,29.05554799970416],[-96.912408999735334,29.053328000279052],[-96.911965000219638,29.053162999772297],[-96.905482999674561,29.050704999903921],[-96.885393000303708,29.043087000144798],[-96.884973000179144,29.042923000295389],[-96.875260000305573,29.039244999868863],[-96.871694000343027,29.037775000149733],[-96.861280000137498,29.033834000158681],[-96.847694999979637,29.028789000331511],[-96.838794999692723,29.025326999951091],[-96.838752000035001,29.025123999643288],[-96.838673000392305,29.025100999614168],[-96.838646999554712,29.024848999677086],[-96.838281999681726,29.02450600001816],[-96.837344000421609,29.024093000103321],[-96.836978999650313,29.024048000309456],[-96.836691999595146,29.023817999747866],[-96.836431000377559,29.023726999954572],[-96.836170000261646,29.023498000197591],[-96.836092000443841,29.023176999703999],[-96.836222000140182,29.022695999820158],[-96.836274000018705,29.021894000283815],[-96.836196000200914,29.021709999650895],[-96.835309999921023,29.021138000285674],[-96.834319000059139,29.021068999876192],[-96.83332800019727,29.021550000268437],[-96.832754999911828,29.021619000356555],[-96.832102999983661,29.021299000276297],[-96.831921000408784,29.020518999608846],[-96.83181599992848,29.020428000050597],[-96.831347000298436,29.018686000342925],[-96.83113800006106,29.018204999966365],[-96.829938999786734,29.016852999968336],[-96.82939099961564,29.016533000046952],[-96.829364999676358,29.01630400004947],[-96.82910500028369,29.016051999856519],[-96.828583000051864,29.014561999918374],[-96.828557000112596,29.014127000225105],[-96.828347999875234,29.013645999829464],[-96.827957000062966,29.013096000099974],[-96.827540000311444,29.011836000208795],[-96.82727900019556,29.011445999840319],[-96.826862000444024,29.011056999639866],[-96.82587200040706,29.01069000035983],[-96.825611000291161,29.010345999953827],[-96.825611000291161,29.0098419997388],[-96.825792999866053,29.009544999667323],[-96.826783999727908,29.008422000152816],[-96.826862000444024,29.007413999706426],[-96.82675699996372,29.007115999619451],[-96.826235999556829,29.006704000203463],[-96.825730999941754,29.00662299980846],[-96.825663000169698,29.006612000147591],[-96.825217999930771,29.006382000042578],[-96.824959000362995,29.006039000338831],[-96.825011000241545,29.005329000030613],[-96.825114999998618,29.00505400000042],[-96.825114999998618,29.004229000233053],[-96.824593999591698,29.00329000028627],[-96.823394000390763,29.001663000325284],[-96.822257999865627,29.000259999724882],[-96.822216000032839,28.999896000343078],[-96.821799000281317,28.999391000049233],[-96.821616999808128,28.998658000009605],[-96.82159099986886,28.996756000097999],[-96.821460000347599,28.99655000037426],[-96.821096000299534,28.996274999771451],[-96.819739999666353,28.99577100007637],[-96.819322999914846,28.995221000280637],[-96.818906000163309,28.994831000066814],[-96.818229000120795,28.994487999744692],[-96.816874000210859,28.994120999768597],[-96.816248000221961,28.99347899987842],[-96.81603999980949,28.992883000206255],[-96.816143999566577,28.992494000064937],[-96.81656100021641,28.991898000215109],[-96.817603000131911,28.990958999829768],[-96.817551000253374,28.990455000150462],[-96.817295999985262,28.990054000180248],[-96.816587000155693,28.988942000234236],[-96.816248000221961,28.988666999825821],[-96.815623000057997,28.988324000271636],[-96.815258000184997,28.988002999722433],[-96.815075999711823,28.987636000302121],[-96.815075999711823,28.987179000113223],[-96.815387999881338,28.986468999919936],[-96.816639000034215,28.985392000041642],[-96.816587000155693,28.985116999622882],[-96.816404999682476,28.984842000044491],[-96.815884000173909,28.984590000143235],[-96.814320000026584,28.984359999759747],[-96.813668999923323,28.984108000255706],[-96.813042999934453,28.98353499986527],[-96.812365999891909,28.983100000028902],[-96.812156999654547,28.982801999787743],[-96.812130999715279,28.982320999773425],[-96.812001000018938,28.981953999836335],[-96.811401999794228,28.981243999923297],[-96.811166999617583,28.980717000356517],[-96.811192999556866,28.980281000090194],[-96.811323999976423,28.97982300003747],[-96.811845000383329,28.979067000315478],[-96.812079999661663,28.977897999917968],[-96.812079999661663,28.977279999979046],[-96.811897000261865,28.977051000243055],[-96.810802999569503,28.976087999886332],[-96.810776999630249,28.975904999838232],[-96.810672999873162,28.975835999877742],[-96.810698999812445,28.974804999771695],[-96.810385999817996,28.974049000318598],[-96.809917000187937,28.973589999752171],[-96.809395999781032,28.973270000280952],[-96.808224000169204,28.972856999940259],[-96.807076999773386,28.972856999940259],[-96.806138999614959,28.972971000364563],[-96.805853000283022,28.972879999808484],[-96.805592000167096,28.972650999765037],[-96.805592000167096,28.972238000097427],[-96.806451999609408,28.970977999691133],[-96.806998999955596,28.970450999702752],[-96.807260000071494,28.970106999797252],[-96.807676999823016,28.969144999735295],[-96.808041999695988,28.968824000188071],[-96.808406999568973,28.968365999720106],[-96.808380999629705,28.967885000181802],[-96.808224000169204,28.967036999788295],[-96.808328999751183,28.966623999723165],[-96.808459000345835,28.96644100022932],[-96.808485000285103,28.965592999794467],[-96.809136000388349,28.964654000342417],[-96.809163000152537,28.964057999637639],[-96.808953999915161,28.963278999848892],[-96.808563999927827,28.960484999692301],[-96.808199000054842,28.959385000004495],[-96.807444000194508,28.957781000339221],[-96.807392000315971,28.957368000289193],[-96.80770399958719,28.956474000267313],[-96.807783000128239,28.955970000017949],[-96.807418000255254,28.955283000106451],[-96.807079000321522,28.954984999934656],[-96.806219999805833,28.954573000352706],[-96.805647000418702,28.954160000084364],[-96.804525999962152,28.953014000114006],[-96.804422000205093,28.952761999736584],[-96.804448999969267,28.950906000277307],[-96.804344000387289,28.950356000144513],[-96.803797999866021,28.949082999838065],[-96.803771999926752,28.948339999751465],[-96.804371000151463,28.946047999832896],[-96.804736000024448,28.945268999762806],[-96.80471000008518,28.944742000187873],[-96.804500999847804,28.944558999753156],[-96.803771999926752,28.944467000237292],[-96.803277000357426,28.944192000342806],[-96.803017000066433,28.943780000278341],[-96.802861000430823,28.943046000141358],[-96.801714999859939,28.941533999615093],[-96.800595000126634,28.939516999730891],[-96.800595000126634,28.938648000080892],[-96.801037999817424,28.937227000368622],[-96.801715999684831,28.935874999948403],[-96.801741999624113,28.935393999649946],[-96.801324999872591,28.934752000220673],[-96.80044000031593,28.933859000011498],[-96.800075000442945,28.933353999762488],[-96.799709999671663,28.933034000160394],[-96.797963999949459,28.932322999609003],[-96.796819000101806,28.931956000102939],[-96.795855000004096,28.93177299988729],[-96.795386000374052,28.931611999683923],[-96.793667000416036,28.930145000369574],[-96.793303000367956,28.929710000260759],[-96.793172999773304,28.928907999822552],[-96.793303000367956,28.928449999729892],[-96.793981000235391,28.927281000218674],[-96.794162999810254,28.92682300001443],[-96.794162999810254,28.92611300020987],[-96.793850999640725,28.925562999776606],[-96.791715999756121,28.92356900025294],[-96.791402999761658,28.923088000249358],[-96.791376999822376,28.922034000065747],[-96.79153400018123,28.921598000373972],[-96.79213300040594,28.92010899969452],[-96.79213300040594,28.91880300028151],[-96.791664999702476,28.918298999998168],[-96.790857999963634,28.917909000110551],[-96.790154000156917,28.917702999940939],[-96.788800000071902,28.917770999919973],[-96.788148999968641,28.917701999755902],[-96.787159999756582,28.917862000146027],[-96.785727000028842,28.917265999936475],[-96.785440999798581,28.91703700037931],[-96.785259000223704,28.916692999998087],[-96.785259000223704,28.916555999958401],[-96.784868000411464,28.915732000229639],[-96.784451999586537,28.915342000125541],[-96.783827000320855,28.915067000017384],[-96.782160000241376,28.914975000273081],[-96.781457000259593,28.915135000151999],[-96.780025000356758,28.91568500006499],[-96.778072000047018,28.915913000045904],[-96.776873999597584,28.915798999724956],[-96.776404999967525,28.915958999905445],[-96.77604000009454,28.915958999905445],[-96.775102999761032,28.915362999769261],[-96.774218000204385,28.914515000327633],[-96.773906000034827,28.91394200013222],[-96.773681999728851,28.913371000370578],[-96.773593000040393,28.913139999619435],[-96.773593999865298,28.91310200034534],[-96.773599999713085,28.912813999930947],[-96.773605999560857,28.912515000063639],[-96.773619999804566,28.91178799962368],[-96.773829000041943,28.911146000285065],[-96.773835999714635,28.910989999970756],[-96.773854999981225,28.910550000018059],[-96.773646999568754,28.90974800001835],[-96.773048000242341,28.908991999913482],[-96.772891999708435,28.908624999614531],[-96.772397999964014,28.90793800039085],[-96.772464999911165,28.907244000122109],[-96.772555000322853,28.906310999719551],[-96.772216000389136,28.905897999792408],[-96.771643999928614,28.905599999955129],[-96.770576000073845,28.905256000181868],[-96.769769000334975,28.90516400038759],[-96.766800999873922,28.905163000081654],[-96.764743999807095,28.905505999860601],[-96.763936000243319,28.905482999975085],[-96.763285000140087,28.905344999768481],[-96.762791000395666,28.905000999936274],[-96.761880000001412,28.903832000346878],[-96.761808999856299,28.903679999753702],[-96.761281999601607,28.902549000232764],[-96.761229999723071,28.901976000010087],[-96.761303000416319,28.901827000072089],[-96.761464999899729,28.901494999752302],[-96.76258499963302,28.900463999794358],[-96.762793000045477,28.900166999649382],[-96.762793999870397,28.899685000086343],[-96.76258499963302,28.899204000221257],[-96.762273000361816,28.898814000118357],[-96.761597000144192,28.898333000149215],[-96.760320999876967,28.897621999992296],[-96.75915000009006,28.896796999719211],[-96.758447000108262,28.896476000180368],[-96.757561999653277,28.896361000133489],[-96.755557000363311,28.896267999927151],[-96.754931000374413,28.896084999658445],[-96.753890000283846,28.895467000054193],[-96.752275999907809,28.8952369999569],[-96.750748999570419,28.894801000110959],[-96.750257000374134,28.894780000238139],[-96.749843999922263,28.894850000322077],[-96.749488000270119,28.895148999969503],[-96.749124000222039,28.896064999652513],[-96.748708000295423,28.896430999937845],[-96.748109000070713,28.896729000149652],[-96.747510999670922,28.896751999615816],[-96.746964000223059,28.896569000200355],[-96.746546999573212,28.896156999647992],[-96.746286000355624,28.895700000046912],[-96.746181999700227,28.895332999929508],[-96.746154999936053,28.894279000102067],[-96.746727000396604,28.892767000235015],[-96.746727000396604,28.892101999919124],[-96.746596999801937,28.891827000353175],[-96.745763000298894,28.891026000035236],[-96.745008000438574,28.890842999964399],[-96.744122999983603,28.890957999831667],[-96.743706000232081,28.891071999916349],[-96.741884000341898,28.89219600035592],[-96.741624000050905,28.89254000015773],[-96.741415999638448,28.893181000140725],[-96.740870000015491,28.893616999711838],[-96.740218999912244,28.893868999942143],[-96.739515999930461,28.893915000136669],[-96.738916999705751,28.893594999968553],[-96.738709000191591,28.893205000027631],[-96.738525999893483,28.892402999687334],[-96.738292000440083,28.89192199989947],[-96.737926999668787,28.891579000059952],[-96.736806999935482,28.890845999723162],[-96.734697999990132,28.889838000388959],[-96.7336820000139,28.889014000068613],[-96.733030999910639,28.888235000170123],[-96.732666000037653,28.887570999619133],[-96.73211899969148,28.88621900001483],[-96.732353000043219,28.885370999960688],[-96.732404000096849,28.884316999686021],[-96.732352000218299,28.884248000087556],[-96.732247999562929,28.883584000000873],[-96.732091999927306,28.883194000214655],[-96.731701000115052,28.882552999933949],[-96.731595999634763,28.881430000267653],[-96.731465999938408,28.880811999963576],[-96.732064000338212,28.87902399966784],[-96.732296999966721,28.877648999956531],[-96.732506000204097,28.877075999967111],[-96.732505000379177,28.876160000329115],[-96.732426999663062,28.875977000021724],[-96.73193000044391,28.875265000371527],[-96.730051999578919,28.874274999914807],[-96.729766000246983,28.874023000123078],[-96.729634999827411,28.873770999720211],[-96.729608999888129,28.872946000325044],[-96.729972999936209,28.871273000379432],[-96.729791000361331,28.870905999684965],[-96.729281999649984,28.870512000090262],[-96.729140000258084,28.870401999669156],[-96.728592999911911,28.870264999890068],[-96.727422000124974,28.870426000099922],[-96.726979000434198,28.870426000099922],[-96.726536999670003,28.870220000089784],[-96.725938000343589,28.86966999999429],[-96.725416999936684,28.868960000129608],[-96.72539099999743,28.868181999966588],[-96.725104999767154,28.867745999824308],[-96.724610000197842,28.867493999932812],[-96.724401999785371,28.867218999722407],[-96.724375000021197,28.866555000145329],[-96.723802999560675,28.865730000104584],[-96.723801999735755,28.864424000130871],[-96.723574999955034,28.864111999681025],[-96.723150999632495,28.86353099963312],[-96.722473999589994,28.862934999808797],[-96.722266000075834,28.86213300019639],[-96.722083999602646,28.861834999850643],[-96.721380999620862,28.861377000346693],[-96.72052200000347,28.861056999853126],[-96.719012000282831,28.860759000356563],[-96.718844000053323,28.860692999903723],[-96.718023000070787,28.860369999812931],[-96.717736999840511,28.860135000122195],[-96.717268000210467,28.859751000173983],[-96.717033999858728,28.859407000359958],[-96.716460999573272,28.858925999631005],[-96.715940999889597,28.858925999631005],[-96.715081000447285,28.859087000096615],[-96.714976999791901,28.859018000264719],[-96.714950999852633,28.858834999668023],[-96.715133000325821,28.858444999823689],[-96.715107000386567,28.857367999881593],[-96.715601999955894,28.856246000242283],[-96.715627999895148,28.855833000261132],[-96.715524000138089,28.855467000122285],[-96.715185000204357,28.854870999701586],[-96.714221000106676,28.853793999719016],[-96.713205999955363,28.853175000269861],[-96.71250299997358,28.852625999707797],[-96.711513999761522,28.851410999806539],[-96.71117599965271,28.85122799998441],[-96.710551000387056,28.85120499988076],[-96.710056999744324,28.851388999780461],[-96.709639999992802,28.851983999669418],[-96.709511000121367,28.853037999816266],[-96.709198000126932,28.853336000198958],[-96.708730000321793,28.853496999878793],[-96.707245999642083,28.853657000080894],[-96.705710999807096,28.85319899995746],[-96.705033999764581,28.852649000283989],[-96.704617999837978,28.852419999828314],[-96.703576999747369,28.852214000327535],[-96.703056000238789,28.851641000158249],[-96.702718000129977,28.85102299973666],[-96.702718000129977,28.850450000086774],[-96.70282199988705,28.850152000089338],[-96.703134000056593,28.849785000360779],[-96.703940999795435,28.849350000227471],[-96.704252999964993,28.848983000029502],[-96.704774000371884,28.8477229999618],[-96.705085999643117,28.84726499967179],[-96.707059000044339,28.845799999724736],[-96.708357000052885,28.845525999665767],[-96.708824999858024,28.845319999887121],[-96.709111000088285,28.845067999931569],[-96.709369999656062,28.844976000332728],[-96.710202000407577,28.844907999892754],[-96.711851000045399,28.845145999664545],[-96.713220000199058,28.845342999718337],[-96.713713999943451,28.845113999700459],[-96.713846000187957,28.844839000095135],[-96.713769000195043,28.844380999696849],[-96.713325999605942,28.843601000294317],[-96.713327000329173,28.843119999636077],[-96.713457999850419,28.842753000276844],[-96.714319000015962,28.841812999607068],[-96.715674999750817,28.839886999844381],[-96.716352999618252,28.838671999867501],[-96.7167429996056,28.837045000212495],[-96.716586000145071,28.834891000039477],[-96.716403999671854,28.834294999762715],[-96.715596999933013,28.833264000290669],[-96.714452000085359,28.832463000305452],[-96.714062000098025,28.832278999983426],[-96.714010000219474,28.832164999937241],[-96.712969000128894,28.831592000299047],[-96.712343999964901,28.831041999711918],[-96.71221400026856,28.830812999697944],[-96.712188000329306,28.830538000070408],[-96.712395999843451,28.830171999859857],[-96.712865000371806,28.829965000132159],[-96.713852999860634,28.829712999976511],[-96.715076000424418,28.829666999694851],[-96.717079999889478,28.829918999961869],[-96.718536999906675,28.8298729997713],[-96.719083000427929,28.829689000379521],[-96.719286999744128,28.829468000158386],[-96.719420999638416,28.82932300033174],[-96.719525000293814,28.829093999683845],[-96.719551000233082,28.828405999968496],[-96.719254000132153,28.827848000115328],[-96.719161000245734,28.827673000316768],[-96.719161000245734,28.827214999914652],[-96.719316999881343,28.82652700037286],[-96.719081999704713,28.825290000216686],[-96.718822000312016,28.825083999728218],[-96.71837899972293,28.824901000033616],[-96.716298000264985,28.824832000349069],[-96.715960000156173,28.824740999680095],[-96.715516999567072,28.824489000257717],[-96.715257000174375,28.824168000100855],[-96.715231000235121,28.823801000015795],[-96.715412999809999,28.82350300003506],[-96.715750999918811,28.823296999945992],[-96.71645399990058,28.823114000258553],[-96.717962999796313,28.823227999985487],[-96.719497999631329,28.822631999826367],[-96.721787000400056,28.822378999705919],[-96.722542000260376,28.822081000377555],[-96.722906000308427,28.821852000327365],[-96.723087999883319,28.821187999963847],[-96.722904999585211,28.820866999861778],[-96.722384999901536,28.820386000381845],[-96.721578000162665,28.81997400005562],[-96.721476000055432,28.819882000310312],[-96.720720000370193,28.819194999882114],[-96.719651999617099,28.817178000104118],[-96.718690000067554,28.816561000014648],[-96.71798700008577,28.816308999685774],[-96.717129000293284,28.816149000297411],[-96.71509899999063,28.816195000254996],[-96.71465700012476,28.816011999892812],[-96.712836000059497,28.815484999776164],[-96.71122300040669,28.81525600017579],[-96.710835000069181,28.81525600017579],[-96.710672999687475,28.81525600017579],[-96.709766000389493,28.81525600017579],[-96.708671999697145,28.81543999988752],[-96.7071899995656,28.815486000158241],[-96.70653900036065,28.815234000376677],[-96.706227000191134,28.814867000288295],[-96.706044999717932,28.814385999857222],[-96.705888000257417,28.812943000191542],[-96.705705999784215,28.812185999824312],[-96.705757999662737,28.811429999886702],[-96.706382000001824,28.808910000089188],[-96.706563999576701,28.8079469997861],[-96.707006000340897,28.806113999893022],[-96.707058000219433,28.805334999966075],[-96.706746000049904,28.804167000027864],[-96.705939000311034,28.803044000131933],[-96.705366999850497,28.802493999900783],[-96.703935999772582,28.801485999719311],[-96.702452999816117,28.80020299979515],[-96.701959000071696,28.799629999834703],[-96.701672999841435,28.798828000373906],[-96.701646999902167,28.798186999682219],[-96.701829000375369,28.797545000004593],[-96.702088999768037,28.79717900035358],[-96.702478999755371,28.797040999635271],[-96.702946999560524,28.797156000115343],[-96.703987999651119,28.797934999779962],[-96.704586000050924,28.798208999932196],[-96.705340000086323,28.798163999666482],[-96.705859999770013,28.797934000016514],[-96.706172999764462,28.797682000289758],[-96.706614999630332,28.797086000385846],[-96.706616000353563,28.79639899998406],[-96.706484999933991,28.796101000332577],[-96.706146000000288,28.795802999829149],[-96.705417999904128,28.7954600001896],[-96.704428999692084,28.795253999748788],[-96.70367499965667,28.795300000272313],[-96.702894999681988,28.795528999650031],[-96.699773999958367,28.796904000082083],[-96.698577000232163,28.797293000124562],[-96.697640999723561,28.797385000138895],[-96.697017000282813,28.797225000027591],[-96.696469999936625,28.79701800015383],[-96.696131999827813,28.796606000299853],[-96.695924000313696,28.796078999637654],[-96.695299999974608,28.793214999638376],[-96.695170000278267,28.792939999930791],[-96.695091999562152,28.792091999823473],[-96.695170000278267,28.791657000304877],[-96.695976000192232,28.790145000168497],[-96.697665999837909,28.787831000321493],[-96.698186000419895,28.786914999863598],[-96.69823800029846,28.786479000129919],[-96.698203000138349,28.786259000222405],[-96.698003999946721,28.7850130000399],[-96.696469999936625,28.780934000374383],[-96.696417000233197,28.780498999974089],[-96.696495000050987,28.78020099975685],[-96.696730000227618,28.779719999945655],[-96.697172000093516,28.779398999646315],[-96.697926000128902,28.779216000019524],[-96.698393999934055,28.77914699999948],[-96.699018000273128,28.77887200019639],[-96.699330000442657,28.778642999666811],[-96.699330000442657,28.778099000336837],[-96.699328999719441,28.777841000175226],[-96.699292999734425,28.777770000119528],[-96.698496000041317,28.775756000036949],[-96.697741000180997,28.774357999713096],[-96.697377000132917,28.773830999993663],[-96.696752999793844,28.773212999973612],[-96.696207000170901,28.772869000040544],[-96.695375000317682,28.772571000074379],[-96.69412699963955,28.772388000281079],[-96.692800000217019,28.772341999886709],[-96.689967000373471,28.772502000383675],[-96.688744999634594,28.772662999853566],[-96.687730000381592,28.772662999853566],[-96.686222000310778,28.772205000166899],[-96.685910000141249,28.771930000174727],[-96.685468000275364,28.771196000051322],[-96.685442000336096,28.770555000366372],[-96.685572000032437,28.770187999657299],[-96.68588400020198,28.769889999908592],[-96.686560000419576,28.769501000007775],[-96.688069000315309,28.769202999872011],[-96.688666999816789,28.768859000105131],[-96.68895300004705,28.768607000197175],[-96.689265000216594,28.768057000209616],[-96.689291000155876,28.767323999673327],[-96.689134999621942,28.766704999636897],[-96.688901000168528,28.766223999812599],[-96.687548999733309,28.764619999819715],[-96.686248000250046,28.76374999976035],[-96.685468000275364,28.763475999630391],[-96.682893999999607,28.763016999686283],[-96.682140999789098,28.763016999686283],[-96.678163000097896,28.763566000154761],[-96.676056999627292,28.763679999657594],[-96.675355000368725,28.763656999906082],[-96.674132999629862,28.763450999645901],[-96.673171000080288,28.763176000209363],[-96.671481000434596,28.762328999975527],[-96.670662999926776,28.761830000064197],[-96.67009100036455,28.76119099978294],[-96.669877999929213,28.760286999997234],[-96.670067000075107,28.759109999825906],[-96.670612999698051,28.757975999778434],[-96.671345999817078,28.756019999772352],[-96.671786000033123,28.754176000199973],[-96.671970999981042,28.75232999995146],[-96.671714000063105,28.751070999788649],[-96.671012999731147,28.750269999698006],[-96.670519999811646,28.749700000181051],[-96.668907999983745,28.749026999681078],[-96.666741000312072,28.748062999824374],[-96.665004999737292,28.746567999979185],[-96.663717999599427,28.744499999650049],[-96.663315999916506,28.74228100031722],[-96.66356500033686,28.741394999847106],[-96.664134000424355,28.740491999918227],[-96.66553500036504,28.739245000388305],[-96.667290000308057,28.738279999716788],[-96.668477999813433,28.737620999735391],[-96.668789999982963,28.737185999986423],[-96.668801999678536,28.736299000066147],[-96.668075000305606,28.73557099972567],[-96.666054000223809,28.734550999884252],[-96.663515000108148,28.733191000363107],[-96.662643000071952,28.732181999737957],[-96.662041000372511,28.72998700003512],[-96.661156999742431,28.727581999644897],[-96.660212999736217,28.726217000144242],[-96.659632999778097,28.725279999966826],[-96.659210000178788,28.724045000250381],[-96.659589000295483,28.722634000024545],[-96.660057000100636,28.721908999726764],[-96.660022999765431,28.721360000094492],[-96.659918000183453,28.720846000185013],[-96.659814000426394,28.720386999613904],[-96.659345999722916,28.719974999750487],[-96.658877999917777,28.719723000058821],[-96.658281000241203,28.71974500030619],[-96.657891000253855,28.720203000036115],[-96.65760500002358,28.720203000036115],[-96.657266999914782,28.71976800027338],[-96.656669000413316,28.71981400019261],[-96.656512999879382,28.719928000179156],[-96.656357000243773,28.720225999902571],[-96.656045000074229,28.720225999902571],[-96.65552600021546,28.71990500024722],[-96.655239999985199,28.719951000106107],[-96.655265000099561,28.720661000123432],[-96.65513500040322,28.720890000202616],[-96.655161000342488,28.721210999985331],[-96.655629000147627,28.722035999868289],[-96.65604400024931,28.722792000092699],[-96.656018000310056,28.723113000338476],[-96.655835999836853,28.723295999831354],[-96.654068000373357,28.723409999960477],[-96.653911999839451,28.72336400004772],[-96.653599999669893,28.723019999750228],[-96.652793999755943,28.722859999849121],[-96.651807000092049,28.722469999950565],[-96.650792999765628,28.722309000295411],[-96.650350999899757,28.722286000099349],[-96.649519999871458,28.72208000017287],[-96.648662000078971,28.721782000218788],[-96.647727000293585,28.721162999682949],[-96.646532000217206,28.72017700021528],[-96.646064000412068,28.720039000088146],[-96.645752000242538,28.72017700021528],[-96.645752000242538,28.720497000105976],[-96.64593299999251,28.721093000187096],[-96.645543000005148,28.721139000311229],[-96.644686000037595,28.720542999704506],[-96.643725000312955,28.719648999908941],[-96.643465000021948,28.719235999771612],[-96.643310000211258,28.718136999752993],[-96.643049999920265,28.71781599998744],[-96.642348999588307,28.717242999871107],[-96.642322999649025,28.717059000275952],[-96.642505000122213,28.716945000313018],[-96.64388199977347,28.717082999796229],[-96.645753000067444,28.718320999814825],[-96.646739999731366,28.718801999658947],[-96.648819000437797,28.720567000000774],[-96.649676000405393,28.720956999907319],[-96.650325999785409,28.720979999607927],[-96.650741999712011,28.720705000218818],[-96.65105399988154,28.720087000118756],[-96.651079999820809,28.719331000031609],[-96.650925000010105,28.717680999916897],[-96.650458000029886,28.715961999747609],[-96.650249999617415,28.715549999782763],[-96.649965000110384,28.715091000388867],[-96.647496000314916,28.713211999710811],[-96.646223000420733,28.712020000076492],[-96.64544400027097,28.711584000352161],[-96.644902999772569,28.711425000090777],[-96.643441999557425,28.712105000248386],[-96.64321899997465,28.712141000050124],[-96.643044000072464,28.712097000290758],[-96.642919000399004,28.712118999778813],[-96.642669999978665,28.712218000175312],[-96.642625999597726,28.712218000175312],[-96.642570000419539,28.712184999790971],[-96.642520000190828,28.712173999660525],[-96.642276999618275,28.712141000050124],[-96.642189999579614,28.712145999824632],[-96.642126999830438,28.712172999863466],[-96.642027000271312,28.712195000123415],[-96.641909000270545,28.712179000221326],[-96.641822000231926,28.712190000351239],[-96.641597000101015,28.712256000318547],[-96.641571999986652,28.712272000208856],[-96.641546999872304,28.712343999684936],[-96.641527999605728,28.712365999908908],[-96.641422000198844,28.712415000104578],[-96.641371999970119,28.712420999660687],[-96.641341000007984,28.712415000104578],[-96.641321999741393,28.712403999998319],[-96.641290999779258,28.712360000349644],[-96.641160000258012,28.712315999894525],[-96.641104000181514,28.71231100012816],[-96.640992000028533,28.71232700001006],[-96.640923000431542,28.712354000002165],[-96.640854999761174,28.712360000349644],[-96.640648999896854,28.712338000124401],[-96.640561000033301,28.712381999782398],[-96.640518000375593,28.712392999890898],[-96.640473999994654,28.712397999653408],[-96.640381000108249,28.712381999782398],[-96.640299000092483,28.712419999865979],[-96.640161999825125,28.71243099997055],[-96.640105999748641,28.71237600022404],[-96.639955999960804,28.712342999889493],[-96.639857000226598,28.712381999782398],[-96.639700999692693,28.712408999760253],[-96.639632000095716,28.712446999834089],[-96.639525999790493,28.712480000135827],[-96.639432000079168,28.712541000164769],[-96.639319999926158,28.712530000071752],[-96.639251000329196,28.712534999827657],[-96.639001999908857,28.712530000071752],[-96.638871000387581,28.712568000101633],[-96.638790000196749,28.71265100024323],[-96.638683999891555,28.712711000380576],[-96.638609000446777,28.712721999666673],[-96.638528000255931,28.712749000344644],[-96.638427999798509,28.712759999626748],[-96.638353000353732,28.712837000084136],[-96.638278000010672,28.712864999735061],[-96.638190999972039,28.712870000262836],[-96.638072999971271,28.712853999676124],[-96.638016000069854,28.71282600002225],[-96.637973000412146,28.712792999829734],[-96.637954000145584,28.712765999950932],[-96.63792300018342,28.712754999881593],[-96.637878999802496,28.712842999616047],[-96.637847999840375,28.712853999676124],[-96.637760999801714,28.712859000204421],[-96.637698000052538,28.712881000320078],[-96.637661000242602,28.713006999818852],[-96.637611000013905,28.713039999943913],[-96.637573000379064,28.713035000212091],[-96.637498999860895,28.712995999774851],[-96.637448999632198,28.713024000171092],[-96.637391999730781,28.71307900036474],[-96.637360999768632,28.713089999612151],[-96.637311000438245,28.713084000094401],[-96.637248999615636,28.713046000251978],[-96.637193000437463,28.713062000021441],[-96.637129999789963,28.713095000129162],[-96.637056000170134,28.71307900036474],[-96.637031000055757,28.713084000094401],[-96.636999000268716,28.713155999799415],[-96.636937000344417,28.713237999687593],[-96.636912000230083,28.713248999706146],[-96.636867999849144,28.713248999706146],[-96.636836999887009,28.71321099992366],[-96.636811999772647,28.713199999901125],[-96.636774999962711,28.71320499962501],[-96.636681000251386,28.713232000178355],[-96.636637999695367,28.71327099973972],[-96.63659900023562,28.713294000342895],[-96.636518999869679,28.713342000317994],[-96.636462999793196,28.7133589998279],[-96.636245000233302,28.713375000337361],[-96.63611399981373,28.713485000326614],[-96.636088999699368,28.71354599976943],[-96.636045000216754,28.713589999707125],[-96.635901000276718,28.713667000341289],[-96.635794999971509,28.713693999987502],[-96.635719999628421,28.713689000287001],[-96.635577000411615,28.71361199966897],[-96.635434000296485,28.713551000264637],[-96.635370999648984,28.713551000264637],[-96.635321000318569,28.713562000250281],[-96.635189999899012,28.713617000161022],[-96.634804000109639,28.713595000200169],[-96.634691000131724,28.713617000161022],[-96.63455399986438,28.713660000286009],[-96.634423000343119,28.713737000080826],[-96.634342000152273,28.713857999643874],[-96.634297999771334,28.713902000238114],[-96.63425500011364,28.713930000391755],[-96.634204999884901,28.713946000025992],[-96.633948999791869,28.713930000391755],[-96.633898999563158,28.713941000337538],[-96.633849000232757,28.713978999854806],[-96.633829999966196,28.714011999673122],[-96.633824000118423,28.714050999731519],[-96.633829999966196,28.714143999630313],[-96.633849000232757,28.714231999771801],[-96.633835999813968,28.714304000262285],[-96.633785999585257,28.71435899978286],[-96.633742999927563,28.714375000139324],[-96.633587000291953,28.714386000038303],[-96.633461999720154,28.714368999907439],[-96.633269000274638,28.714314000392129],[-96.633125000334573,28.714259000060039],[-96.633087999626355,28.714259000060039],[-96.632951000257307,28.714325000297517],[-96.632838000279406,28.714390999705497],[-96.632769999609025,28.714418999728217],[-96.632526000109877,28.714462000311343],[-96.631902999595724,28.714659999726635],[-96.631709000325273,28.71482500000354],[-96.631633999982199,28.714829999649741],[-96.631572000057915,28.714807999944096],[-96.631534000423073,28.714807999944096],[-96.631422000270092,28.714846999705685],[-96.63122899992625,28.714939999684475],[-96.630860999680209,28.71506100021935],[-96.630803999778806,28.71510500030751],[-96.630736000006749,28.715143000189663],[-96.630679999930237,28.715160000194704],[-96.630429999684992,28.715324999682753],[-96.630342999646359,28.715351999688814],[-96.630192999858536,28.715380000242114],[-96.630086999553313,28.71538499986179],[-96.629919000222145,28.715418000024421],[-96.629800000396457,28.715424000196066],[-96.629680999672459,28.715455999792862],[-96.629362999655129,28.715582999893272],[-96.629282000362593,28.715638000316961],[-96.629089000018752,28.715785999938259],[-96.628982999713543,28.715895999755364],[-96.628914000116566,28.715911999876631],[-96.628863999887855,28.715911999876631],[-96.628677000290111,28.715885000015199],[-96.628570999984902,28.715851999999991],[-96.628309000044084,28.71590100013821],[-96.628240000447093,28.715928999756692],[-96.628159000256247,28.715989000377075],[-96.628128000294112,28.716027999698255],[-96.628109000027536,28.716076999754033],[-96.628064999646597,28.716121000202588],[-96.628002999722327,28.716158999715592],[-96.627890999569345,28.716203000129656],[-96.627821999972355,28.716252999861506],[-96.627715999667146,28.716307999932852],[-96.627391999802057,28.716456000181637],[-96.627277000174303,28.716528999684282],[-96.627222999747644,28.71654900030536],[-96.626954999959054,28.716566000081858],[-96.626873999768179,28.716588000205569],[-96.626648999637283,28.716720000062889],[-96.626473999735111,28.716841000114002],[-96.626448999620749,28.71685100000127],[-96.62633700036605,28.716863000179849],[-96.626081000273018,28.716961000273809],[-96.626012999602665,28.717000000020384],[-96.625963000272264,28.717054999698867],[-96.625893999776977,28.71719200007572],[-96.625701000331446,28.717252999719943],[-96.625532000277033,28.717317999895819],[-96.625395000009675,28.717339999861313],[-96.625270000336215,28.717348999953291],[-96.625245000221852,28.717351000236281],[-96.625138999916643,28.717339999861313],[-96.624999000174569,28.717301999989594],[-96.624881000173772,28.717245999904655],[-96.624823000447464,28.71725599975321],[-96.62465600004289,28.717305999769387],[-96.624469000445146,28.717393999613837],[-96.624206999606002,28.717454999928076],[-96.623920000449132,28.717559000304277],[-96.623402000415282,28.717696999765131],[-96.623221999591905,28.717729999986005],[-96.622896999901897,28.717812999970242],[-96.622192000270289,28.718005999849861],[-96.621793000062112,28.718066000066379],[-96.621630999680406,28.718093999893046],[-96.621413000120512,28.718115999695353],[-96.621126000065345,28.718275000026658],[-96.620852000428968,28.718325000343537],[-96.620253000204244,28.7185399997791],[-96.620065999708174,28.71859500022326],[-96.619741000018166,28.718649999850655],[-96.619498000343924,28.718738000139794],[-96.619217999961464,28.718826000354806],[-96.619074000021399,28.718842999761115],[-96.618544000291976,28.718968999955447],[-96.618220000426874,28.719079000363553],[-96.617807999799922,28.719266000319131],[-96.617495999630378,28.719386999787844],[-96.616797999671462,28.719568999773209],[-96.616436000171547,28.719634999810847],[-96.616143000268565,28.719663000005212],[-96.6158000001369,28.719651999873456],[-96.615518000104601,28.719625999915568],[-96.615506000409027,28.719625000189751],[-96.61527600025525,28.719619000259129],[-96.614995000047855,28.719596999985246],[-96.614882999894874,28.71957000028733],[-96.614789000183549,28.719574999706694],[-96.614507999976141,28.719625000189751],[-96.614265000301884,28.719680000063295],[-96.614059000437564,28.719712999658373],[-96.613821999712783,28.71976800027338],[-96.613559999771965,28.71978999972346],[-96.6133859996947,28.719872999648295],[-96.613123999753881,28.719965999884469],[-96.6128369996987,28.72003800036633],[-96.612469000350984,28.720230000358345],[-96.612399999855697,28.720329999886378],[-96.612343999779199,28.720675999799951],[-96.612326000235853,28.720703000000039],[-96.612262999588339,28.720719999889017],[-96.612075999990608,28.720802000148961],[-96.61195100031712,28.720874000055115],[-96.611727000011143,28.721088999764333],[-96.611645999820297,28.721131999968264],[-96.611583000071107,28.721137999812072],[-96.611484000336887,28.721137999812072],[-96.611060999839268,28.721232000209223],[-96.61037700012406,28.721384000203219],[-96.610193999825967,28.721425000080803],[-96.61015500036622,28.721452000087552],[-96.609948999603574,28.721479000087264],[-96.609644000005062,28.721557000134872],[-96.609368999645454,28.721611999779938],[-96.609306999721156,28.72160599996328],[-96.609187999895482,28.721573000177813],[-96.609001000297724,28.721557000134872],[-96.608889000144742,28.721557000134872],[-96.608613999785135,28.72160599996328],[-96.608289999920018,28.72160599996328],[-96.608058999941335,28.721667000183832],[-96.607928000420088,28.721721999771034],[-96.607865999597479,28.721777000117132],[-96.607785000304958,28.721825999842512],[-96.607721999657443,28.721820999742953],[-96.607628999771038,28.721761000105413],[-96.607410000386238,28.721772000015246],[-96.607360999982433,28.721755000297293],[-96.60727300011888,28.721750000194362],[-96.607229999562861,28.721755000297293],[-96.60706700025456,28.721827000335018],[-96.607011000178062,28.721820999742953],[-96.606924000139415,28.721788000025334],[-96.606873999910718,28.721793999831494],[-96.60683000042809,28.721809999838225],[-96.606817999834206,28.721843000336712],[-96.606823999682007,28.721881999838079],[-96.606904999872853,28.721963999974477],[-96.606912000443856,28.721992000333],[-96.606899000025066,28.722019000193264],[-96.606868000062931,28.722030000075957],[-96.606837000100796,28.722035999868289],[-96.606811999986434,28.722019000193264],[-96.606736999643346,28.721886999934696],[-96.606705999681211,28.721865000138013],[-96.606656000350824,28.721860000040351],[-96.606313000219131,28.721942000193991],[-96.60620000024123,28.721996999636556],[-96.606195000218378,28.722014999805932],[-96.606218999609496,28.722057999628998],[-96.606274999685994,28.72212399967119],[-96.606268000013301,28.722141000116942],[-96.606212999761723,28.722183999888227],[-96.606131999570877,28.722194999753555],[-96.606100999608714,28.722183999888227],[-96.606113000202612,28.722051999837987],[-96.606100999608714,28.722030000075957],[-96.606037999859524,28.721996999636556],[-96.605981999783026,28.721992000333],[-96.605820000299644,28.722003000218518],[-96.605719999842208,28.722057999628998],[-96.6056830000323,28.722101999924377],[-96.605676000359608,28.722173999723154],[-96.605663999765724,28.722201000324233],[-96.605638999651376,28.722239999692068],[-96.605607999689212,28.722262000197659],[-96.605496000434556,28.72230599961933],[-96.605252000037069,28.722365999731927],[-96.605209000379375,28.722344000036031],[-96.605195999960586,28.722317000259682],[-96.605201999808358,28.722288999988205],[-96.605190000112799,28.722255999630555],[-96.60514599973186,28.722228999831422],[-96.60509600040146,28.722212000187767],[-96.604928000171981,28.722212000187767],[-96.60484699998112,28.722185000377337],[-96.604802999600182,28.722141000116942],[-96.604747000422009,28.722107999712513],[-96.604703000041084,28.722096999838037],[-96.604652999812373,28.7220910000492],[-96.604453999620716,28.72211299979833],[-96.604379000175967,28.722135000330638],[-96.604328999947271,28.722162999855549],[-96.604278999718545,28.722223000050221],[-96.604247999756424,28.722244999771576],[-96.604129999755628,28.722288999988205],[-96.604061000158651,28.722299999842555],[-96.603898999776945,28.722288999988205],[-96.603729999722546,28.722294999765666],[-96.603531000429228,28.722328000111016],[-96.603124999650063,28.722422000226089],[-96.60296900001444,28.722482000272116],[-96.602943999900091,28.722526000389013],[-96.602932000204518,28.722620000326067],[-96.602806999632733,28.722664000384942],[-96.602713999746314,28.722675000199775],[-96.602583000225067,28.722657999840852],[-96.602538999844143,28.722631000145583],[-96.602470000247152,28.722532000152889],[-96.602445000132803,28.722526000389013],[-96.60215200022985,28.722532000152889],[-96.602051999772414,28.722576000248722],[-96.601978000152585,28.722701999883672],[-96.601716000211752,28.722789999913829],[-96.60159700038605,28.722807000251301],[-96.601496999928642,28.722807000251301],[-96.601390999623419,28.722823000102949],[-96.601272999622651,28.722867000076391],[-96.601217000444464,28.722872999820634],[-96.601193999979927,28.722872999820634],[-96.601135000428698,28.722872999820634],[-96.600947999932629,28.722839999647306],[-96.600829999931861,28.722839999647306],[-96.600615999671632,28.72288700027298],[-96.600300000202438,28.722955999661604],[-96.600156000262402,28.722934000089797],[-96.600038000261605,28.722934000089797],[-96.59978800001636,28.722978000016528],[-96.599569999558156,28.723044000265723],[-96.599307999617338,28.723154000325852],[-96.599008000041678,28.723252999729596],[-96.598465999718371,28.723335000366351],[-96.598091999624572,28.723440000098197],[-96.59784800012541,28.723539000018924],[-96.597524000260293,28.723687999961562],[-96.597212000090778,28.723786999647473],[-96.596981000112081,28.723836000006372],[-96.596793999616025,28.723841999695068],[-96.596545000093997,28.72390199971392],[-96.596289000000951,28.723951999703392],[-96.596088999984417,28.724018000125522],[-96.595827000043599,28.72413299993789],[-96.595458999797586,28.724363999651459],[-96.595322000428524,28.72447399989835],[-96.595196999856753,28.724535000021195],[-96.595171999742391,28.724594999642349],[-96.595196999856753,28.724748999615336],[-96.595165999894604,28.724908999776666],[-96.595129000084683,28.724942000084763],[-96.59502899962726,28.724980000331101],[-96.594842000029516,28.724990999902328],[-96.594717000356027,28.7249750003824],[-96.594623999571311,28.724935999671406],[-96.594524000012186,28.72487600024596],[-96.594479999631261,28.724825999910621],[-96.594448999669126,28.724748999615336],[-96.594323999995652,28.724579000061876],[-96.594217999690443,28.724550999608397],[-96.59405000035926,28.72456799965952],[-96.593606999770159,28.724667000087617],[-96.593426000020202,28.724721999672276],[-96.593251000118016,28.724760999675308],[-96.593113999850658,28.724765999634247],[-96.592964000062835,28.724750000079894],[-96.592758000198515,28.724750000079894],[-96.592564999854659,28.724815999998235],[-96.592409000219035,28.724832000330284],[-96.592153000126004,28.724827000374489],[-96.591897999857892,28.724804999620876],[-96.591691999993571,28.724820999954542],[-96.591348999861893,28.724947999709926],[-96.590318999641937,28.724898999872206],[-96.589889000369951,28.724937999809221],[-96.589839000141239,28.724942999759701],[-96.589507999705134,28.725019999912149],[-96.589333999627868,28.725036000212917],[-96.58902200035665,28.725024999858711],[-96.588927999747,28.725046999778254],[-96.588828000187888,28.725085999660038],[-96.588760000415832,28.725130000256542],[-96.588623000148473,28.725262000359553],[-96.588516999843264,28.725387999908492],[-96.588466999614539,28.725504000246776],[-96.588423000131939,28.725537000367066],[-96.588347999788866,28.725574999609368],[-96.588148999597237,28.72559200028174],[-96.588099000266851,28.725607999707243],[-96.588018000075976,28.725817000347575],[-96.588018000075976,28.725933000209835],[-96.588060999733685,28.726069999983295],[-96.588167000038894,28.726306000028682],[-96.58818600030547,28.726406000047472],[-96.588173999711586,28.726422000136107],[-96.588148999597237,28.726415999807763],[-96.588085999848047,28.726361999987976],[-96.587930000212424,28.726081000227541],[-96.587849000021578,28.726025999782365],[-96.58779299994508,28.726043000381395],[-96.58766800027162,28.726147000093381],[-96.587544000423051,28.726175000119319],[-96.587581000232973,28.726098000029857],[-96.587686999639871,28.726004000068848],[-96.587756000135158,28.725910999689027],[-96.587781000249507,28.725850000369068],[-96.58779299994508,28.725773000040224],[-96.587806000363869,28.725504000246776],[-96.58787400013594,28.725361000130462],[-96.587948999580689,28.72523400008907],[-96.587955000326787,28.725190000324055],[-96.587886999656419,28.725135000197838],[-96.587761999982945,28.725091000391167],[-96.587705999906447,28.725091000391167],[-96.587649000005044,28.725118999912223],[-96.587550000270838,28.725244999633507],[-96.587486999623323,28.725284000229227],[-96.587393999736918,28.725277999835566],[-96.587243999949081,28.725239999697493],[-96.587125000123393,28.725222999755641],[-96.586945000198341,28.725311000027151],[-96.586869999855267,28.725311000027151],[-96.586776000143928,28.725289000163155],[-96.586588999647873,28.725185000385395],[-96.586407999897915,28.725063999748702],[-96.586264999782784,28.725009000343974],[-96.586159000375872,28.724981999680288],[-96.586070999614009,28.725026000320621],[-96.585928000397189,28.725026000320621],[-96.585827999939767,28.725003999608877],[-96.585360000134614,28.724733999735349],[-96.585284999791568,28.7245640001575],[-96.585217000019497,28.724348999716234],[-96.585166999790772,28.724217000036031],[-96.585116999562061,28.724150999739532],[-96.585017000002964,28.724080000197649],[-96.584816999986415,28.723981000001423],[-96.584774000328693,28.723931000025818],[-96.58470499983342,28.723815999991253],[-96.584673999871285,28.723634999995742],[-96.58462399964256,28.723485999977559],[-96.584518000235661,28.72330500019849],[-96.58446800000695,28.723186999612341],[-96.584442999892588,28.723129000143292],[-96.584318000219142,28.72303499987612],[-96.584186999799556,28.72286499989891],[-96.584062000126096,28.722776999931931],[-96.583938000277527,28.722672000321985],[-96.583850000413989,28.722540000100086],[-96.583800000185263,28.722414000269911],[-96.583688000032268,28.722204999916642],[-96.583389000281542,28.72202400028333],[-96.583332000380125,28.721935999608466],[-96.583307000265776,28.721825999842512],[-96.583220000227129,28.721649999661022],[-96.583164000150646,28.721578000289213],[-96.583045000324944,28.721511999902415],[-96.582952000438539,28.721265000102321],[-96.582851999981102,28.721170999734838],[-96.582783000384111,28.721071999935344],[-96.582683999751595,28.72087999991377],[-96.582621000002433,28.720719999889017],[-96.58267100023113,28.720533999887426],[-96.582658999637246,28.720396000231439],[-96.582477999887288,28.720132000176669],[-96.582403000442525,28.720076999753118],[-96.582322000251679,28.720039000088146],[-96.582272000022968,28.720022000088438],[-96.582227999642043,28.720022000088438],[-96.582147000349508,28.72008299965751],[-96.58207200000642,28.72016499962912],[-96.581965999701211,28.720259000113163],[-96.581928999891275,28.720313999653182],[-96.58189799992914,28.720340999946764],[-96.58185400044654,28.720340999946764],[-96.581742000293559,28.720281000247763],[-96.581697999912606,28.720270000181067],[-96.581647999683895,28.720270000181067],[-96.581579000086919,28.720285999633134],[-96.581492000048286,28.720329999886378],[-96.581385999743063,28.720329999886378],[-96.581329999666579,28.720307999762099],[-96.581298999704444,28.720275000354786],[-96.581273999590081,28.720208999933277],[-96.581304999552216,28.72008299965751],[-96.581292000031738,28.720022000088438],[-96.581204999993091,28.719906999693439],[-96.581067999725761,28.719819000388132],[-96.581004999976571,28.719725000296354],[-96.580886999975789,28.719665000243889],[-96.580619000187198,28.719565999806299],[-96.58054399984411,28.719504999935648],[-96.580512999881975,28.719438999815949],[-96.580512999881975,28.719374000170657],[-96.580588000225049,28.719279999678864],[-96.58070000037803,28.719033000121001],[-96.580619000187198,28.718889999820114],[-96.58063699973053,28.718818000123445],[-96.580787000416677,28.718658999829938],[-96.580993000281012,28.718344999833302],[-96.58114300006882,28.718263000010097],[-96.581230000107482,28.71824100023877],[-96.581241999803026,28.718202000167178],[-96.581230000107482,28.718153000319244],[-96.581191999574315,28.718114000214896],[-96.581117999954472,28.71810299992018],[-96.581035999938706,28.718075999836579],[-96.580929999633483,28.718014999884517],[-96.580867999709213,28.717926999774846],[-96.580856000013654,28.717883000086136],[-96.580923999785711,28.717790000360885],[-96.5809370002045,28.717717999906853],[-96.580898999671348,28.717636000379844],[-96.58079900011225,28.717553000255119],[-96.580667999692679,28.717410000293828],[-96.580587000400143,28.717273000202564],[-96.580531000323646,28.717207000249832],[-96.580331000307098,28.717091999910306],[-96.580293999598865,28.717053000198106],[-96.580262999636716,28.716959999734726],[-96.580188000191967,28.716832999730777],[-96.580087999734545,28.716557999677615],[-96.580101000153334,28.716355000343253],[-96.580093999582317,28.716233999729859],[-96.580000999695898,28.715805000151303],[-96.580038000404144,28.715666999769535],[-96.580044000251917,28.715491000251532],[-96.580038000404144,28.715354000009956],[-96.57988199987021,28.715112000266089],[-96.579839000212516,28.715013000245278],[-96.579951000365497,28.714710999968968],[-96.579944999619414,28.714518000311283],[-96.579870000174651,28.714381000370818],[-96.579751000348949,28.714287000118102],[-96.579751000348949,28.714199000022894],[-96.579713999640717,28.714067000135106],[-96.579706999968025,28.713435000059338],[-96.579681999853662,28.713296999701896],[-96.579664000310316,28.712847000354241],[-96.579670000158103,28.712400999825881],[-96.579656999739314,28.71233499995008],[-96.579619999929392,28.712285999716933],[-96.579538999738531,28.71221400020093],[-96.579495000255932,28.71215900034025],[-96.579495000255932,28.71207100003036],[-96.579394999798481,28.711879000028354],[-96.579296000064289,28.711586999760147],[-96.579226999569002,28.711317999714428],[-96.579115000314331,28.71107600008683],[-96.578952000107705,28.710790000378118],[-96.578828000259151,28.710499000034485],[-96.578758999763849,28.710250999619831],[-96.578740000395598,28.710119000264985],[-96.578752999916077,28.709821999925694],[-96.578727999801714,28.70959700011004],[-96.578558999747315,28.709255999698005],[-96.57854100020397,28.709091000090851],[-96.57852799978518,28.708771999797193],[-96.578490999975244,28.708580000043145],[-96.578397000263934,28.708481000143067],[-96.578203999920092,28.70830500035202],[-96.578147999843566,28.708178000081606],[-96.578104000360966,28.707986000025301],[-96.578048000284468,28.707869999951892],[-96.577998000055757,28.707776999990237],[-96.57791100001711,28.707694999760673],[-96.577835999674051,28.707594999970205],[-96.577798000039209,28.707475000095528],[-96.577747999810498,28.70727099983505],[-96.577705000152804,28.706864000332267],[-96.577642000403614,28.706683000149265],[-96.577617000289251,28.706556000273633],[-96.577611000441465,28.706397000249201],[-96.577741999962726,28.705780999627283],[-96.577741999962726,28.70569800033806],[-96.577685999886228,28.705319000326423],[-96.577711000000576,28.704950999832988],[-96.57778600034365,28.704753000162434],[-96.577904000344432,28.704610000036048],[-96.577897999598335,28.704576999615487],[-96.577842000420134,28.704570999609519],[-96.577778999772633,28.704598999897012],[-96.577435999640969,28.704807999977202],[-96.57736100019622,28.704873999874284],[-96.57720600038553,28.704978000152956],[-96.577156000156805,28.704978000152956],[-96.577086999661503,28.705000000350186],[-96.577062000445466,28.705021999754912],[-96.57703099958502,28.705105000368249],[-96.577006000368968,28.705115999666152],[-96.576936999873695,28.705120999776408],[-96.576869000101624,28.70514899991672],[-96.576838000139489,28.705142999943551],[-96.576806000352434,28.705105000368249],[-96.576806000352434,28.705049999921723],[-96.576818999872899,28.705021999754912],[-96.576863000253837,28.705021999754912],[-96.576880999797169,28.704973000035878],[-96.576905999911531,28.704955999951121],[-96.577212000233303,28.70490100021415],[-96.57724900004321,28.704873999874284],[-96.577274000157573,28.704830000210169],[-96.577330000234056,28.704824000218707],[-96.577379999564457,28.704790999865637],[-96.577392999983246,28.704764000285273],[-96.577386000310582,28.704698000318803],[-96.577654999924079,28.704521999679272],[-96.577711000000576,28.70444500019282],[-96.577729000442233,28.704390000187296],[-96.577704000327884,28.704070999742537],[-96.577673000365749,28.703928000259896],[-96.577679000213521,28.703894999624239],[-96.577729000442233,28.703784999793886],[-96.577809999734797,28.703635999860879],[-96.577784999620405,28.703591999676107],[-96.577784999620405,28.703569999970778],[-96.577834999849131,28.703543000075349],[-96.577859999963493,28.703504999918973],[-96.577834999849131,28.703432999875023],[-96.577854000115721,28.703405999944291],[-96.577904000344432,28.70336699985689],[-96.577910000192205,28.703306999875913],[-96.577897999598335,28.703272999950215],[-96.577897999598335,28.703230000283291],[-96.57792899956047,28.703146999758502],[-96.577984999636968,28.703109000246201],[-96.577997000230837,28.703086999651372],[-96.57800399990353,28.703031999719933],[-96.578340000362516,28.702580999664448],[-96.578414999807265,28.702498000200706],[-96.578546000226851,28.702399000061273],[-96.578732999824595,28.702223000282427],[-96.578740000395598,28.702189999897005],[-96.578726999976823,28.702063999977014],[-96.578696000014659,28.701965000214908],[-96.578701999862446,28.701904000322806],[-96.578820999688148,28.701739000152273],[-96.578814000015441,28.701705999614209],[-96.578788999901093,28.701672999853638],[-96.578788999901093,28.701650999744867],[-96.578839000129804,28.701595999846603],[-96.578876999764631,28.701415000005959],[-96.578983000069854,28.701232999950701],[-96.579200999629734,28.700749999875612],[-96.579343999744864,28.700491000207478],[-96.579363000011426,28.70044700027627],[-96.579484000385264,28.69969499973741],[-96.579500000278784,28.699599999766871],[-96.579556000355282,28.699452000097214],[-96.579605999685697,28.699254000265025],[-96.579650000066621,28.69914400028393],[-96.579711999990906,28.699012000311626],[-96.579874000372612,28.698736999900234],[-96.579917999855226,28.698642999774421],[-96.579937000121802,28.69851700031159],[-96.579923999703013,28.698418000345864],[-96.579843000410463,28.69815399997935],[-96.579861999778728,28.698043999630084],[-96.579917999855226,28.6979339999532],[-96.579961000411245,28.697889999734894],[-96.580024000160435,28.697857000346993],[-96.580179999796044,28.697874000009069],[-96.580255000139118,28.697818999701777],[-96.580255000139118,28.69779099996401],[-96.580086000084719,28.697654000182343],[-96.57991100018252,28.697460999788792],[-96.579717999838678,28.697302000128062],[-96.579506000126571,28.697147999929026],[-96.579363000011426,28.696994000291458],[-96.579188000109269,28.696932999865762],[-96.578800999596652,28.696928000152258],[-96.578720000304116,28.696884000298962],[-96.578608000151121,28.696846000088474],[-96.578521000112488,28.696839999639241],[-96.578420999655052,28.696884000298962],[-96.578352000058089,28.696928000152258],[-96.578290000133805,28.696939000309662],[-96.578208999942945,28.696922999650475],[-96.577991000383051,28.6968349999213],[-96.577648000251386,28.696944999965218],[-96.577341999929644,28.697011000093696],[-96.577155000331885,28.697081999886947],[-96.577018000064541,28.697252999946031],[-96.57694899956924,28.697368000031432],[-96.576843000162356,28.697472999827731],[-96.57673100000936,28.69755500018822],[-96.576624999704137,28.697598999759389],[-96.576557999756986,28.697757999756913],[-96.575648999910896,28.697753000082812],[-96.57565800013171,28.698469999766459],[-96.575667000352539,28.699187000053929],[-96.575679999873032,28.700271000366257],[-96.57539100016804,28.701646000256687],[-96.5750439998384,28.703297000269739],[-96.57469800023199,28.704948000234729],[-96.574658999873918,28.705225999673036],[-96.574620000414185,28.705503000087756],[-96.574550000093978,28.705501000366162],[-96.574063999847183,28.705487999811041],[-96.573576999775455,28.705475999903253],[-96.570620000083366,28.705395999957581],[-96.570420999891724,28.705389999998587],[-96.570271000103901,28.70538599976312],[-96.569759999742729,28.705372000119578],[-96.569477999710429,28.705363999647069],[-96.569197000401346,28.705356999824009],[-96.568829999980238,28.705346999625831],[-96.568640000009424,28.705342000314239],[-96.566812000271483,28.705292999957198],[-96.566727999707581,28.705290000368763],[-96.566644999866881,28.705287999855173],[-96.566566000224185,28.705286000129469],[-96.565198999720351,28.705248999681359],[-96.565113000404935,28.705246000091652],[-96.563510999724471,28.705200999932345],[-96.563462000218991,28.705200000068633],[-96.563271000423271,28.705176000185674],[-96.563146999676391,28.705071000238856],[-96.562981999819968,28.705025000138907],[-96.562817999788436,28.704984000135589],[-96.562139000096096,28.704975999633412],[-96.561811999857952,28.704972000169992],[-96.561469999551193,28.704967999918548],[-96.561257000014166,28.704977000287133],[-96.56081199977524,28.705019000158703],[-96.559980999746926,28.705031999984154],[-96.559856999898372,28.705036000233157],[-96.559733000049832,28.705039999694119],[-96.557870999976672,28.705074999698496],[-96.556732999801696,28.705096000010627],[-96.554910999911527,28.705130000131877],[-96.553822999965263,28.705156999617806],[-96.553339000266604,28.705165999970117],[-96.553172999686936,28.705169000350054],[-96.550556999578376,28.705218999840763],[-96.547731000305845,28.705273000335502],[-96.541967999636086,28.705383000177342],[-96.534704000364812,28.705522999665497],[-96.528908999907998,28.70563200017283],[-96.528781999686373,28.705634999751471],[-96.528656000188008,28.70563700025842],[-96.528631000073659,28.70563700025842],[-96.528450000323687,28.705642000343783],[-96.517532000328004,28.705817000029459],[-96.515301000183911,28.705852999631333],[-96.514809000089301,28.705852999631333],[-96.50066099969176,28.706167000098485],[-96.500259999833759,28.706174999721675],[-96.491486999768441,28.706372999852871],[-96.488377999740393,28.706447999792776],[-96.488308000318497,28.706450000284178],[-96.48823899982321,28.706451000135882],[-96.488119999997537,28.70645399969111],[-96.488000000346915,28.706457000034039],[-96.477639999669762,28.706699999953422],[-96.477531999714728,28.706701999652104],[-96.477424999584599,28.706704999987984],[-96.475688999908144,28.706746000104822],[-96.475599000394794,28.706747999802676],[-96.475508999983091,28.706750000288331],[-96.47536099984508,28.706695999767994],[-96.474958000337267,28.70634300033457],[-96.474633999573868,28.705724999677429],[-96.474595999939027,28.705475000042178],[-96.474637999771829,28.705227000324367],[-96.474816999871976,28.704949000100783],[-96.475196999813562,28.704676999926747],[-96.475812999756712,28.704008999627145],[-96.476191999873393,28.70368299966168],[-96.477644999692629,28.702912000127334],[-96.478057000319581,28.702568000322429],[-96.478080999710727,28.702535000045732],[-96.478009999565614,28.702535999934899],[-96.477939000318827,28.702535999934899],[-96.477920999877156,28.702535999934899],[-96.468119000315141,28.702626000162663],[-96.467890999811203,28.702632000280087],[-96.452775000016288,28.703057999863034],[-96.452155999700082,28.703072999700172],[-96.452056000140985,28.703070999932141],[-96.451485000403665,28.703084999883547],[-96.451359000006974,28.703084999883547],[-96.450277999733402,28.703111999897164],[-96.449849000286335,28.703117999986791],[-96.448546000254922,28.703151999962842],[-96.447823000181657,28.70316500002027],[-96.447447000438018,28.703166999786557],[-96.446498000408923,28.70318500004489],[-96.444976999919319,28.703221999646995],[-96.444597999802639,28.703227999730313],[-96.443267000182132,28.703259999906209],[-96.442164999992173,28.703281999676712],[-96.441436000071121,28.703290000308414],[-96.440312000139869,28.703319000032458],[-96.438938999788263,28.70334500010426],[-96.436741000154441,28.703389000392836],[-96.436278000372155,28.703398000109345],[-96.436176000264908,28.703398000109345],[-96.43606199956379,28.703403000301748],[-96.435632000291776,28.703412999897793],[-96.43544599962064,28.703414999659362],[-96.435166000136462,28.703417000208741],[-96.434636000407053,28.703430000233258],[-96.434474000025347,28.703433999755617],[-96.433894999892118,28.703445999897593],[-96.432160000040568,28.703479999767072],[-96.431985999963302,28.703480999647155],[-96.431109999729145,28.703500999611382],[-96.430292999944555,28.703508000346527],[-96.430129999737915,28.703509000226344],[-96.429663999582615,28.703517999932533],[-96.429639000366564,28.703517999932533],[-96.428850000171067,28.703528000305589],[-96.428394000061473,28.703523000119151],[-96.428413000328064,28.706850000098555],[-96.428414999977875,28.707137000181302],[-96.428578000184487,28.713719999844482],[-96.420468999742894,28.713610000102381],[-96.407639000343679,28.729987999661851],[-96.407533999863375,28.730277999714666],[-96.39953999994782,28.730231000048679],[-96.399549000168662,28.729813000245759],[-96.400079999723005,28.689879000254241],[-96.404279000245452,28.689875000213895],[-96.40444499992681,28.674408999809295],[-96.391404999566973,28.674602000135494],[-96.390422999925931,28.67471599972415],[-96.389909000090043,28.674740000285421],[-96.387303000027217,28.674798999934254],[-96.38627199998237,28.674822999688431],[-96.386126000392508,28.674826000149888],[-96.385979000079416,28.674829999976922],[-96.385363999961186,28.674843999764324],[-96.385308999709579,28.674844999917976],[-96.381108000435631,28.67494000028297],[-96.377553000343724,28.674920999743954],[-96.375246000031666,28.674908000119885],[-96.35645700014409,28.675053000140316],[-96.34436699963824,28.675258000288832],[-96.340911000178863,28.675316999645943],[-96.340739999576329,28.675320000093258],[-96.340645999865004,28.675321000242366],[-96.340576000443107,28.675322000391411],[-96.340506999947834,28.67532299975235],[-96.333825000284534,28.675432000180848],[-96.327042000338878,28.675540999707795],[-96.324269999696398,28.67558499986071],[-96.323522000407067,28.675597000042522],[-96.322128000139074,28.702519000242148],[-96.322024000382001,28.704612999643984],[-96.322017999635904,28.704735000173777],[-96.322015999986078,28.704766999888797],[-96.322007999590156,28.704943999982319],[-96.321985000023943,28.705359000336287],[-96.321431999829997,28.715814000375364],[-96.321251000080025,28.719241999724257],[-96.321246000057144,28.719328999786548],[-96.321244000407319,28.719366999709525],[-96.321242999684102,28.719386000059728],[-96.321209000247222,28.720064999943343],[-96.320972000420767,28.724808000225245],[-96.32096499984975,28.724956000260054],[-96.320957000352138,28.725114999643512],[-96.320637999611606,28.731347000288135],[-96.320625999916047,28.731579000213952],[-96.320625000091113,28.731603000339884],[-96.320623000441302,28.731632999701791],[-96.32062000006826,28.731692000364866],[-96.320599999976764,28.732079999729844],[-96.320579000060363,28.732493000329814],[-96.320531000379802,28.733429999654103],[-96.320404999983083,28.735890999755625],[-96.320362000325403,28.736736000268987],[-96.320336000386121,28.737244999877475],[-96.320242999601376,28.739054000204554],[-96.32013100034672,28.741127999919328],[-96.320127999973664,28.741188000254606],[-96.320123999775703,28.741265999772462],[-96.320119999577742,28.741345000325516],[-96.32011799992793,28.741370999607156],[-96.320117000102996,28.741389999896015],[-96.320116000278091,28.741411000003957],[-96.320112000080144,28.741482999892032],[-96.319650000122778,28.750226999668865],[-96.319532000121995,28.752898999882209],[-96.319527000099129,28.753005000030527],[-96.319522000076262,28.75312400021744],[-96.319520000426436,28.753169000226293],[-96.319487999741057,28.753900999957313],[-96.31948500026634,28.753955999906285],[-96.319261999785255,28.757590000024585],[-96.319051999722973,28.76100500015658],[-96.318989999798688,28.762035000265918],[-96.318988999973783,28.762049000195873],[-96.318984999775822,28.762063000123959],[-96.318987000323958,28.762080000371562],[-96.318682999652026,28.767293000267689],[-96.31868199982712,28.76731399989146],[-96.318150000447872,28.776351999820889],[-96.318014999830353,28.778712999968008],[-96.318014000005448,28.77873500039037],[-96.317840999753074,28.781633000149942],[-96.317449000115914,28.788195000012369],[-96.317446999567778,28.788228999862369],[-96.317341999985786,28.789951999741934],[-96.317336999962919,28.79004099963225],[-96.317336000138013,28.7900660003308],[-96.317188000000002,28.792597000318008],[-96.317174999581226,28.792822000085724],[-96.317163999710559,28.793014000112336],[-96.317157999862772,28.793106999776736],[-96.317156000212961,28.793143999814795],[-96.317153999664825,28.79318000003078],[-96.317145000342293,28.793332000018278],[-96.317064000151447,28.794727000123729],[-96.316957999846238,28.796555999671778],[-96.316745000309211,28.800229000159643],[-96.316731000065502,28.800478000021599],[-96.316403000002452,28.807028999633381],[-96.316402000177547,28.807056000332128],[-96.316383999735891,28.807402999855704],[-96.315664000035667,28.821829000026444],[-96.315659000012786,28.82193300032019],[-96.315653000165,28.82205899965912],[-96.315300999812507,28.829111000020745],[-96.315291999591665,28.829297000146045],[-96.315289000116934,28.829348000261955],[-96.315288000292014,28.829367999729634],[-96.315286999568784,28.829392999649112],[-96.315282000444242,28.829497999717375],[-96.315250999583796,28.830129999959777],[-96.315190000382742,28.831357000117627],[-96.31487999986301,28.837581999920211],[-96.314482000378064,28.845795000057532],[-96.314301999554715,28.849545000078134],[-96.314149000292147,28.852722999742745],[-96.313755000106852,28.860911000048127],[-96.313744000236198,28.861134000238888],[-96.313728000342664,28.861483000332303],[-96.313613999641547,28.8638659999217],[-96.313413999624984,28.868043999744142],[-96.313304000020139,28.870335999832552],[-96.313299999822163,28.870403000309992],[-96.313027000010706,28.874567000319978],[-96.313011000117172,28.874808000076641],[-96.31300699991921,28.874863999747483],[-96.313006000094319,28.874875999841585],[-96.313005000269385,28.874892999775867],[-96.312994000398731,28.875057000109596],[-96.312986999827729,28.875168999939294],[-96.312980999979956,28.875261000355266],[-96.312799000405064,28.876383999849597],[-96.312807999727582,28.876710999690626],[-96.312815000298599,28.876928000270361],[-96.312238999640101,28.888026000238977],[-96.312170000043125,28.889533000010299],[-96.312166999670069,28.889601000360571],[-96.312153000324685,28.889919999801556],[-96.312104999745799,28.890987999741903],[-96.312101000446148,28.891078999862284],[-96.312098999898026,28.891121999969165],[-96.312097000248201,28.891149999736577],[-96.312092000225306,28.891262000303627],[-96.312081000354681,28.891504999952808],[-96.312060000438279,28.891972000329528],[-96.31188999966065,28.895760000264151],[-96.311886000361,28.895851000134183],[-96.311629000443048,28.901547000185204],[-96.311626999894912,28.901600000145947],[-96.311625000245087,28.901649999846665],[-96.311292999984076,28.909049000291301],[-96.311292000159156,28.909075000191102],[-96.311282000113408,28.909296000255878],[-96.311277999915447,28.909388999797244],[-96.311270000417849,28.90956799993133],[-96.311268999694633,28.90958400021389],[-96.311267999869713,28.909605000236862],[-96.311267000044793,28.909624999992712],[-96.311263999671752,28.909688000024079],[-96.31125600017414,28.909863999646824],[-96.311191999701734,28.911292999716338],[-96.311184000204122,28.91147799960865],[-96.310786999645771,28.920329999840604],[-96.310686000261754,28.922589000251239],[-96.310581999606356,28.92489799970221],[-96.310593000375334,28.926314999776498],[-96.310593000375334,28.926327000213274],[-96.310593000375334,28.926337999760598],[-96.310604000245988,28.927772999821638],[-96.310606999720719,28.928142000153684],[-96.310608000443949,28.928254000105465],[-96.310608000443949,28.928267999697837],[-96.310609000268869,28.92828999995195],[-96.310609000268869,28.928317999911272],[-96.310612999568505,28.928799000025169],[-96.310614000291736,28.928966999628976],[-96.310616999766452,28.929336999715105],[-96.310617999591372,28.929476000309297],[-96.310621999789333,28.929968999782666],[-96.310622999614239,28.930111999790888],[-96.310112999976312,28.939904000183283],[-96.310112000151392,28.939928000267372],[-96.310109999603256,28.939971999751926],[-96.310060000272856,28.94103500036335],[-96.309974999884034,28.942573999617409],[-96.309519999599374,28.951321999741197],[-96.309512999926682,28.951454999988265],[-96.309178000190926,28.963290999934546],[-96.314124000177785,28.967618000367022],[-96.320343000058827,28.973001999775736],[-96.323868000013505,28.976058999857401],[-96.32421299979498,28.976358000281],[-96.324283999940079,28.976420000208094],[-96.324788999555167,28.976856999857429],[-96.326484999946956,28.978328000055146],[-96.327885999887641,28.979543000231597],[-96.327936999941286,28.979587999760366],[-96.32872000028901,28.980275999827715],[-96.328871999726658,28.980410000176544],[-96.330511000217044,28.98182599966978],[-96.331514999599406,28.982817999764489],[-96.335253999814313,28.985957999748187],[-96.335545000067441,28.986202000126738],[-96.335821000251968,28.986434000171723],[-96.335836000320583,28.986447000236748],[-96.336403999684848,28.986924000283835],[-96.338719000392828,28.988804999870741],[-96.338731999913307,28.988812000289467],[-96.338774999571015,28.988853999648793],[-96.340281999816924,28.990168999997618],[-96.34043199960476,28.990300000077905],[-96.340583000115814,28.990430999992178],[-96.345430000368466,28.994659000327026],[-96.347725000086655,28.996730999623235],[-96.349787000176349,28.998477000206059],[-96.351851999740774,29.000254000254866],[-96.353116000312426,29.001338999844997],[-96.353482000010331,29.001653000296567],[-96.353914999655359,29.002025000242554],[-96.357733000411315,29.005302999933377],[-96.361949999578798,29.008920999775388],[-96.36936199988638,29.015279999853163],[-96.369598999712849,29.015482999871814],[-96.369641000443963,29.015519000023083],[-96.36966300018527,29.015537999726909],[-96.369751000048822,29.015613000053417],[-96.369829999691518,29.015681000155766],[-96.370084000134739,29.015898999720029],[-96.370101999678084,29.015914000051463],[-96.370144000409184,29.015951000074217],[-96.370175000371347,29.015976999848753],[-96.370182999868945,29.015983999998408],[-96.370213999831094,29.016009999764588],[-96.372363999784312,29.017829000125751],[-96.375235000161013,29.020258999648288],[-96.37552700023906,29.020509999811477],[-96.377120999625291,29.02188199992808],[-96.377225000280674,29.02197199981283],[-96.381437000323601,29.025597999716751],[-96.382526999919676,29.026535999643098],[-96.382591000392097,29.026590999895991],[-96.382618999981176,29.026615000297078],[-96.382629999851844,29.026625000266161],[-96.382644000095539,29.026636000152546],[-96.382656999616017,29.026647000037709],[-96.382673000407863,29.026660999675663],[-96.382874000249316,29.026834000262816],[-96.38353399967508,29.027401999852838],[-96.384835999881574,29.028522999800821],[-96.38556399997772,29.029150000348306],[-96.385640999970605,29.029216000391109],[-96.385661999887006,29.029234000038471],[-96.385671000107848,29.029241999967997],[-96.385681999978488,29.029251999682639],[-96.386595999847486,29.030039000344928],[-96.387390999890769,29.030722999706278],[-96.388030000298443,29.031272999818995],[-96.388317000353638,29.031519999645884],[-96.388334999896983,29.031535999935492],[-96.388427999783403,29.031615999775291],[-96.388457000095713,29.031640999663409],[-96.388467999966366,29.031650000061536],[-96.392054999845314,29.03473699998807],[-96.394238000308846,29.036616999680948],[-96.39426500007302,29.036640000286106],[-96.394554999602917,29.036890000078934],[-96.394569999671518,29.03690300007985],[-96.394610999679415,29.036938999832241],[-96.394671999778794,29.036990999801493],[-96.394692999695195,29.037008999663922],[-96.397078999649963,29.039066000088773],[-96.397313000001702,29.039267999888342],[-96.407286999991172,29.047854999875515],[-96.416193000125872,29.055523000111084],[-96.422983999569126,29.061370000052005],[-96.423174000438237,29.061533000045703],[-96.425607000248689,29.063627999644638],[-96.429938000117318,29.067353000245706],[-96.431683999839507,29.068965000205363],[-96.431727000395526,29.069002000053644],[-96.435808000018881,29.072504999693844],[-96.435997999989695,29.072668000138712],[-96.436083000378503,29.072741000047273],[-96.436098000447103,29.072754000240664],[-96.436140000279906,29.072790000042886],[-96.437172000149658,29.073676000110815],[-96.43736999961807,29.073845999639175],[-96.442878999844609,29.078570999828653],[-96.448294000359837,29.083215000063813],[-96.448495000201291,29.083386999861091],[-96.448861999724087,29.083701999740217],[-96.449850999936146,29.084550999649302],[-96.450866999912392,29.085423999690207],[-96.450907000095356,29.085458000294711],[-96.454042000062671,29.088170999772554],[-96.454175999956988,29.088287000311354],[-96.454201999896256,29.088310000382346],[-96.454256000322914,29.088355999723937],[-96.454611999975086,29.088664000178856],[-96.454817999839406,29.088842000113456],[-96.454878999938771,29.088892999716126],[-96.457348999559144,29.090980999905458],[-96.458367000083513,29.091853999607988],[-96.467186000179581,29.099416000189208],[-96.467239999707942,29.099462000064023],[-96.47270100025392,29.104145999793115],[-96.473333000090591,29.104688000362692],[-96.473634000389467,29.104946000308857],[-96.473933000140221,29.105202999667007],[-96.475414000446847,29.106472999671237],[-96.475422999769378,29.106480999887332],[-96.47694099988594,29.107758000018126],[-96.477036000320496,29.107838000367337],[-96.477111999590164,29.107901999660033],[-96.477140999902474,29.107925999973219],[-96.477149000298397,29.107933000161587],[-96.477164000367011,29.107944999922864],[-96.477232000139082,29.108001999750705],[-96.4772980002613,29.108057999633409],[-96.478664000041917,29.109206999834079],[-96.48026499999915,29.110554000007593],[-96.489131999775807,29.118166000346662],[-96.497058999744183,29.125254999855549],[-96.498792999770828,29.126666000380233],[-96.498868000113887,29.126726999749987],[-96.5002480001382,29.127817999861485],[-96.505426999753553,29.132308000178732],[-96.510202000036173,29.136446999692875],[-96.524352000083567,29.148712999961777],[-96.526343000028149,29.150438999717057],[-96.528144999826836,29.152000999939688],[-96.531837000186073,29.155159000055608],[-96.53186200030045,29.155180000387219],[-96.541186000011564,29.163250000321892],[-96.541263000004477,29.163317000120355],[-96.542179000421584,29.164111999976061],[-96.542213999683369,29.164141999850102],[-96.542253999866332,29.164176000324268],[-96.542269999759867,29.164190000100945],[-96.542386000110824,29.164288000053205],[-96.546353999756278,29.167733000042908],[-96.546371000373028,29.167748000236358],[-96.556300999981573,29.176313999834584],[-96.556874000267001,29.176808999757011],[-96.564939000327669,29.183777999761666],[-96.568075000119919,29.186487999986269],[-96.568414999878527,29.186781999997571],[-96.568496000069388,29.186851999913397]]]},"properties":{"NAME":"Jackson County","GEOID":"48239","BASENAME":"Jackson"}},{"type":"Feature","geometry":{"type":"Polygon","coordinates":[[[-96.643441999557425,28.712105000248386],[-96.654205999567296,28.704789000130379],[-96.657037999585938,28.703457000157833],[-96.65708699998973,28.703398000109345],[-96.657275000310719,28.703171000106856],[-96.657512000137189,28.70296199990862],[-96.657948999980178,28.702610000372925],[-96.657974000094541,28.702599000023643],[-96.658092000095309,28.70258900034975],[-96.658135999577922,28.702556000079742],[-96.658236000035373,28.70243500005116],[-96.658297999959643,28.702391000149394],[-96.658398000417051,28.702373999645147],[-96.658491000303485,28.702373999645147],[-96.65858500001481,28.702391000149394],[-96.658697000167805,28.702423999683482],[-96.658765999764782,28.702406999972528],[-96.658841000107842,28.702351999683682],[-96.658953000260837,28.702237000347303],[-96.659002999591237,28.702175999825794],[-96.659052999819949,28.702065999764343],[-96.659103000048674,28.702027999859471],[-96.65913999985861,28.702011000084205],[-96.659265000430381,28.701989000046435],[-96.659339999875129,28.701961999743119],[-96.65959500014327,28.701763999932226],[-96.659739999908226,28.701694000060634],[-96.659789000312003,28.701671000058852],[-96.659820000274166,28.701664999886251],[-96.659863999756794,28.701671000058852],[-96.659925999681064,28.701731000189938],[-96.66000100002411,28.701874000311122],[-96.660026000138473,28.701896000373079],[-96.660093999910544,28.701917999642401],[-96.660181999774096,28.701907000008312],[-96.66023799985058,28.701913000167032],[-96.660281000406613,28.701967999898685],[-96.660313000193668,28.702039000268787],[-96.660400000232286,28.702144000106397],[-96.660456000308812,28.702193000362218],[-96.660599000423929,28.702259000332873],[-96.660673999868692,28.702276000067926],[-96.660811000136036,28.702264999683518],[-96.661093999993241,28.702153999822769],[-96.66121799984181,28.702635999832943],[-96.66151699959255,28.703190000247421],[-96.661734000225835,28.70345199996801],[-96.66181899971636,28.703518999812314],[-96.662131999710795,28.703762000251693],[-96.662576000124801,28.704018000078271],[-96.663090999785624,28.704236000175481],[-96.663911999768175,28.704453999818504],[-96.66456100022161,28.704754999898316],[-96.665215999624493,28.705245000228373],[-96.665706999894169,28.705705000138298],[-96.665848000359489,28.705614000335402],[-96.665989999751389,28.705524000314028],[-96.673489000097618,28.700731999986324],[-96.689465000233128,28.690695999773393],[-96.703077999980096,28.682155000123817],[-96.716330000052039,28.673759000052772],[-96.722814000246913,28.669758999908424],[-96.727340999934114,28.66857499975152],[-96.733717000174011,28.666876000029564],[-96.734031999818257,28.666791999618177],[-96.734347000360842,28.666707999927681],[-96.735048999619423,28.66652099985884],[-96.748673000135327,28.662940000190677],[-96.750259000023945,28.662455000293093],[-96.757933000272359,28.660309999717796],[-96.773443000252556,28.656241999767158],[-96.773469000191838,28.656234999813563],[-96.77363099967522,28.656193000082041],[-96.77382200036925,28.65614600024989],[-96.773935000347166,28.656113000321692],[-96.774137000013511,28.656065000120808],[-96.774316000113657,28.656018000231331],[-96.805266999578791,28.647902999725087],[-96.807292999683455,28.647372000231687],[-96.809938000104339,28.646678000274971],[-96.814233999812842,28.645537999730394],[-96.81448200040829,28.645472999927648],[-96.82202799971185,28.643507000370686],[-96.822488999844325,28.643387000381129],[-96.826233999907018,28.642406999663944],[-96.827311999807506,28.64212800015795],[-96.827376000279926,28.642111000121663],[-96.828433000264056,28.641831000148187],[-96.829301000102276,28.641603000270948],[-96.843132000307435,28.637981000023874],[-96.847486999567181,28.636839999849226],[-96.853062999740871,28.635383999727381],[-96.853757000400151,28.635199000046931],[-96.85391399986068,28.635100999913558],[-96.853974999960045,28.63506199962583],[-96.854036000059409,28.635023999857161],[-96.856143000354933,28.63370300025873],[-96.857935000107886,28.632585000279015],[-96.865647999816048,28.627765999905534],[-96.865713999938293,28.627724999628231],[-96.8696370002762,28.625274000325145],[-96.870103000431527,28.625015000175626],[-96.871049999912472,28.624390000255111],[-96.871475999884808,28.624112000005738],[-96.873286999904337,28.622907999787881],[-96.873568000111746,28.622739000356354],[-96.874577000415272,28.62207400004063],[-96.875261999955399,28.62160699971199],[-96.887896000434367,28.613596000190917],[-96.895030000009299,28.609085000036991],[-96.899062999952079,28.606535000181893],[-96.90076600001656,28.605457999859578],[-96.90085800007806,28.605399999874589],[-96.900950000139574,28.605341999857568],[-96.901859999810583,28.604765999636633],[-96.90211799955344,28.604602999611537],[-96.902320999943043,28.604474999811391],[-96.902967999848329,28.604063999977893],[-96.903023999924841,28.604029000151908],[-96.910601000088846,28.599239000183118],[-96.910682000279706,28.599186999649625],[-96.910748000401938,28.59914600004511],[-96.910808999602992,28.599107999897164],[-96.913421000411915,28.597455999984827],[-96.913602000161887,28.597342000032825],[-96.91378200008694,28.597227999957184],[-96.914110999974909,28.597019999998626],[-96.914347999801379,28.596868000193322],[-96.91466400016887,28.596667999616432],[-96.914937999805261,28.596496000219805],[-96.915691999840675,28.596019000159153],[-96.915751000290214,28.595981999786222],[-96.915809999841457,28.595945000188962],[-96.915865999917941,28.595908999907479],[-96.915922999819358,28.595872999613658],[-96.926384999705448,28.589260000350919],[-96.929964999911689,28.586996999895142],[-96.930301000370676,28.586771999881748],[-96.930366999594611,28.586728000341697],[-96.930196999715292,28.586529999817202],[-96.929805000078133,28.586274000211816],[-96.928984000095568,28.586075000198978],[-96.928424000228915,28.585785000108395],[-96.927831999676911,28.585243000335378],[-96.925906999854561,28.583759000099736],[-96.925531999935828,28.583350999641052],[-96.925300000132239,28.582932999923017],[-96.925278000390932,28.582536999986143],[-96.925409999737099,28.582196999838594],[-96.925401000414567,28.581967000136352],[-96.925372999927177,28.581791000134206],[-96.925114000359414,28.581468000332169],[-96.924748999588104,28.581185000383812],[-96.924418999875229,28.581047000241501],[-96.923864000031443,28.580947000333939],[-96.923483000264937,28.580825000112828],[-96.922478000159344,28.580107000353937],[-96.922238999784753,28.57981900012366],[-96.921904999873917,28.579282999655195],[-96.921049999556161,28.578287999887284],[-96.920912000362222,28.578028000366952],[-96.920786999790423,28.577576000338599],[-96.920601000017598,28.577258999617218],[-96.919734999829203,28.576302999667519],[-96.919492999979852,28.575785999775917],[-96.918388000315161,28.574363999711341],[-96.917818000402789,28.573537000366535],[-96.917447999608612,28.572764999695895],[-96.917315000437526,28.57230599990439],[-96.917242999569183,28.572261999834691],[-96.91723300042176,28.572224999779763],[-96.917121000268779,28.571674999923321],[-96.91710899967488,28.571644999733731],[-96.917133999789229,28.571590999844201],[-96.917056999796344,28.571308999707988],[-96.916885000267214,28.570982999789152],[-96.916430999807474,28.570522000183576],[-96.916075999980222,28.570235000107189],[-96.914971000315518,28.569516999857221],[-96.914228999975677,28.569238000009534],[-96.913434999757314,28.569088000235233],[-96.911591999950744,28.568875000330365],[-96.911360999972047,28.56887700029073],[-96.911169000351435,28.568932000369383],[-96.911038999756769,28.569113000081011],[-96.910991000076194,28.569396000161174],[-96.911030000434266,28.569789000348177],[-96.911232000100625,28.570331999648783],[-96.911242999971265,28.570617999891432],[-96.911201000138476,28.570756999872085],[-96.911095999658173,28.570909000344514],[-96.910324999904347,28.571430000359769],[-96.910066000336556,28.571753000218504],[-96.909664999580244,28.572459000057371],[-96.909360999806637,28.57279500035505],[-96.909214000391856,28.572849999963488],[-96.908244000446388,28.572860999723932],[-96.90786000030684,28.572745000040626],[-96.907450000227996,28.5725170000727],[-96.906984000072683,28.572399000116736],[-96.906168999937904,28.571871999667341],[-96.90596200024865,28.571524000118085],[-96.905988000187932,28.571239999886856],[-96.905973999944237,28.570955000112033],[-96.906327999946569,28.570388000116139],[-96.906485000305395,28.569830999932059],[-96.906784000056149,28.569202999634243],[-96.907092999852622,28.568824000144762],[-96.907680000381788,28.568447000047577],[-96.908076000216909,28.567992999902032],[-96.908256999966852,28.567860000153992],[-96.908333999959765,28.56733899981861],[-96.908201999715274,28.567075999676582],[-96.907932000276844,28.566718999644078],[-96.907691000252427,28.566577000240315],[-96.907627999604927,28.566539999764142],[-96.907025999905471,28.566327000224391],[-96.906825000064018,28.566325000215553],[-96.906680000299062,28.566386999682788],[-96.906572000344042,28.566370999620133],[-96.906112999861406,28.566305000125094],[-96.905589999804675,28.566355000344089],[-96.905214999885942,28.566491999638803],[-96.90447000007137,28.566927000369418],[-96.90419999973463,28.567005999843055],[-96.903794999678666,28.567033000178814],[-96.90341499973708,28.566913000386563],[-96.9031910003294,28.566760000058565],[-96.902829999756079,28.566603999897239],[-96.902158999561337,28.565841999730569],[-96.902119000276684,28.5657059999944],[-96.902216000361065,28.565357000157327],[-96.902248999973011,28.564819000130683],[-96.902180000376049,28.564431000035182],[-96.90200999959842,28.564147000384406],[-96.901797000061393,28.563931999891853],[-96.900957999637171,28.563504999655212],[-96.900817000070191,28.563207999825327],[-96.900760000168773,28.562888999921938],[-96.900817999895096,28.562718000149474],[-96.901072000338317,28.562486000383153],[-96.901909000214403,28.562074000081815],[-96.90211799955344,28.561906999959952],[-96.902499000218285,28.561793999783823],[-96.903054999886976,28.56127599995154],[-96.90312900040513,28.561074000218646],[-96.903090999871992,28.560755000159574],[-96.902709000280566,28.560338999938484],[-96.901881999551904,28.559969000276006],[-96.901526999724666,28.559907000183994],[-96.90125399991318,28.559967000146358],[-96.900386999899879,28.560490000013441],[-96.899905999675937,28.560499000157368],[-96.899105999609773,28.560402999897402],[-96.898555999788869,28.560279000188174],[-96.898220000228193,28.560156999669935],[-96.898021000036564,28.559979999804955],[-96.897995999922202,28.559874999664114],[-96.898037999755005,28.559773000013177],[-96.898504999735238,28.559431000322999],[-96.898682000185559,28.559234999847391],[-96.899006999875567,28.558783000354428],[-96.899216999937849,28.558355000058089],[-96.899508000190991,28.557966000115318],[-96.899880999561574,28.557636000333051],[-96.900412000014242,28.557309999876701],[-96.900935000070959,28.556760999883537],[-96.901740000160004,28.555432000166476],[-96.901838999894181,28.555123999616271],[-96.901845999566902,28.554693000274735],[-96.901556999861896,28.554178000183121],[-96.901073999988128,28.55356000006207],[-96.90085800007806,28.553345000038981],[-96.900618999703468,28.553208000202645],[-96.900359000310786,28.553107000140045],[-96.898956999646856,28.552746000327339],[-96.89782199984495,28.552747000066283],[-96.897622999653308,28.552713999997938],[-96.897441000078445,28.552634000315308],[-96.897017999580811,28.552299000096664],[-96.896892999907351,28.552164999710801],[-96.896470000308028,28.551430000355623],[-96.896147000267845,28.550546000203507],[-96.895358000072335,28.549681999828319],[-96.895200999713509,28.549430000389215],[-96.895143999812092,28.549256999726897],[-96.895138999789239,28.548862999643703],[-96.895331000308161,28.548238999624239],[-96.895518999730825,28.547880999838323],[-96.895851999816756,28.547427999947583],[-96.896754999815087,28.546412999711823],[-96.897078999680176,28.545959000016506],[-96.897417999613907,28.54515299998776],[-96.897601999736921,28.54487400027072],[-96.898046999975847,28.544454000372287],[-96.898568000382753,28.544114000280018],[-96.900395000295802,28.542580000357344],[-96.900657000236606,28.542306999955517],[-96.900771999864347,28.542064000372875],[-96.900813999697135,28.541977000025557],[-96.900857000253168,28.540858999671631],[-96.900918000352519,28.540506000119265],[-96.901528000447897,28.539297000281351],[-96.90175900042658,28.538721999674657],[-96.901713000395816,28.538186999702489],[-96.901525999899761,28.537792000155417],[-96.901453999929728,28.537403000013285],[-96.901434999663152,28.536829000008446],[-96.90150400015844,28.536585999627956],[-96.901669000014877,28.536385999670546],[-96.902095999812147,28.536187999914834],[-96.902621000417014,28.535855000060611],[-96.903184999583303,28.535341000091986],[-96.903624999799362,28.534737000244085],[-96.903901999808795,28.533910999658332],[-96.904146000206268,28.533581000262732],[-96.904383000032738,28.533446999739624],[-96.904966000363927,28.533291999864314],[-96.905612000444307,28.533018999860484],[-96.905804999889824,28.532839000373052],[-96.905908999646911,28.532609000142099],[-96.90592299989062,28.532393000037775],[-96.905799000042052,28.532049999886741],[-96.905238000350465,28.531272999909522],[-96.903825999640816,28.530049999737237],[-96.903305000132221,28.529116000383407],[-96.902734000394915,28.528466000214365],[-96.902371000171769,28.528236999882328],[-96.901787999840579,28.528108000320568],[-96.90132000003544,28.527716999993078],[-96.900447000174339,28.527342000264284],[-96.90030700043225,28.527168999634473],[-96.900284999792618,28.526846000331059],[-96.900421000235056,28.526587000025494],[-96.900982999751534,28.526119000254752],[-96.901822000175756,28.525558000310955],[-96.90218500039893,28.525039999837549],[-96.902291999630734,28.524779999825899],[-96.902327999615736,28.52445800031294],[-96.902311999722215,28.524314999951589],[-96.902180000376049,28.524093000148781],[-96.902028000040076,28.523924999773918],[-96.901891999597652,28.52385000039402],[-96.900126999608858,28.523729000313722],[-96.899683999918096,28.523773000143724],[-96.898512000306241,28.524177000235827],[-96.898108000075212,28.524183000295864],[-96.897653999615443,28.523951000093756],[-96.89747100021566,28.523718000156002],[-96.897176999589462,28.521468999848096],[-96.897027999626545,28.520649999772914],[-96.89706199996175,28.519971999679527],[-96.897154000023249,28.519735000211114],[-96.897345999643889,28.519504999801338],[-96.898451000206876,28.519150999700223],[-96.898801000011233,28.518908999665182],[-96.899015000271476,28.518648000257262],[-96.899089999716253,28.518178999906461],[-96.898965000042779,28.517799999908167],[-96.898633999606673,28.517308000373472],[-96.898343000251856,28.517009999648145],[-96.897735999631209,28.516585000366973],[-96.89723500021411,28.516165999889289],[-96.89658999995865,28.515475999848739],[-96.896446000018599,28.515179999662447],[-96.896385999744126,28.514823999841962],[-96.896329999667643,28.514569999714396],[-96.896246999826971,28.514191000164246],[-96.896124999628228,28.51396399982313],[-96.89578599969451,28.513608999954904],[-96.895492999791557,28.513489000073839],[-96.895013000290845,28.513428999687445],[-96.894732000083451,28.51346200021996],[-96.894523999670994,28.513572999925994],[-96.894043000345363,28.513961000291715],[-96.893599999756262,28.514133999703741],[-96.893357999906939,28.514149999808435],[-96.893070999851744,28.51403099985987],[-96.892874000208252,28.513757000383197],[-96.892666999620715,28.513288000381646],[-96.89258999962783,28.51293500005006],[-96.892536000099469,28.512253000378827],[-96.892379999565534,28.51177099992378],[-96.892089000210717,28.511342999658218],[-96.891549000435546,28.51080799964679],[-96.891382999855878,28.510483999812219],[-96.891327999604286,28.510093999787816],[-96.891352999718649,28.509735999872341],[-96.891613000009642,28.509052999887182],[-96.891741000056157,28.508985999845748],[-96.891821000422098,28.508943999680284],[-96.891853000209167,28.508927000210008],[-96.891847000361381,28.508887000331118],[-96.891760000322734,28.508340000149889],[-96.891654999842444,28.507995999728987],[-96.891490999810912,28.507792000124414],[-96.891190000410347,28.507611000025026],[-96.891062000363831,28.507378999674629],[-96.890951000035741,28.507178000180065],[-96.889288000154224,28.506785000038363],[-96.886466000181358,28.506228999966446],[-96.885892999895901,28.506318000182059],[-96.885218000401508,28.506070999789006],[-96.884584000016716,28.505935999639803],[-96.88418399998362,28.50582399960712],[-96.883034000113085,28.505500000252677],[-96.88267400026298,28.505269000185773],[-96.882418999994854,28.50506900002004],[-96.881884000242565,28.504816999681903],[-96.880662000402012,28.503872999768472],[-96.880505000043186,28.503708000159971],[-96.880219999637816,28.503189999717186],[-96.880017999971457,28.502417999708562],[-96.879991000207269,28.501696999921098],[-96.880229999683564,28.500597999941636],[-96.880558999571534,28.499485000098488],[-96.880653000181169,28.498952999909676],[-96.880699000211919,28.498173000007707],[-96.880580000386246,28.497825000134966],[-96.880510999890959,28.497625000069952],[-96.879768999551118,28.496686000326651],[-96.879180000270452,28.496097000295748],[-96.877600000229606,28.495252000301413],[-96.87684299982115,28.494910999915398],[-96.875272999826052,28.494346999672018],[-96.874673999601342,28.494257999622864],[-96.874179000032029,28.494102999775045],[-96.873262999614894,28.493719999714894],[-96.873230000002934,28.493703000160334],[-96.871548999679746,28.492831000341038],[-96.870592000153081,28.492228999994676],[-96.870315000143634,28.491968000104823],[-96.869920000133419,28.491781999698784],[-96.869437000259666,28.491685999997657],[-96.867232999879761,28.491252000012718],[-96.866206999857781,28.490928000130491],[-96.865484999609421,28.490646999941589],[-96.864820999985696,28.490234999829582],[-96.864075000346205,28.489339000305502],[-96.863723999818617,28.488811999654317],[-96.86362199971137,28.488353999993155],[-96.86344699980917,28.488031999817679],[-96.86335100044802,28.487573000363504],[-96.863215999830487,28.487271999839379],[-96.86322400022641,28.487126999663595],[-96.863143000035564,28.48696300029205],[-96.863071000065531,28.486463999655403],[-96.863076000088412,28.48617599999471],[-96.86297499980607,28.485790999640706],[-96.86295899991255,28.484930000257791],[-96.862553000031681,28.482659000308363],[-96.862546000358989,28.482620000352025],[-96.862568999925202,28.482008999682161],[-96.862874000422039,28.480854999785102],[-96.862948000041882,28.480283000002146],[-96.863029000232743,28.480041999680886],[-96.863060000194892,28.47918100001079],[-96.862867999675942,28.478408999699706],[-96.862797000429154,28.47812500038706],[-96.862614000131046,28.477651999722909],[-96.862559999704374,28.477511999654293],[-96.862077999655526,28.476763000083263],[-96.861321999970301,28.476011999795368],[-96.861081999770775,28.475844000240844],[-96.860427000367878,28.475385999609436],[-96.860337999781123,28.475324000302351],[-96.859382999904241,28.474925000299525],[-96.858809999618813,28.474746000069754],[-96.857956000024288,28.474527999750848],[-96.857888000252231,28.474514999819053],[-96.856843999788595,28.474314000123144],[-96.856403999572535,28.474252999880481],[-96.85535900018229,28.474208999929555],[-96.853906000363068,28.474348999638021],[-96.852331000345089,28.474926999673954],[-96.851795999694488,28.475312000152091],[-96.851464000331774,28.475719999759061],[-96.850976000435153,28.476150999807633],[-96.850722999816853,28.476520000282118],[-96.85063400012838,28.476578000200963],[-96.850075999911553,28.476947999641528],[-96.849797000252295,28.476991000363149],[-96.849555000402958,28.476975999819611],[-96.849110999988952,28.476803000292627],[-96.848653000229547,28.47639599980424],[-96.848402000159382,28.476070999669524],[-96.848381000242981,28.475748000262666],[-96.848507999566266,28.475219000323055],[-96.848516999787108,28.474499999713526],[-96.848576000236662,28.474406000267141],[-96.848596000328129,28.474118999793351],[-96.848685000016602,28.473918000133615],[-96.848786000298944,28.473390000207452],[-96.848797999994503,28.473069999613919],[-96.848742999742925,28.472715000375427],[-96.848609999673542,28.472417000066983],[-96.848458000235865,28.472205000326884],[-96.84806499987549,28.471893000188963],[-96.847300999794342,28.471661000299036],[-96.846463999918271,28.471580999919304],[-96.846198999604397,28.471496000091111],[-96.845271000390014,28.471434000080386],[-96.844447000034407,28.471273999706291],[-96.844252999865645,28.471164000246283],[-96.843663999686683,28.470829999906222],[-96.843077999880748,28.470193000390097],[-96.84223299960874,28.468965999907986],[-96.841657999673487,28.468024000318636],[-96.840604999887319,28.466001999650828],[-96.840292999717803,28.465226000259825],[-96.840230999793505,28.464263000211897],[-96.840029999952066,28.463716999984339],[-96.839717999782536,28.462200000235114],[-96.839706000086963,28.461479999668292],[-96.839771000384303,28.460512000328791],[-96.839926000194993,28.459702000329774],[-96.839968999852687,28.459166000176197],[-96.839916000149231,28.458881999682838],[-96.839721999980483,28.458447999952131],[-96.839558999773885,28.458120000356484],[-96.839305000228975,28.457752000234358],[-96.839138999649307,28.457594000170822],[-96.838418999949084,28.457131000134336],[-96.837930000227544,28.456655999749902],[-96.83771199976934,28.456563000086557],[-96.836192000002939,28.455582999926019],[-96.836000000382327,28.455527999941935],[-96.834451000303631,28.454549000334552],[-96.833657000085253,28.453831000344358],[-96.832836999927594,28.45289999976734],[-96.832349999855879,28.452242999982165],[-96.832205000090923,28.451907999966412],[-96.8320069997242,28.451680999970158],[-96.831728999889862,28.451100000212953],[-96.83156499985833,28.450754999787176],[-96.831467999773949,28.450442000382139],[-96.830970999656486,28.44954699973697],[-96.83046199984345,28.44900699970794],[-96.829989999840336,28.448382999768118],[-96.829836999679472,28.448339000104255],[-96.829665999975248,28.448157999984076],[-96.829060000077845,28.447713000282803],[-96.828609999816038,28.447382999872072],[-96.828372999989597,28.447338999792141],[-96.828100000178111,28.447129000199745],[-96.82784699955981,28.447014000340268],[-96.827260999753889,28.446873000012278],[-96.826249999800524,28.446788000059801],[-96.825850999592348,28.446722999910669],[-96.825639999705174,28.446621999769803],[-96.825315000015152,28.446611000264781],[-96.825155000181581,28.446402999930751],[-96.824966999860621,28.446270000034382],[-96.824438999780995,28.446024999704292],[-96.824365999986071,28.446002999779086],[-96.824138000380444,28.44593799993736],[-96.823907000401761,28.445765000151823],[-96.823484999729047,28.445581999646091],[-96.82275499998309,28.444829999760021],[-96.822143000237915,28.444003000024896],[-96.821867999878293,28.443726999735304],[-96.821376999608617,28.443234000193392],[-96.821157000398912,28.442836999877418],[-96.820983000321618,28.442522999951006],[-96.820662999756166,28.441827999674477],[-96.820308999753848,28.441059999836167],[-96.82023000011111,28.44082200014514],[-96.820203000346936,28.440775999685112],[-96.820195999775933,28.440717999866443],[-96.82003000009459,28.44021999965172],[-96.819963999972344,28.43922700016298],[-96.819890000352501,28.438923000067597],[-96.819691999985793,28.438221999631061],[-96.81912999957099,28.436867999737],[-96.816859000142244,28.433628000347806],[-96.816004999649394,28.432286999719192],[-96.815971000212528,28.432244999861567],[-96.815955000319008,28.43220799965345],[-96.815736000035898,28.431864000109478],[-96.815309000238642,28.431319000157206],[-96.814802999900337,28.430773999768132],[-96.814396000194563,28.43048299969384],[-96.813956999803423,28.43033300005153],[-96.813494000021151,28.430261000084528],[-96.813134999995953,28.430297000074162],[-96.812872000230215,28.430379000312048],[-96.811455000395995,28.430965999957269],[-96.810693999789564,28.430917999745152],[-96.809786999593285,28.430749999621284],[-96.809427999568086,28.43074800020127],[-96.809127999992441,28.430846000176125],[-96.808820000020859,28.431076000163753],[-96.808403000269337,28.431589999943643],[-96.808247999560322,28.431702999789501],[-96.807639000188203,28.431884999721014],[-96.807333999691352,28.432052999623004],[-96.806866999711104,28.432621000175459],[-96.806403000103941,28.433061999837062],[-96.805688000426571,28.433586000232481],[-96.80540499967104,28.433883000126048],[-96.805054000041778,28.434295000358865],[-96.804855999675041,28.434465999804218],[-96.804407000136479,28.435063000330086],[-96.804053999959052,28.435351000264546],[-96.803785000345542,28.435420999806542],[-96.803222999930753,28.435453000168565],[-96.8029450000964,28.43558999968355],[-96.802564000329895,28.436050999920138],[-96.801986000021586,28.437029000097702],[-96.801693999943538,28.437274999979454],[-96.801416999934105,28.437422999966692],[-96.801108999962537,28.437587999644329],[-96.800841000173932,28.437804000240913],[-96.800251999994941,28.438647999982365],[-96.800036000084873,28.438734000186372],[-96.799395000027388,28.438678000098189],[-96.799150999629902,28.438792000302858],[-96.799024000306616,28.438931000289184],[-96.79894200029085,28.439130000076723],[-96.79884400038155,28.439767000360963],[-96.798682999824763,28.44028499984767],[-96.79862400027352,28.440818000105928],[-96.798475000310617,28.441224000154644],[-96.798035000094558,28.441775999647479],[-96.797717999902162,28.44204700029756],[-96.797260000142757,28.442346000127568],[-96.796876000003195,28.442537999855496],[-96.795392000221824,28.443172000192483],[-96.793519000278025,28.444198999816088],[-96.793315000063529,28.444372999769701],[-96.792347999592792,28.444959999975516],[-96.792084999827054,28.445143999946662],[-96.791526999610213,28.445537999606746],[-96.791054999607113,28.445923999686741],[-96.790483000044887,28.446546000006901],[-96.790420000295711,28.446616000039949],[-96.789882999995271,28.446995999636655],[-96.78939599992357,28.447169999727915],[-96.789234000440175,28.447176000216203],[-96.789050000317147,28.447110000355238],[-96.788687999918892,28.44713100010005],[-96.78800599985351,28.447364000073186],[-96.787533000025476,28.447445999721246],[-96.787046999778681,28.44744299987974],[-96.786646999745614,28.447283000310225],[-96.786281999872628,28.447280999622961],[-96.785726000203937,28.447420000302078],[-96.785723999655801,28.447401999667573],[-96.785722999830881,28.447351999907418],[-96.785718999632934,28.447333000102962],[-96.785543999730734,28.447344000322754],[-96.785470000110891,28.447328000361697],[-96.785388999920031,28.447294999693955],[-96.785332999843547,28.44725100036726],[-96.785282999614836,28.447195999998414],[-96.785171000360151,28.447047000305894],[-96.785158999766267,28.447031000299901],[-96.785127999804132,28.447008999794093],[-96.784803999939029,28.446897999613558],[-96.784742000014745,28.446887000137252],[-96.78464900012834,28.446892999851777],[-96.78453699997533,28.446920000142509],[-96.784399999707986,28.446915000381704],[-96.784281999707218,28.446875999869953],[-96.784193999843666,28.446816000330436],[-96.784064000147325,28.446694999615403],[-96.783963999689902,28.446534999704092],[-96.783907999613405,28.446474999971176],[-96.783771000244371,28.446386999827357],[-96.783659999916281,28.44627099999266],[-96.783603000014878,28.446232999991896],[-96.78348199964104,28.446194000018487],[-96.783448000204189,28.446182999679102],[-96.783392000127677,28.44615599999009],[-96.783268000279122,28.446078999932194],[-96.783136999859551,28.446013000176468],[-96.782981000223941,28.445826000250026],[-96.782968999630071,28.445792999903457],[-96.782888000337508,28.445677000207123],[-96.782881999591424,28.445550999943389],[-96.782863000223159,28.445474000234931],[-96.782720000108029,28.44530299962527],[-96.782664000031531,28.445265000066591],[-96.782540000182976,28.445215000086048],[-96.782340999991334,28.445188000149898],[-96.782310000029199,28.445176999705886],[-96.782241000432236,28.445120999869058],[-96.782222999990566,28.445093999908924],[-96.782129000279227,28.445033000178391],[-96.782085999723222,28.444981000147248],[-96.782048000088395,28.444933999945224],[-96.781955000201975,28.444774999711854],[-96.781955000201975,28.444703000093924],[-96.782042000240608,28.44458300009514],[-96.78207999987545,28.444478000379487],[-96.782091999571009,28.444411999624709],[-96.782091999571009,28.444154000013025],[-96.781998999684575,28.443933999822534],[-96.78192400023984,28.443718999876452],[-96.781849999721672,28.443560000186284],[-96.781787999797388,28.443362000029321],[-96.781651000428354,28.443114000107766],[-96.781550999970932,28.443008999723698],[-96.781501999567126,28.442971000130761],[-96.781477000351074,28.442926999795141],[-96.781458000084513,28.44283899985885],[-96.781402000008015,28.442766999712934],[-96.781396000160228,28.44272900003303],[-96.781402000008015,28.442702000252201],[-96.781483000198861,28.442635999968999],[-96.781514000160996,28.442586000325456],[-96.781520000008783,28.442476000236525],[-96.781514000160996,28.442420999754212],[-96.781452000236726,28.442217999852044],[-96.781140999892088,28.441667000297816],[-96.781017999868453,28.441506999889576],[-96.781011000195761,28.441496999856],[-96.780923000332209,28.441404000288593],[-96.780867000255725,28.441314999870087],[-96.780817999851919,28.441150999692692],[-96.780823999699692,28.441084000014261],[-96.780792999737557,28.440951999757321],[-96.780767999623194,28.440898000071485],[-96.780761999775422,28.440858999710773],[-96.780693000178445,28.440754000247907],[-96.780680999584561,28.440693999605312],[-96.780649999622426,28.44061700031061],[-96.780643999774639,28.44053400009507],[-96.780612999812504,28.440451999827708],[-96.780587999698142,28.440309000201569],[-96.780569000329891,28.440259000248012],[-96.780531999621644,28.44021500036413],[-96.780457000176881,28.440170999672048],[-96.780364000290461,28.44008899991319],[-96.780326999582229,28.440033999769618],[-96.780339000176113,28.439891000368348],[-96.780128000288911,28.439626999872168],[-96.780033999679276,28.439539000350262],[-96.779946999640643,28.439495000166914],[-96.779772999563363,28.439489000032772],[-96.779735999753456,28.439477999785982],[-96.779704999791292,28.439444999828648],[-96.779692000270828,28.439406999745334],[-96.779686000423055,28.439186999950884],[-96.779667000156479,28.439125999973555],[-96.779657000110717,28.439108000297249],[-96.779605000232181,28.439004999940302],[-96.779450000421477,28.438763000248599],[-96.779387999598896,28.438641999800197],[-96.779313000154133,28.438570999988393],[-96.779195000153379,28.438499000097202],[-96.779156999620227,28.438460999674064],[-96.779139000076867,28.438421999994766],[-96.779139000076867,28.438394999904546],[-96.77914499992464,28.438372999972206],[-96.779181999734575,28.43832900009382],[-96.779189000305564,28.438235000076922],[-96.779181999734575,28.438191000141149],[-96.779113999962519,28.438059000224047],[-96.779052000038234,28.438003999815013],[-96.778945999733011,28.437933000364957],[-96.778903000075331,28.437871999664598],[-96.778852999846606,28.437746000372726],[-96.778852999846606,28.437668999722256],[-96.778865000440476,28.437635999990562],[-96.778945999733011,28.437530999698605],[-96.779001999809523,28.4373940003271],[-96.779026999923872,28.437355000254442],[-96.779032999771658,28.437321999634907],[-96.779015000228313,28.437284000368876],[-96.77883399958003,28.437145999843072],[-96.778809000363992,28.437112999948241],[-96.778796999770094,28.437080000043132],[-96.778790999922322,28.436915000363168],[-96.778667000073753,28.436804999906947],[-96.778604000324563,28.436716999617641],[-96.778579000210215,28.436662000090831],[-96.778566999616345,28.436569000222672],[-96.77853599965421,28.436503000062796],[-96.778306000398729,28.4363490000563],[-96.778045000282845,28.436106999818886],[-96.777857999786775,28.435836999808213],[-96.777752000379863,28.435749000293637],[-96.777615000112519,28.43566099991596],[-96.777534999746578,28.43558999968355],[-96.777528000073886,28.435523999702959],[-96.777540999594365,28.435501999963588],[-96.777540999594365,28.435469000345964],[-96.777522000226099,28.435435999928099],[-96.777491000263979,28.435418999684885],[-96.777453999555718,28.435425000049822],[-96.777353999996606,28.435418999684885],[-96.777328999882243,28.435413000109502],[-96.777303999767909,28.435391999618229],[-96.777241999843611,28.435251000387112],[-96.777216999729262,28.43519299990934],[-96.777210999881476,28.435122000152841],[-96.777199000185917,28.435100000329875],[-96.777174000071554,28.43507799971243],[-96.777050000222999,28.435061000201607],[-96.776943999917776,28.435005999813985],[-96.776900000435162,28.434956999789303],[-96.776906000282949,28.4349130000702],[-96.776943999917776,28.434830000119387],[-96.776938000070004,28.434781000013192],[-96.776907000107869,28.434748000170675],[-96.776701000243534,28.434621000249916],[-96.776589000090553,28.434539000139239],[-96.776476999937557,28.434418000389719],[-96.776434000279849,28.434313000064037],[-96.776396999571602,28.434263999718436],[-96.776235000088207,28.434081999928765],[-96.7760230003761,28.433917000313354],[-96.775892999781448,28.433867999784333],[-96.775866999842194,28.433862000121028],[-96.775842999552737,28.433856999743085],[-96.775681000069341,28.433845999700662],[-96.775630999840629,28.433823999612411],[-96.775506999992061,28.433795999852535],[-96.775338999762582,28.433702999835244],[-96.775265000142738,28.43363099979117],[-96.775233000355684,28.433587000310624],[-96.775171000431428,28.43342799961162],[-96.775102999761032,28.433329000367284],[-96.775028000316283,28.433279000274901],[-96.774978000087572,28.433262999766384],[-96.774947000125422,28.433234999858062],[-96.77492200001106,28.433202000323377],[-96.774907999767365,28.433136999725658],[-96.77487900035338,28.433087000332463],[-96.77476700020037,28.432986999895352],[-96.774680000161737,28.432893999957003],[-96.77459300012309,28.432850000170017],[-96.774556000313183,28.432850000170017],[-96.774399999779249,28.432927000377667],[-96.774325000334485,28.432943000147063],[-96.774263000410215,28.432920999871069],[-96.774163999777684,28.432772999906323],[-96.774107999701201,28.432662999883867],[-96.774020999662568,28.432552999747038],[-96.77399600044653,28.432503000077922],[-96.773940000370018,28.432183999831782],[-96.773902999661786,28.432102000202491],[-96.773752999873949,28.431919999854237],[-96.773659999987544,28.431842999703825],[-96.773617000329835,28.43182099998911],[-96.773429999833766,28.431772000069486],[-96.773268000350384,28.431750000339985],[-96.773075000006543,28.431743999766649],[-96.773025999602737,28.431727999815987],[-96.77297000042455,28.431694999811391],[-96.7728759998149,28.431589999943643],[-96.772802000195071,28.431490999769782],[-96.772777000080708,28.43144100038889],[-96.772740000270772,28.43131000005037],[-96.772670999775485,28.431259999793969],[-96.772515999964796,28.431117000383843],[-96.772409999659573,28.430930000195197],[-96.772416000405684,28.430891000110009],[-96.772459999888298,28.430809000268837],[-96.772465999736085,28.43077100024383],[-96.772465999736085,28.43073699983568],[-96.772416000405684,28.430666000249303],[-96.772416000405684,28.430627000066789],[-96.772423000078362,28.430588999976425],[-96.772471999583857,28.430467999660195],[-96.772471999583857,28.430413000045231],[-96.7724039998118,28.430346999995571],[-96.772298000404916,28.430302999939595],[-96.772242000328418,28.430297000074162],[-96.772142999695902,28.4302529999974],[-96.771999999580757,28.430000000385977],[-96.77185099961784,28.429790999666881],[-96.771782000020877,28.429675999919205],[-96.771731999792152,28.429620999892652],[-96.771705999852884,28.429563000278975],[-96.771689000134444,28.429489000344329],[-96.771677000438885,28.429373000150466],[-96.771627000210174,28.429285000000341],[-96.771551999867086,28.429229999770602],[-96.771433999866332,28.429196999777034],[-96.771408999751969,28.429169999702861],[-96.771402999904168,28.429148000222462],[-96.771422000170759,28.429097999734608],[-96.771540000171527,28.428999000389538],[-96.771565000285889,28.428954999773179],[-96.771582999829235,28.428910999928444],[-96.771590000400238,28.428800999841663],[-96.771607999943598,28.428718999961156],[-96.771652000324536,28.428664000227254],[-96.77170800040102,28.428625000097014],[-96.771726999769271,28.428597999876903],[-96.771726999769271,28.428576000277616],[-96.771722999571324,28.428553999883764],[-96.771720000096579,28.428532000275368],[-96.771701999654937,28.428520999679442],[-96.771607999943598,28.428526000309542],[-96.771559000438103,28.428537000114961],[-96.771542999646272,28.428545000331791],[-96.771439999714104,28.428602999713366],[-96.771228999826903,28.428685999808245],[-96.771185000344289,28.428697000387036],[-96.770992000000447,28.428702000218831],[-96.77093599992395,28.428713000005942],[-96.770894000091147,28.428727000164237],[-96.770761999846684,28.428773999666447],[-96.770674999808023,28.428767999714349],[-96.770407999844352,28.428646999686112],[-96.770401999996579,28.428614000300755],[-96.770463999920835,28.428509999872368],[-96.770475999616409,28.428438000245137],[-96.770469999768636,28.428333999643819],[-96.770438999806487,28.428206999925507],[-96.770333000399589,28.428041999839934],[-96.77013400020796,28.427915999903036],[-96.769899000031316,28.427823000248392],[-96.769822999863337,28.427794000347841],[-96.769654999633858,28.427756000030325],[-96.769449999594428,28.427750000020492],[-96.769356999708023,28.427760999906557],[-96.769257000148897,28.427782999675237],[-96.769119999881553,28.427843999871747],[-96.769021000147362,28.427854999748028],[-96.768871000359511,28.427854999748028],[-96.76871599965051,28.427777999800036],[-96.768628999611877,28.427750000020492],[-96.768548000319328,28.427754999897029],[-96.768423999572462,28.427733000122533],[-96.768236999974704,28.42767299999613],[-96.768137000415592,28.427666999981604],[-96.767820000223182,28.42767299999613],[-96.767758000298926,28.427694999783093],[-96.767651999993703,28.427776999666957],[-96.767609000336009,28.427776999666957],[-96.767446999954288,28.427733000122533],[-96.767415999992153,28.427733000122533],[-96.767260000356544,28.427805000229341],[-96.767204000280046,28.427820999983087],[-96.766867999821059,28.427831999861748],[-96.766811999744576,28.427908999770466],[-96.766724999705943,28.427957999898684],[-96.76665000026118,28.427953000031714],[-96.766575999743011,28.42788700002798],[-96.766544999780891,28.427881000025589],[-96.766494999552165,28.42788700002798],[-96.766445000221765,28.427919999640007],[-96.766389000145267,28.427913999639486],[-96.766352000335345,28.427902999769337],[-96.76632100037321,28.427881000025589],[-96.766290000411061,28.427825999856257],[-96.766276999992286,28.427733000122533],[-96.766234000334578,28.427660999966744],[-96.766195999801411,28.427634000290698],[-96.766052999686281,28.42757899999301],[-96.765979000066451,28.427562000067571],[-96.765968000195784,28.427560999932457],[-96.765861000065669,28.427551000160832],[-96.765680000315697,28.427478999881245],[-96.76553100035278,28.427385999842635],[-96.765406999605901,28.427275999750915],[-96.765225999855943,28.427066999972755],[-96.765121000273965,28.426912999664218],[-96.765082999740812,28.426879999738258],[-96.765034000235332,28.426857999781895],[-96.764809999929341,28.426813999855433],[-96.764546000338697,28.426669999824611],[-96.764517000026373,28.426653999896885],[-96.764455000102103,28.426565999856109],[-96.764424000139954,28.426538999900732],[-96.764368000063456,28.42659399994881],[-96.764323999682532,28.426620999890154],[-96.764219000100553,28.426609999885621],[-96.7641749997196,28.426598999879953],[-96.764137999909678,28.426576999865183],[-96.764125000389214,28.426554999845862],[-96.764132000061906,28.426521999808262],[-96.764149999605252,28.426499999777491],[-96.764300000291399,28.426461999785381],[-96.764348999796894,28.426406999668679],[-96.764380999583935,28.426352000313415],[-96.764379999759029,28.426336999694279],[-96.764379999759029,28.426319000212537],[-96.764325000405748,28.426241999937165],[-96.764275000177051,28.426143000290793],[-96.764281000024823,28.426067000036596],[-96.764306000139186,28.426005000246192],[-96.764269000329264,28.42591199970251],[-96.764262999583153,28.425857000090051],[-96.764279000374998,28.425842000190766],[-96.764300000291399,28.425839999888044],[-96.764325000405748,28.425846000006132],[-96.764368000063456,28.425879000254458],[-96.764418000292181,28.425873000138267],[-96.764517999851293,28.425697000264936],[-96.764530000445163,28.425658999984552],[-96.764511000178587,28.425593000130434],[-96.764512000003506,28.425548999678124],[-96.764568000080004,28.425482999755417],[-96.764648000445945,28.42542199977828],[-96.764680000233,28.425384000189197],[-96.764680000233,28.425350999786534],[-96.764616999585499,28.425218999653055],[-96.764599000042139,28.425064999815977],[-96.764686000080772,28.42494900030372],[-96.764767000271618,28.424889000179249],[-96.764778999967206,28.424845000224355],[-96.764773000119405,28.424816999668955],[-96.764722999890694,28.424751000079841],[-96.764711000195135,28.424718000269866],[-96.76474200015727,28.424630000199638],[-96.764761000423846,28.42460799977562],[-96.764798000233782,28.424602999750448],[-96.764879000424614,28.42460799977562],[-96.764941000348898,28.424592000326214],[-96.764965999564936,28.424574999921084],[-96.764965999564936,28.424530999835632],[-96.764928999755014,28.424471000264273],[-96.764922999907242,28.424438000366976],[-96.76494800002159,28.42439400022462],[-96.765083999565718,28.424317000129001],[-96.765116000251084,28.424284000183729],[-96.765172000327581,28.424261999687818],[-96.765276999909574,28.424272999936338],[-96.765302000023922,28.424267999895342],[-96.765321000290498,28.424251000228136],[-96.765332999986072,28.424223999682297],[-96.765315000442712,28.424141000038663],[-96.765332999986072,28.424108000038508],[-96.765370999620885,28.424075000028083],[-96.765420999849624,28.424008999976387],[-96.765420999849624,28.423987000213327],[-96.765379999841727,28.42392700033362],[-96.765364999773112,28.423904999763515],[-96.765364999773112,28.423854999959023],[-96.765389999887475,28.423733999844668],[-96.765488999621681,28.423575000143558],[-96.765445999963973,28.423508999780129],[-96.765408000329145,28.423476000373007],[-96.765364999773112,28.423448000245546],[-96.765302999848828,28.4234260003659],[-96.765271999886693,28.423398999609649],[-96.765271999886693,28.423371000251834],[-96.765296000176136,28.423316000109164],[-96.765451999811759,28.42328900011487],[-96.76548299977388,28.423272000290499],[-96.765533000002605,28.423223000363151],[-96.765558000116954,28.423134999840151],[-96.765563999964741,28.423084999672017],[-96.765558000116954,28.423030000170804],[-96.765457999659546,28.42282700019873],[-96.765403000306264,28.422727999728632],[-96.765364999773112,28.422683999665573],[-96.765277999734494,28.42263400007446],[-96.765153999885925,28.422584999851804],[-96.765128999771576,28.422535000213934],[-96.765134999619349,28.422431000133056],[-96.765159999733712,28.422380999632416],[-96.765246999772344,28.422332000082719],[-96.765291000153283,28.422337000215162],[-96.765415000001809,28.422398000389926],[-96.765445999963973,28.422392000076403],[-96.765552000269182,28.422342999741755],[-96.765738999866926,28.422232999939787],[-96.766030999944974,28.422035000166222],[-96.766050000211564,28.422007999845224],[-96.766056000059336,28.421892000143355],[-96.766081000173699,28.421859000232217],[-96.76613100040241,28.421837000022354],[-96.766461000115285,28.421601000141237],[-96.766478999658631,28.421568000139363],[-96.766478999658631,28.421512999850059],[-96.766379999924439,28.421342000017749],[-96.766211999694946,28.421161000323995],[-96.766211999694946,28.421138999969134],[-96.766224000288815,28.421111000013592],[-96.766255000250965,28.42110000022657],[-96.766304999581351,28.421105999823247],[-96.766379999924439,28.421149999752114],[-96.766422999582133,28.421144000157916],[-96.766455000267513,28.421128000184975],[-96.766478999658631,28.421067000068529],[-96.766466999963072,28.420901999914143],[-96.766542000306131,28.420813999832017],[-96.766559999849491,28.420704000021498],[-96.766598000382658,28.420654999695643],[-96.766872000019021,28.420489999689213],[-96.766945999638878,28.420457000131105],[-96.767108000020585,28.420407999690937],[-96.767214000325794,28.42039100019397],[-96.76751899992432,28.420375000107267],[-96.767979000231847,28.420253999965702],[-96.768109999753108,28.420209999664479],[-96.768196999791726,28.420194000340462],[-96.768327000386407,28.420187999902033],[-96.768477000174229,28.420205000221642],[-96.768570000060649,28.420248999734888],[-96.768614000441573,28.42028700037714],[-96.76868200021363,28.420403000257426],[-96.768955000025116,28.420788000188772],[-96.769427999853136,28.421404000169069],[-96.769582999663825,28.421635000323949],[-96.769590000234842,28.421684000196244],[-96.769582999663825,28.421722999723681],[-96.769526999587342,28.42180000012598],[-96.769509000043982,28.421871000129276],[-96.769477000256927,28.421921000080761],[-96.769415000332643,28.421953999972576],[-96.769396000066081,28.421956000348739],[-96.76926600036974,28.421976000158114],[-96.768904999796405,28.422189999856844],[-96.768743000313009,28.422266999919501],[-96.768643999680492,28.422282999720295],[-96.76846299993052,28.422289000039992],[-96.768406999854022,28.42229999970348],[-96.768294999701041,28.422355000373994],[-96.768139999890337,28.422410000225884],[-96.768046000178998,28.422453999612809],[-96.767984000254728,28.422509000203274],[-96.767965999813072,28.422601999786504],[-96.767877999949519,28.422734000023112],[-96.767841000139583,28.422762000339421],[-96.767816000025221,28.422800000079693],[-96.767816000025221,28.422832999697548],[-96.767883999797291,28.422898999692414],[-96.767953000292593,28.422898999692414],[-96.768015000216863,28.42291000008256],[-96.768071000293361,28.423009000382432],[-96.768139000065418,28.423102999703666],[-96.768269999586678,28.423344999656496],[-96.768294999701041,28.423454999883091],[-96.768363000371394,28.42362000000869],[-96.768369000219195,28.423696999821253],[-96.76838199973966,28.423718999644578],[-96.768419000447921,28.423741000253347],[-96.768456000257828,28.423746000319241],[-96.768530999702577,28.423741000253347],[-96.768611999893437,28.423723999711516],[-96.768704999779843,28.423696999821253],[-96.768780000122931,28.42364199984798],[-96.768867000161563,28.423631000323901],[-96.768991999835038,28.42364199984798],[-96.769109999835806,28.423681000234179],[-96.769221999988801,28.423746999700374],[-96.769309000027434,28.423769000303317],[-96.769390000218309,28.42376300006751],[-96.769432999875988,28.423746999700374],[-96.769533000333425,28.423603999619939],[-96.769570000143347,28.423571000242418],[-96.769644999588095,28.423526999739693],[-96.769744000220612,28.423504999876471],[-96.769924999970598,28.423498999625693],[-96.770068000085729,28.423504999876471],[-96.770155000124362,28.423521000280186],[-96.770385000278139,28.423614999936817],[-96.770441000354623,28.423626000252575],[-96.770478000164545,28.423621000181019],[-96.77052800039327,28.423599000337351],[-96.770559000355405,28.423571000242418],[-96.770590000317554,28.423526999739693],[-96.770596999990246,28.423489000260389],[-96.770596999990246,28.423456000056998],[-96.770559000355405,28.423367999727692],[-96.770546999761521,28.423313000373494],[-96.770540999913734,28.423181000068798],[-96.770583999571443,28.42310399988088],[-96.770670999610076,28.42301600004901],[-96.770689999876652,28.422862000167189],[-96.770709000143228,28.422823000269283],[-96.770787999785952,28.422757000227051],[-96.770802000029661,28.422745999820993],[-96.770832999991796,28.422730000090194],[-96.770957999665271,28.422718999681322],[-96.771193999666806,28.422723999795487],[-96.771224999628956,28.422735000203822],[-96.771294000124229,28.422818000159801],[-96.771367999744072,28.422889000270384],[-96.771437000239359,28.422938999741081],[-96.771510999859217,28.422965999824672],[-96.771561000087928,28.422972000105627],[-96.771617000164412,28.422950000127081],[-96.77167900008871,28.422872999771151],[-96.771691999609189,28.422840000165767],[-96.771667000393137,28.422796000149258],[-96.771541999821352,28.422740999707869],[-96.771485999744868,28.422686000027934],[-96.771437000239359,28.422602999968476],[-96.771437000239359,28.422526000150214],[-96.771499000163658,28.422393999654251],[-96.77150500001143,28.422300999888314],[-96.77153599997358,28.422245999979797],[-96.771561000087928,28.422230000173403],[-96.771710999875765,28.422230000173403],[-96.771823000028746,28.422185999903366],[-96.77189699964859,28.422141999615022],[-96.771971999991663,28.4220869996239],[-96.772022000220375,28.422026000060008],[-96.772084000144659,28.421988000041907],[-96.772146000068943,28.421965999858859],[-96.772171000183278,28.421943999671274],[-96.77218399970377,28.421915999928661],[-96.772171000183278,28.42183400024479],[-96.7720720004491,28.421718000352264],[-96.772022000220375,28.42168500038688],[-96.771761000104476,28.421591999998128],[-96.771642000278788,28.421525999978478],[-96.771592999874983,28.421442999799645],[-96.771580000354504,28.421405000362324],[-96.771580000354504,28.421349999988315],[-96.771561999912848,28.421322000088622],[-96.771536999798485,28.421311000323481],[-96.771468000201509,28.421311000323481],[-96.771412000125011,28.421322000088622],[-96.771181999971247,28.421404000169069],[-96.770988999627406,28.421425999678803],[-96.770870999626624,28.421470000264733],[-96.770709000143228,28.421557999801614],[-96.770504000103813,28.421597000165509],[-96.770453999875102,28.421597000165509],[-96.770397999798604,28.421574999901242],[-96.770330000026547,28.421498000125322],[-96.770279999797836,28.421470000264733],[-96.770198999606961,28.421447999974074],[-96.770155999949282,28.421447999974074],[-96.769925999795504,28.421524999786357],[-96.769875999566779,28.421519999615541],[-96.769832000084165,28.421503000297154],[-96.769789000426456,28.421463999898616],[-96.769148000368958,28.420556999765939],[-96.769061000330325,28.420451999909883],[-96.768986999812171,28.420341999723256],[-96.768986999812171,28.420303999890798],[-96.768999000406041,28.420282000147893],[-96.769042999888654,28.420248999734888],[-96.769410000309776,28.420177000019109],[-96.769534000158345,28.420133999891171],[-96.769584000387042,28.420105999669858],[-96.769602999755307,28.420083999885794],[-96.769608999603079,28.420028999615624],[-96.769584000387042,28.419907999868698],[-96.769559000272679,28.419853000297131],[-96.769553000424906,28.419676999896055],[-96.769534000158345,28.419622000204505],[-96.76945399979239,28.419540000324009],[-96.769410000309776,28.419540000324009],[-96.769379000347641,28.419561000010415],[-96.769309999852354,28.419660999701431],[-96.769278999890219,28.419682000153891],[-96.769211000118148,28.419709999697272],[-96.769093000117365,28.419732000349082],[-96.768862999963602,28.419732000349082],[-96.768601000022784,28.419808999829264],[-96.768539000098514,28.419830999670463],[-96.76837099986902,28.419952000295435],[-96.768066000270494,28.420100000016514],[-96.767933000201097,28.420137999922176],[-96.767861000231079,28.42015999969502],[-96.767735999659294,28.42018200025332],[-96.767537000365976,28.420236999653991],[-96.76740699977131,28.420236999653991],[-96.767239000440142,28.42016600013504],[-96.767164000097068,28.420148999809157],[-96.766858999600231,28.42016600013504],[-96.766660000306914,28.420193000135772],[-96.766473999635778,28.42018200025332],[-96.76643000015315,28.420154000044718],[-96.766393000343214,28.420109999701907],[-96.766386999597117,28.420055000235287],[-96.766498999750127,28.420005999609071],[-96.766498999750127,28.419978000143967],[-96.766455000267513,28.419895999749151],[-96.766405000038802,28.419845999631377],[-96.766379999924439,28.419801999950657],[-96.766379999924439,28.419758000251644],[-96.76643000015315,28.419682000153891],[-96.766424000305378,28.419610000052529],[-96.766405000038802,28.419548999851543],[-96.766324999672861,28.419428000346137],[-96.76628700003802,28.419390000185611],[-96.766213000418162,28.419335000344969],[-96.766045000188683,28.419235999769771],[-96.765944999731261,28.419158999872913],[-96.765809000187133,28.419026999919389],[-96.765727999996273,28.418883999784054],[-96.765677999767561,28.418730000212374],[-96.765541000398528,28.418460000114937],[-96.765517000109085,28.418393999723047],[-96.765510000436393,28.418328000080077],[-96.765542000223448,28.418234999902833],[-96.76570299988191,28.417993000120724],[-96.765709999554616,28.417954000009441],[-96.765654000376443,28.417799999875211],[-96.765640999957654,28.417656999662924],[-96.765647999630332,28.417557999889024],[-96.765685000338578,28.417519999847475],[-96.765827999555398,28.417542000164271],[-96.765896000225766,28.417519999847475],[-96.765984000089304,28.417443000282859],[-96.766008000378761,28.417350000118411],[-96.765989999937091,28.417283999824701],[-96.765877999784109,28.417249999824922],[-96.765840999974174,28.41721199967288],[-96.765827999555398,28.417184999702048],[-96.765834000301496,28.417052999657912],[-96.765810000012038,28.416969999922983],[-96.76578499989769,28.416931999670449],[-96.765697999859057,28.416877000133205],[-96.765511000261299,28.416794000260303],[-96.765473999553052,28.416765999945827],[-96.765418000374879,28.416678000376546],[-96.765355999552298,28.416545999700411],[-96.765275000259734,28.416457999948324],[-96.765087999763679,28.416420000302107],[-96.765025999839409,28.416375999987821],[-96.764983000181687,28.416321000161783],[-96.764958000067338,28.416270999936046],[-96.764927000105203,28.416161000146328],[-96.764938999800748,28.415984999929126],[-96.764927000105203,28.415874999842345],[-96.764907999838627,28.415825999651993],[-96.764882999724264,28.41578700032272],[-96.764802000431729,28.415704999842628],[-96.764753000027923,28.415672000373409],[-96.764621999608352,28.415551000388056],[-96.764416999568937,28.415259000089165],[-96.764236999643884,28.415066999854304],[-96.7641749997196,28.414984000142923],[-96.764180999567401,28.41490199983112],[-96.764212000427847,28.414863000161578],[-96.764479000391546,28.41462099978412],[-96.764615999760579,28.414428999972742],[-96.764671999837077,28.414373999925605],[-96.764734999586267,28.414269000259061],[-96.764734999586267,28.414236000342374],[-96.764716000218016,28.414208999612789],[-96.764654000293717,28.414175999677401],[-96.764578999950658,28.414121000288944],[-96.7645050003308,28.414033000101913],[-96.764404999873392,28.413801999954309],[-96.764385999606802,28.413681000202654],[-96.764373999911257,28.413598000195137],[-96.764342999949093,28.413560000312756],[-96.764317999834731,28.413504999814311],[-96.764311999986958,28.413460999869045],[-96.764325000405748,28.413377999689107],[-96.764418000292181,28.413245999640189],[-96.76442999998774,28.413207999631528],[-96.764349999621786,28.412960000154971],[-96.764262999583153,28.412811999935752],[-96.764244000214902,28.412756999838987],[-96.764244000214902,28.412695999640761],[-96.76425699973538,28.412641000273805],[-96.764294000443613,28.412592000167319],[-96.76449299973693,28.412475999631344],[-96.764537000117855,28.412438000136508],[-96.764593000194353,28.412345000317291],[-96.764672999661983,28.412272999967868],[-96.764852999587035,28.41196599982722],[-96.765256999818092,28.411672000134889],[-96.766113999785659,28.411270000073227],[-96.766548000153918,28.411066999678543],[-96.767026999829724,28.410683000253773],[-96.768595999999903,28.410056000182138],[-96.76912599972934,28.409602999790575],[-96.77003700012358,28.409336999775899],[-96.77087300017476,28.40883100032795],[-96.771453000132894,28.408481000363739],[-96.772443999994763,28.407948000032114],[-96.772474999956899,28.407919999749303],[-96.77253100003341,28.407909000172349],[-96.772711999783382,28.407904000148758],[-96.772885999860648,28.40784300031617],[-96.773023000127992,28.407754999653857],[-96.773135000281002,28.407578999690209],[-96.773309000358253,28.407490000064158],[-96.773420999612952,28.407403999759669],[-96.773569999575869,28.407364999699631],[-96.773625999652367,28.407316000312964],[-96.773650999766701,28.407260999732742],[-96.773681999728851,28.407228000002995],[-96.773720000262003,28.407205999914083],[-96.773768999767483,28.407195000262998],[-96.773900000187055,28.407195000262998],[-96.773993000073474,28.407151000066914],[-96.77402400003561,28.407118000302908],[-96.774049000149958,28.40699099963075],[-96.774080000112122,28.406952999748444],[-96.774235999747717,28.406892000158379],[-96.774297999672001,28.40688099968456],[-96.774353999748499,28.406887000086812],[-96.774491000015857,28.406919999922749],[-96.774558999787899,28.406919999922749],[-96.774740000436196,28.406832000073987],[-96.774777000246104,28.40680400028636],[-96.77478300009389,28.406649999741813],[-96.774802000360467,28.406594999605939],[-96.774895000246886,28.406479999947916],[-96.7749389997295,28.406457999703676],[-96.775045000034723,28.406424999723825],[-96.775275000188486,28.406441999882322],[-96.775393000189268,28.406464000129894],[-96.775536000304399,28.406457999703676],[-96.775585999634799,28.406446999974911],[-96.775666999825646,28.406398000163641],[-96.775748000016506,28.406254000022656],[-96.775784999826428,28.406189000262543],[-96.775828000382432,28.406156000198877],[-96.775908999674982,28.406079000273738],[-96.775947000208134,28.40602899995374],[-96.776028000398981,28.405958000391195],[-96.776071000056703,28.405941000155014],[-96.776195999730149,28.405936000038537],[-96.77629500036268,28.405913999681324],[-96.776375999655201,28.405853000283162],[-96.776394999921791,28.405825999787027],[-96.77642000003614,28.40569399980858],[-96.776444000325597,28.405656000251224],[-96.776472999739596,28.405637999624357],[-96.776481999960424,28.405633000283753],[-96.776518999770346,28.405633999835846],[-96.776555999580253,28.405649999779193],[-96.776587000440742,28.405683000000487],[-96.776619000227768,28.40569399980858],[-96.776661999885476,28.40569399980858],[-96.776706000266415,28.405683000000487],[-96.776849000381546,28.405589999781551],[-96.777060000268733,28.405403000334651],[-96.777060000268733,28.405352999695605],[-96.777041999827091,28.40528699982735],[-96.776991999598366,28.405231999774031],[-96.777004000192235,28.405160999677353],[-96.777041999827091,28.405117000216766],[-96.777159999827845,28.405044999695214],[-96.777657999770227,28.404868999970248],[-96.777794000212666,28.404786999729179],[-96.777806999733144,28.404743000113307],[-96.777795000037571,28.404633000203429],[-96.777806999733144,28.404604999834604],[-96.777851000114069,28.40458400034332],[-96.777887999924005,28.404572999629814],[-96.77798099981041,28.404595000265502],[-96.778005999924773,28.40462200028519],[-96.778031000039121,28.404727000032942],[-96.77806200000127,28.404732000206479],[-96.778129999773327,28.404687999777565],[-96.778149000039903,28.404655000036509],[-96.778154999887676,28.40456699988664],[-96.778143000192131,28.404534000107901],[-96.778168000306479,28.404434999919857],[-96.778267000040685,28.404335999639322],[-96.77831100042161,28.404309000336902],[-96.778391999714145,28.404309000336902],[-96.778509999714927,28.404324999690203],[-96.778559999943639,28.404313999739983],[-96.778602999601361,28.404291999836087],[-96.778633999563496,28.404258999971727],[-96.778672000096634,28.40407800031721],[-96.778703000058769,28.404038999822937],[-96.778708999906542,28.404011999654681],[-96.77868999963998,28.403874000004201],[-96.778734000020904,28.403846999793871],[-96.77877099983084,28.403835999794019],[-96.778776999678612,28.403808000004741],[-96.778728000173132,28.403725999732643],[-96.778708999906542,28.40363199980521],[-96.778739999868691,28.403554999625978],[-96.778778000401843,28.403511000288596],[-96.778815000211765,28.403478000180936],[-96.778889999656528,28.403445000063048],[-96.778914999770876,28.403422999978702],[-96.778920999618663,28.40339599965348],[-96.778902000250397,28.403308000038219],[-96.778908000098184,28.403269000050674],[-96.778958000326909,28.403187000151604],[-96.778976999695146,28.403109999648965],[-96.778970999847374,28.403043999963781],[-96.778920999618663,28.402978000237493],[-96.778933000212533,28.402916999939055],[-96.778951999580798,28.402901000373127],[-96.77900799965731,28.402879000175858],[-96.779119999810291,28.402879000175858],[-96.779243999658846,28.402896000113206],[-96.779330999697493,28.402918000306951],[-96.779380999926204,28.402918000306951],[-96.779437000002687,28.402868000075486],[-96.779442999850474,28.402714000130956],[-96.779456000269278,28.40266500017351],[-96.779487000231413,28.402625999949279],[-96.779611000079967,28.402548999829133],[-96.77971700038519,28.402439000011949],[-96.779810000271596,28.40236799962392],[-96.779847999906437,28.402306999764502],[-96.779853999754209,28.402257999618829],[-96.77984200005865,28.402203000363649],[-96.779822999792074,28.402158999674668],[-96.77971700038519,28.402053999752482],[-96.779667000156479,28.401965999812834],[-96.779667999981385,28.401877999800107],[-96.779679999676929,28.401844999974028],[-96.77971700038519,28.401823000347669],[-96.779797999677726,28.401806999826338],[-96.779828999639847,28.401789999714264],[-96.779836000210864,28.401756999860808],[-96.779729999905655,28.401542999962924],[-96.779724000057868,28.401498999790018],[-96.779729999905655,28.401465999845932],[-96.779741999601228,28.40144400014087],[-96.779873000020785,28.40140500025743],[-96.77993499994507,28.401333999966742],[-96.779960000059432,28.401223999678376],[-96.779940999792842,28.401147000119774],[-96.779878999868586,28.401004000339508],[-96.779861000325226,28.400816999910155],[-96.779847999906437,28.400789000113257],[-96.77969899994352,28.400722999772551],[-96.779648999714794,28.400679000049326],[-96.779512000345775,28.40050300018369],[-96.779505999599678,28.400448000017523],[-96.779549999980603,28.400414999746115],[-96.779575000094951,28.400414999746115],[-96.779630000346543,28.40044499963409],[-96.779656000285812,28.400459000369107],[-96.77976099986779,28.400580000210251],[-96.779805000248729,28.400608000062391],[-96.779826999990036,28.400610999651004],[-96.77984200005865,28.40061299964011],[-96.779892000287361,28.400602000094693],[-96.779909000005787,28.400586999778881],[-96.782860999675023,28.393376999940827],[-96.79002500028551,28.375887999968526],[-96.791838999779756,28.37180100001407],[-96.795001000409584,28.364681999793994],[-96.794920000218724,28.364699000322901],[-96.794833000180077,28.364688000213459],[-96.794751999989245,28.364643999764315],[-96.794758999661923,28.364593999662951],[-96.794802000217942,28.364549999965313],[-96.794814999738435,28.364506000249403],[-96.794765000408034,28.364457000023354],[-96.794734000445871,28.364457000023354],[-96.794669000148559,28.3644839999894],[-96.79462200029289,28.36448999962959],[-96.794583999759752,28.36448999962959],[-96.794552999797617,28.364472999857682],[-96.794552999797617,28.36445100038128],[-96.7946089998741,28.364385000343805],[-96.794639999836235,28.364368999705736],[-96.794678000369387,28.364308000116463],[-96.794684000217174,28.364072000170054],[-96.794715000179309,28.363753000182101],[-96.794740000293658,28.363653999854598],[-96.794752999814136,28.363471999698234],[-96.794740000293658,28.363361999652192],[-96.794684000217174,28.363137000244894],[-96.794587999957699,28.362899000155927],[-96.794367000024749,28.362349999728693],[-96.794249000023981,28.362168999669457],[-96.794181000251925,28.362092000205738],[-96.794026000441235,28.361960000317577],[-96.793945000250375,28.361843999705474],[-96.793771000173095,28.36172899972307],[-96.793541000019346,28.361661999607136],[-96.793478000270142,28.361629999878971],[-96.793416000345871,28.361574000133896],[-96.793403999751973,28.361503000047588],[-96.793372999789838,28.361371000217389],[-96.793254999789056,28.361111999923807],[-96.793204999560359,28.361024999967199],[-96.793086999559577,28.360880999855109],[-96.792925000076195,28.360716000062897],[-96.792788999633743,28.360608000275604],[-96.792745000151129,28.360573000298992],[-96.792571000073849,28.360480000034052],[-96.79246499976864,28.360436000211799],[-96.79224200018588,28.360231999719645],[-96.792116999614109,28.360045000109846],[-96.792042999994251,28.359957000086471],[-96.79194300043514,28.359786999726893],[-96.791899999879121,28.359577999637089],[-96.791894000031334,28.35948400009422],[-96.791899999879121,28.359087999693035],[-96.791894000031334,28.359039000127549],[-96.791863000069199,28.358961999974209],[-96.791843999802623,28.358873999843457],[-96.79183200010705,28.358698000153641],[-96.791913000297924,28.35851100021285],[-96.791930999841256,28.358438999661669],[-96.791938000412273,28.358032000096276],[-96.791894000031334,28.357883999867418],[-96.791806999992701,28.357730000200728],[-96.791683000144147,28.357565000253498],[-96.79158299968671,28.357400000049761],[-96.791551999724575,28.357283999987764],[-96.79177000018278,28.35662499985375],[-96.792130999857804,28.355921000238968],[-96.792254999706358,28.35561299973002],[-96.792442000202428,28.355210999743989],[-96.792540999936634,28.354880999667902],[-96.792647000241843,28.354655999674698],[-96.792864999801722,28.354242999616272],[-96.792951000015449,28.354082999973478],[-96.793100999803286,28.353809000262295],[-96.793207000108481,28.353633000080638],[-96.793319000261477,28.353397000115734],[-96.793424999668375,28.353221000041632],[-96.793524000300891,28.352990000193362],[-96.79363599955559,28.352654000019964],[-96.793797999937283,28.352246999621102],[-96.793884999975916,28.351999999894495],[-96.793966000166762,28.351861999752249],[-96.793973999664388,28.351842000152143],[-96.793999999603642,28.351781999748063],[-96.794008999824484,28.351763000192783],[-96.794016000395487,28.351680999992695],[-96.793991000281125,28.351575999894674],[-96.794171000206191,28.351223999742167],[-96.79433900043567,28.350926999792875],[-96.79441999972822,28.350652999842946],[-96.794425999575992,28.350416000296971],[-96.794422000276356,28.350263000149017],[-96.79441999972822,28.350151999779658],[-96.794457000436452,28.350031000113773],[-96.794506999766838,28.349806000120214],[-96.794526000033414,28.349619000328488],[-96.794568999691123,28.349432000207472],[-96.794593999805485,28.349244999757143],[-96.794568999691123,28.349167999615492],[-96.794570000414367,28.34895300023863],[-96.794644000034197,28.34877200026397],[-96.794719000377285,28.348469000026469],[-96.794731000072829,28.348232999652176],[-96.794675999821251,28.347732000030284],[-96.794551000147777,28.347467999955629],[-96.794495000071279,28.347408000242432],[-96.794264999917516,28.347259000122865],[-96.794239999803168,28.347259000122865],[-96.794146999916734,28.347292000331855],[-96.794110000106812,28.347292000331855],[-96.794034999763738,28.347253999611144],[-96.793922999610743,28.347225999903618],[-96.793798999762188,28.34723700024135],[-96.79375600010448,28.347221000180955],[-96.793749000431802,28.347192999674107],[-96.793767999800053,28.347126999974943],[-96.79375600010448,28.347067000069092],[-96.793711999723556,28.347023000221991],[-96.793582000027214,28.346950999786046],[-96.793544000392387,28.346912999733927],[-96.793531999798503,28.346884999936481],[-96.793413999797707,28.346819000045887],[-96.793357999721223,28.346599000114416],[-96.793233999872655,28.346418000080646],[-96.793229999674708,28.346406999658047],[-96.793227000199991,28.346396000024914],[-96.793264999834804,28.346373999964662],[-96.793370000315107,28.346400999786443],[-96.793403999751973,28.346397000135347],[-96.793419999645522,28.346385000390658],[-96.793433000064297,28.346297000113157],[-96.79344499975987,28.34627500003236],[-96.793525999950717,28.346247000066715],[-96.793556999912852,28.346230999857141],[-96.793582000027214,28.346202999879917],[-96.793612999989364,28.346202999879917],[-96.793655999647058,28.346230999857141],[-96.793711999723556,28.346285999678013],[-96.793767999800053,28.346368000091175],[-96.793860999686473,28.346428999711492],[-96.793905000067397,28.346533000046104],[-96.793905000067397,28.346572000343002],[-96.793941999877333,28.346631999737905],[-96.794197000145459,28.346918000261702],[-96.794247000374156,28.346928999840756],[-96.794327999666706,28.346912999733927],[-96.794470999781836,28.346912999733927],[-96.794507999591772,28.346928999840756],[-96.794538999553893,28.347001000291623],[-96.794557999820469,28.347017000385193],[-96.794619999744754,28.347039000312243],[-96.794731999897749,28.347049999878777],[-96.794756000187192,28.347023000221991],[-96.794777000103593,28.346965999782075],[-96.794818999936396,28.346858000237763],[-96.794849999898531,28.346846999860734],[-96.794917999670602,28.346846999860734],[-96.794987000165875,28.34686299997751],[-96.795060999785719,28.34686299997751],[-96.795147999824351,28.346846999860734],[-96.795167000090927,28.346819000045887],[-96.795153999672138,28.346780999946553],[-96.794986000340955,28.346770000352159],[-96.794861999594076,28.346780999946553],[-96.794743999593322,28.346770000352159],[-96.794725000225057,28.346758999966045],[-96.794712999631159,28.346697999744691],[-96.794719000377285,28.346660000392625],[-96.794706999783386,28.346565999690075],[-96.794719000377285,28.346500000391877],[-96.794688000415121,28.346494999844435],[-96.794656999554675,28.346521999635439],[-96.794632000338623,28.346528000290821],[-96.794563999668256,28.346511000014225],[-96.794538999553893,28.346494999844435],[-96.794520000185642,28.34645600030986],[-96.794476999629623,28.346406999658047],[-96.794356000154096,28.346302999990627],[-96.794284000184092,28.346242000297959],[-96.794271999590194,28.346209999874908],[-96.79427800033632,28.346192000225663],[-96.794342999735321,28.346181999892114],[-96.794358999628841,28.346170000123113],[-96.794356999979016,28.346151999676493],[-96.794302999552357,28.34610399978822],[-96.794069000098929,28.34606199976934],[-96.793966999991682,28.34604400009502],[-96.793924000333973,28.345983000253565],[-96.793893000371838,28.345967000004247],[-96.793818000028764,28.345956000325568],[-96.79375600010448,28.345934000174136],[-96.793669000065847,28.345834999831709],[-96.793495999813487,28.345682000199055],[-96.793475999722006,28.345675000169244],[-96.79336399956901,28.345681000081882],[-96.793264999834804,28.34571399999059],[-96.793171999948399,28.345724999694344],[-96.793090999757524,28.345708000079838],[-96.793028999833268,28.345652999959636],[-96.793028999833268,28.345603999727938],[-96.793127999567474,28.345471999894812],[-96.79315900042792,28.345465999970397],[-96.793214999606093,28.345494000141954],[-96.793252000314325,28.345482999623645],[-96.793252000314325,28.345461000164864],[-96.793154000405039,28.34541199984459],[-96.793146999834036,28.345395000179984],[-96.79315900042792,28.345377999722029],[-96.793252000314325,28.345405999916778],[-96.793433000064297,28.345410999724869],[-96.793582000027214,28.345449999643169],[-96.793862000409703,28.345455000239824],[-96.79394900044835,28.345443999717471],[-96.794018000045313,28.345443999717471],[-96.794060999703007,28.345443999717471],[-96.794141000068961,28.345428000177556],[-96.794178999703789,28.345399999988597],[-96.794309000298455,28.345201999797119],[-96.794526999858334,28.344811999849775],[-96.79476299985987,28.344246000123736],[-96.79481300008861,28.344014999726436],[-96.794807000240823,28.343772999712606],[-96.79481300008861,28.343673999727709],[-96.79478200012646,28.343580000335471],[-96.794770000430887,28.343403999803041],[-96.79478200012646,28.342942000378052],[-96.794763999684804,28.342749999635739],[-96.794732999722669,28.342541000006236],[-96.794614999721873,28.342249000239995],[-96.794565000391486,28.342155999737077],[-96.794403000009765,28.341919000204101],[-96.79434100008551,28.341914000231611],[-96.794266999567341,28.341940999605875],[-96.794161000160443,28.341957999823325],[-96.794130000198308,28.341957999823325],[-96.794110999931718,28.34193599963443],[-96.794110999931718,28.341903000133186],[-96.79413600004608,28.341885999906932],[-96.794141999893853,28.341853000390156],[-96.794203999818151,28.341738000101238],[-96.794217000236941,28.341693999627758],[-96.794223000084713,28.341463000005561],[-96.794186000274806,28.341309000241878],[-96.794180000427005,28.3411659996402],[-96.794148999566559,28.341006000060229],[-96.794110999931718,28.340901999848221],[-96.794006000349739,28.340725999622393],[-96.793925000158893,28.340697999775202],[-96.793874999930182,28.340703999968998],[-96.793843999968047,28.340697999775202],[-96.79381899985367,28.340682000311038],[-96.793807000158111,28.340626999960232],[-96.793770000348204,28.34056600017033],[-96.793745000233841,28.340543999693171],[-96.793607999966483,28.340505999720719],[-96.793495999813487,28.340528000205776],[-96.793459000003566,28.340510999759463],[-96.793391000231495,28.340274999887026],[-96.793359000444454,28.34019800035794],[-96.793259999811937,28.339773999887321],[-96.793228999849802,28.339696999995091],[-96.793241000443672,28.339658999719646],[-96.793279000078513,28.339636999845279],[-96.793310000040648,28.339559999853755],[-96.793329000307239,28.33935100027313],[-96.793298000345089,28.339064999931043],[-96.793258000162126,28.33892299965208],[-96.793234999697574,28.338839000244018],[-96.793141999811169,28.338387999613566],[-96.792975000304907,28.337689999640592],[-96.792894000114046,28.337481000334485],[-96.792801000227627,28.337277000017558],[-96.792750999998901,28.337194999702255],[-96.79255799965506,28.336738000372872],[-96.792415000438254,28.336480000288162],[-96.792388999600661,28.336441999652727],[-96.792310999782856,28.336329999656702],[-96.792284999843588,28.336292999963899],[-96.792099000070749,28.335996000167704],[-96.79208599965196,28.33587500018842],[-96.792104999918521,28.335748000388687],[-96.792116999614109,28.335446000373526],[-96.79218000026161,28.335254000315516],[-96.792186000109382,28.33516500008858],[-96.792141999728457,28.334933999711371],[-96.79208599965196,28.3348350001867],[-96.792031000298692,28.334659000188942],[-96.791936999689042,28.334456000211386],[-96.791905999726907,28.334136999801906],[-96.791930999841256,28.333944000313657],[-96.791913000297924,28.333818000016183],[-96.791851000373626,28.333734999964456],[-96.791837999954851,28.333685999770161],[-96.79183200010705,28.333537000170029],[-96.791851000373626,28.33336100039444],[-96.791820000411491,28.333070000143973],[-96.791788999551045,28.332976000066683],[-96.79170800025851,28.332844000356111],[-96.791683000144147,28.332233999683851],[-96.791668999900438,28.332048000039602],[-96.791590000257727,28.330946999967505],[-96.791546999701694,28.330870000003955],[-96.791483999952504,28.330803999651899],[-96.791422000028234,28.330770999855858],[-96.791087000292492,28.330644000281652],[-96.791031000215966,28.330610999645206],[-96.790893999948651,28.330434999767828],[-96.79088800010085,28.330336000005254],[-96.790913000215212,28.330243000144268],[-96.791025000368194,28.330078000190625],[-96.791049999584232,28.329979000095452],[-96.791031000215966,28.329692999829689],[-96.790994000406059,28.329554999962536],[-96.790857000138715,28.329191999748613],[-96.790775999947869,28.329098999677306],[-96.790584000327229,28.328988999606899],[-96.790565000060653,28.328966999895442],[-96.790559000212866,28.328939000112346],[-96.790584000327229,28.328905999737216],[-96.790626999984937,28.328873000142554],[-96.790688999909207,28.328736000278102],[-96.790727000442374,28.328207999945175],[-96.790851000290928,28.327114000091097],[-96.790857999963634,28.3268660001429],[-96.790784000343777,28.325370000069356],[-96.79071499984849,28.324683000289252],[-96.790722000419507,28.324610999737548],[-96.790709000000717,28.324567000079309],[-96.790666000342995,28.324485000236283],[-96.790590999999921,28.324457000063251],[-96.790529000075665,28.324478999917414],[-96.790503999961288,28.324500999767022],[-96.790430000341459,28.324512000085516],[-96.79038599996052,28.324478999917414],[-96.790354999998371,28.324423999878089],[-96.79030499976966,28.324281000275231],[-96.790360999846172,28.324221000119149],[-96.790436000189231,28.32408899981473],[-96.790503999961288,28.323796999948776],[-96.790535999748343,28.3234400002172],[-96.790554000190014,28.322949999610373],[-96.790541999596115,28.322768999617061],[-96.790486000417943,28.322527000241159],[-96.790430000341459,28.322411000050899],[-96.790374000264947,28.322339999878842],[-96.790267999959752,28.322289999628961],[-96.790231000149817,28.322245999800828],[-96.790163000377746,28.322124999981845],[-96.790144000111184,28.321729000258451],[-96.790150999783876,28.321690999883934],[-96.790212999708146,28.321651999943246],[-96.790281000378542,28.321646999807875],[-96.790343000302798,28.321597000022873],[-96.790417999747561,28.321218000286759],[-96.790498999938421,28.320519000267634],[-96.790487000242862,28.320265999758139],[-96.790456000280713,28.320167000013772],[-96.790361999671063,28.320040999990116],[-96.790268999784644,28.320008000015736],[-96.790231999974736,28.319975000031139],[-96.790218999555947,28.319936000251754],[-96.79022600012695,28.319804000162431],[-96.790262999936871,28.319732999830915],[-96.790299999746807,28.319710999785411],[-96.790319000013369,28.319682999936543],[-96.790338000279945,28.319623000348631],[-96.790411999899788,28.319462999963903],[-96.790467999976286,28.319403000251796],[-96.790504999786208,28.319286999816189],[-96.790512000357225,28.319238000078162],[-96.790591999824841,28.319116999998997],[-96.79060500024363,28.319068000182625],[-96.79054300031936,28.318974000374894],[-96.790442999861924,28.318881000062667],[-96.790437000014137,28.318852999995254],[-96.790442999861924,28.318826000290418],[-96.790473999824073,28.3188150001744],[-96.79054300031936,28.318852999995254],[-96.790555000014919,28.318886000328121],[-96.79059299964976,28.318892000171878],[-96.790630000357979,28.318881000062667],[-96.790647999901338,28.318836999614504],[-96.790686000434491,28.318511999909951],[-96.790654999574031,28.31843000014144],[-96.790585999977054,28.318325000393752],[-96.790564000235761,28.318299999723038],[-96.790487000242862,28.318209999948593],[-96.790467999976286,28.318160999714259],[-96.790474999648978,28.318143999643812],[-96.790499999763327,28.318143999643812],[-96.790574000281495,28.318192999885984],[-96.790750000008586,28.316281000203066],[-96.791201999920204,28.315195999870937],[-96.791191000049551,28.314914000210486],[-96.79118699985159,28.314813999820345],[-96.791184000376859,28.314722999850201],[-96.791227999859473,28.314635000239534],[-96.79129800017968,28.314573000146595],[-96.791356999730908,28.31451900013824],[-96.791422000028234,28.31441500010348],[-96.791451000340558,28.314365999702026],[-96.791482000302693,28.314256000203496],[-96.791475999556596,28.314206000106239],[-96.791421000203314,28.31412499980388],[-96.79142500040129,28.31410700025555],[-96.791444999594447,28.314095999651329],[-96.791468000058998,28.31353099965575],[-96.79158299968671,28.312698999872211],[-96.792072000306575,28.310289000226931],[-96.792709000166127,28.307323000300162],[-96.793532999623423,28.302477000017067],[-96.794213999863885,28.298993999678547],[-96.79482899998213,28.295237000376925],[-96.795608000131892,28.291778000335359],[-96.796548999765051,28.287457999950455],[-96.797527999931361,28.282104000253192],[-96.798508999747497,28.277093999691466],[-96.798661999908376,28.276266999723425],[-96.798789000129986,28.275544999801117],[-96.799025000131536,28.274271000052938],[-96.799044000398098,28.274161000248096],[-96.799708999846743,28.270436999969487],[-96.800833999602915,28.264762000176226],[-96.800838999625782,28.264738999756059],[-96.800965000022472,28.264104000264791],[-96.80187399986859,28.259348000292576],[-96.80276900036931,28.254808999958989],[-96.802935999875572,28.253901000085101],[-96.803627000161796,28.250129999799373],[-96.805478000364303,28.240720999926324],[-96.805861999605526,28.238723999800342],[-96.806432000416237,28.235815000135226],[-96.80694999955179,28.233134999752505],[-96.807507999768617,28.230243000322414],[-96.807692999716537,28.229284000232884],[-96.807840000029643,28.228549000258425],[-96.808003000236255,28.227700999998198],[-96.808435000056392,28.225428000359109],[-96.808605999760616,28.224553999649991],[-96.808775999639934,28.223679999699957],[-96.808796999556336,28.223557000115207],[-96.808917999930145,28.222919999811577],[-96.809040000128888,28.222284000149841],[-96.809483999644584,28.219885000141957],[-96.809916000363017,28.217697999863766],[-96.810349000008074,28.215510000153131],[-96.811072000081339,28.211774000353987],[-96.811795000154618,28.208037999691655],[-96.812764000275195,28.203032000267171],[-96.813733000395743,28.198026999754028],[-96.814178999561264,28.195124000056062],[-96.814196000178015,28.195021999766929],[-96.814313000353891,28.194493000113489],[-96.814489000080982,28.193974999764023],[-96.814750000196881,28.192435999878278],[-96.814869999847488,28.191924999698564],[-96.815078000259945,28.190664000270317],[-96.815445999607661,28.188773999772451],[-96.815488000338775,28.188576999711241],[-96.816297999552361,28.184458000157015],[-96.816746000164343,28.182027999716414],[-96.816887999556243,28.181452000302311],[-96.817347999863784,28.179117000269581],[-96.819543000022861,28.167640000061077],[-96.819999999957361,28.165094999923497],[-96.82003000009459,28.164976999781917],[-96.820129999653702,28.164461000265256],[-96.827681999703358,28.125152999649885],[-96.830173000138458,28.111032999984307],[-96.830433000429451,28.109618999902917],[-96.830439000277224,28.109595000199022],[-96.830580999669152,28.109059000130745],[-96.830722999959363,28.108522999761171],[-96.83079199955634,28.108261999927258],[-96.830861000051627,28.10800000028102],[-96.830927999998778,28.107894000278641],[-96.831668999615403,28.106933999628215],[-96.83165600009491,28.106611000195823],[-96.83181599992848,28.106359000328805],[-96.832149999839345,28.106210000094382],[-96.832364999924479,28.106006000315272],[-96.834181999791795,28.103306999756438],[-96.835201999965989,28.102174000017762],[-96.835925999864173,28.101326000144049],[-96.836299000133067,28.101092000363398],[-96.836710000036817,28.10083399999337],[-96.83723999976624,28.10040800027296],[-96.837736000058783,28.099490999728982],[-96.838033999984603,28.097995000087685],[-96.838022000289044,28.096999000195321],[-96.838020999565813,28.096954000108443],[-96.837701999723606,28.096214000111637],[-96.83753799969206,28.095425000278535],[-96.83764599964708,28.094672999708369],[-96.839243000304691,28.091869999640252],[-96.83971199993475,28.091177999991167],[-96.840097999724136,28.090610000395067],[-96.840816999599426,28.089746999773048],[-96.841189000043428,28.089298999638494],[-96.842276999989664,28.087890000020597],[-96.843297000163872,28.086014999879051],[-96.844082999986327,28.084351000157831],[-96.844416000072272,28.082805999830281],[-96.845362999553203,28.08029600037656],[-96.845395000238568,28.080209999775782],[-96.845427000025623,28.080125000128067],[-96.845627000042157,28.079595000107908],[-96.845716999555535,28.07885999975154],[-96.845769000332382,28.077284999940154],[-96.846043999793679,28.076094999631081],[-96.846601000185586,28.075039999801447],[-96.846903000309396,28.074545000393286],[-96.846966000058572,28.074328000157752],[-96.847033999830643,28.074091000115608],[-96.847062000318061,28.073108000261705],[-96.847072000363795,28.073003000178581],[-96.847012000089336,28.071360000367523],[-96.847123000417412,28.070641999792223],[-96.847129000265213,28.070603999603811],[-96.847535000146067,28.07003700009766],[-96.848809999690062,28.068366999683271],[-96.848837000352574,28.068331999707787],[-96.849712999688393,28.066905000058025],[-96.849925000298825,28.066737999725213],[-96.850261999684378,28.066460000033771],[-96.850564999633107,28.066212999656063],[-96.850836999619645,28.065968000225663],[-96.851018000267942,28.065804000317502],[-96.851199999842819,28.06564000015905],[-96.851567000263941,28.065306999632789],[-96.852906000280356,28.064421000277303],[-96.852995999793734,28.064360999920844],[-96.853056000068193,28.064322000305346],[-96.853117999992463,28.064280999921952],[-96.853287000046876,28.064168000079682],[-96.853465000322103,28.064051000187931],[-96.853687999904864,28.063903999858823],[-96.85391200021084,28.063699000158817],[-96.85398800037882,28.063104999724803],[-96.853918000058641,28.062254999638952],[-96.85372300006496,28.061717000204705],[-96.853580999774735,28.061518999944187],[-96.853249000412035,28.061059999666934],[-96.853076999984594,28.060871999904581],[-96.852681999974379,28.060448000211725],[-96.852418000383736,28.060176000216117],[-96.849822000366657,28.057522000170255],[-96.849783999833505,28.057482999658642],[-96.847453000130301,28.055098999632271],[-96.842498999747534,28.050031999835195],[-96.829197000345189,28.036427999922939],[-96.815905000090297,28.022835000173036],[-96.800404000330914,28.035525999658972],[-96.784064000147325,28.0485540001063],[-96.764373000086337,28.064573999766271],[-96.750262000397015,28.076283999973395],[-96.746251000195542,28.079622000089898],[-96.730685000138834,28.091268000234557],[-96.715078000074243,28.102269999895132],[-96.696011000352314,28.116130999776267],[-96.683417000056338,28.125289999632781],[-96.680298999807434,28.127456000068722],[-96.678162000272977,28.128993999981958],[-96.675096999727543,28.13113499984955],[-96.666137000064481,28.137683999641649],[-96.652852000380591,28.14700499969279],[-96.640749000354262,28.155390000006022],[-96.625258999567237,28.165316999810322],[-96.618785000316393,28.169522000371142],[-96.610239999856731,28.174641999779777],[-96.596506999560859,28.182998000378536],[-96.583340999702628,28.190681000094703],[-96.574482000321922,28.195851000174265],[-96.571272999836424,28.197725000267727],[-96.556660999831692,28.206480000312393],[-96.544856999556117,28.213251999645085],[-96.531000000310001,28.221164000027109],[-96.519195000209521,28.226454000112792],[-96.510048999875295,28.230680000044543],[-96.502556000275192,28.234353999797833],[-96.500255999635812,28.235481999743289],[-96.496184000233271,28.237235999907394],[-96.489920000146398,28.240075000280335],[-96.481402000349206,28.24374799990813],[-96.472805999835899,28.247723000251735],[-96.466926999713493,28.250284999626672],[-96.455073999932452,28.255278999812251],[-96.440383000284982,28.262150999860136],[-96.425807000265237,28.268687000202853],[-96.414335000250688,28.273289000149397],[-96.402402999928597,28.278056000084355],[-96.395645000097318,28.279524000103198],[-96.395198000208566,28.279736000026851],[-96.392418000068474,28.297615999848727],[-96.389642000126344,28.316353000069554],[-96.386985000009886,28.334449999664713],[-96.384566000443144,28.351470999692815],[-96.383548999743695,28.358417999722271],[-96.382069000160286,28.368525000186455],[-96.381540000255768,28.375281000262163],[-96.381126999803882,28.377456999958767],[-96.381016000374117,28.378038999811594],[-96.380803999763685,28.379157999656901],[-96.380479999898597,28.380858999736397],[-96.380279999882063,28.381793000193703],[-96.379976999933362,28.383213000327608],[-96.379952999643919,28.383325999627786],[-96.379504000105342,28.385494999665049],[-96.37905800004151,28.387500999802061],[-96.379020000406683,28.38767300024471],[-96.378779000382252,28.388771999834923],[-96.378731999628258,28.388986999940414],[-96.378097000316856,28.391790999870601],[-96.377397999634724,28.394757000202329],[-96.377031000111913,28.39652400036865],[-96.376240000266577,28.400249999815234],[-96.376143000182211,28.400759000322672],[-96.376041999899854,28.401265999988723],[-96.375918000051314,28.401892000345793],[-96.375251000054519,28.404445000294235],[-96.374865000265146,28.407041000286828],[-96.374398000284927,28.408818999743328],[-96.373777000318896,28.411619000017534],[-96.373389999806292,28.413510000363601],[-96.370695000055022,28.426298000286625],[-96.367546999668889,28.440464999999559],[-96.366529000042831,28.445053000365832],[-96.364588000326975,28.454238999962335],[-96.364516000356957,28.454578000009512],[-96.364435999991017,28.454960999845397],[-96.364262999738642,28.455779000368956],[-96.362782000330327,28.46279800038414],[-96.361008999945625,28.470726999652211],[-96.354405999925049,28.500277000248804],[-96.352451999790404,28.508791999768636],[-96.352414000155562,28.508968000227981],[-96.352287999758857,28.509531000326234],[-96.326941000056536,28.623456999843345],[-96.32377000010419,28.637922999868636],[-96.323722000423615,28.638142999771063],[-96.323514999836078,28.639088000144135],[-96.323338000284053,28.639894999774274],[-96.323288999880248,28.640125000391318],[-96.323091000411864,28.641058999751792],[-96.323004000373217,28.641467000011449],[-96.32291800015949,28.641875000261081],[-96.32273099966342,28.642944000235893],[-96.3228550004103,28.648172999906212],[-96.32301600006879,28.65494799994875],[-96.323051000228887,28.655949000070251],[-96.323052000053778,28.655971000320747],[-96.323076000343249,28.656684000171243],[-96.323132000419733,28.659179000329566],[-96.323177999552172,28.661192000051276],[-96.323272000161822,28.665361999964013],[-96.32329899992601,28.666569000001086],[-96.323324999865264,28.667348999625126],[-96.323422999774579,28.671650999633943],[-96.323431999995393,28.672117000063238],[-96.323440000391329,28.67228100023878],[-96.323447000064007,28.672418000116576],[-96.323492000269852,28.674321000073441],[-96.323522000407067,28.675597000042522],[-96.324269999696398,28.67558499986071],[-96.327042000338878,28.675540999707795],[-96.333825000284534,28.675432000180848],[-96.340506999947834,28.67532299975235],[-96.340576000443107,28.675322000391411],[-96.340645999865004,28.675321000242366],[-96.340739999576329,28.675320000093258],[-96.340911000178863,28.675316999645943],[-96.34436699963824,28.675258000288832],[-96.35645700014409,28.675053000140316],[-96.375246000031666,28.674908000119885],[-96.377553000343724,28.674920999743954],[-96.381108000435631,28.67494000028297],[-96.385308999709579,28.674844999917976],[-96.385363999961186,28.674843999764324],[-96.385979000079416,28.674829999976922],[-96.386126000392508,28.674826000149888],[-96.38627199998237,28.674822999688431],[-96.387303000027217,28.674798999934254],[-96.389909000090043,28.674740000285421],[-96.390422999925931,28.67471599972415],[-96.391404999566973,28.674602000135494],[-96.40444499992681,28.674408999809295],[-96.404279000245452,28.689875000213895],[-96.400079999723005,28.689879000254241],[-96.399549000168662,28.729813000245759],[-96.39953999994782,28.730231000048679],[-96.407533999863375,28.730277999714666],[-96.407639000343679,28.729987999661851],[-96.420468999742894,28.713610000102381],[-96.428578000184487,28.713719999844482],[-96.428414999977875,28.707137000181302],[-96.428413000328064,28.706850000098555],[-96.428394000061473,28.703523000119151],[-96.428850000171067,28.703528000305589],[-96.429639000366564,28.703517999932533],[-96.429663999582615,28.703517999932533],[-96.430129999737915,28.703509000226344],[-96.430292999944555,28.703508000346527],[-96.431109999729145,28.703500999611382],[-96.431985999963302,28.703480999647155],[-96.432160000040568,28.703479999767072],[-96.433894999892118,28.703445999897593],[-96.434474000025347,28.703433999755617],[-96.434636000407053,28.703430000233258],[-96.435166000136462,28.703417000208741],[-96.43544599962064,28.703414999659362],[-96.435632000291776,28.703412999897793],[-96.43606199956379,28.703403000301748],[-96.436176000264908,28.703398000109345],[-96.436278000372155,28.703398000109345],[-96.436741000154441,28.703389000392836],[-96.438938999788263,28.70334500010426],[-96.440312000139869,28.703319000032458],[-96.441436000071121,28.703290000308414],[-96.442164999992173,28.703281999676712],[-96.443267000182132,28.703259999906209],[-96.444597999802639,28.703227999730313],[-96.444976999919319,28.703221999646995],[-96.446498000408923,28.70318500004489],[-96.447447000438018,28.703166999786557],[-96.447823000181657,28.70316500002027],[-96.448546000254922,28.703151999962842],[-96.449849000286335,28.703117999986791],[-96.450277999733402,28.703111999897164],[-96.451359000006974,28.703084999883547],[-96.451485000403665,28.703084999883547],[-96.452056000140985,28.703070999932141],[-96.452155999700082,28.703072999700172],[-96.452775000016288,28.703057999863034],[-96.467890999811203,28.702632000280087],[-96.468119000315141,28.702626000162663],[-96.477920999877156,28.702535999934899],[-96.477939000318827,28.702535999934899],[-96.478009999565614,28.702535999934899],[-96.478080999710727,28.702535000045732],[-96.478057000319581,28.702568000322429],[-96.477644999692629,28.702912000127334],[-96.476191999873393,28.70368299966168],[-96.475812999756712,28.704008999627145],[-96.475196999813562,28.704676999926747],[-96.474816999871976,28.704949000100783],[-96.474637999771829,28.705227000324367],[-96.474595999939027,28.705475000042178],[-96.474633999573868,28.705724999677429],[-96.474958000337267,28.70634300033457],[-96.47536099984508,28.706695999767994],[-96.475508999983091,28.706750000288331],[-96.475599000394794,28.706747999802676],[-96.475688999908144,28.706746000104822],[-96.477424999584599,28.706704999987984],[-96.477531999714728,28.706701999652104],[-96.477639999669762,28.706699999953422],[-96.488000000346915,28.706457000034039],[-96.488119999997537,28.70645399969111],[-96.48823899982321,28.706451000135882],[-96.488308000318497,28.706450000284178],[-96.488377999740393,28.706447999792776],[-96.491486999768441,28.706372999852871],[-96.500259999833759,28.706174999721675],[-96.50066099969176,28.706167000098485],[-96.514809000089301,28.705852999631333],[-96.515301000183911,28.705852999631333],[-96.517532000328004,28.705817000029459],[-96.528450000323687,28.705642000343783],[-96.528631000073659,28.70563700025842],[-96.528656000188008,28.70563700025842],[-96.528781999686373,28.705634999751471],[-96.528908999907998,28.70563200017283],[-96.534704000364812,28.705522999665497],[-96.541967999636086,28.705383000177342],[-96.547731000305845,28.705273000335502],[-96.550556999578376,28.705218999840763],[-96.553172999686936,28.705169000350054],[-96.553339000266604,28.705165999970117],[-96.553822999965263,28.705156999617806],[-96.554910999911527,28.705130000131877],[-96.556732999801696,28.705096000010627],[-96.557870999976672,28.705074999698496],[-96.559733000049832,28.705039999694119],[-96.559856999898372,28.705036000233157],[-96.559980999746926,28.705031999984154],[-96.56081199977524,28.705019000158703],[-96.561257000014166,28.704977000287133],[-96.561469999551193,28.704967999918548],[-96.561811999857952,28.704972000169992],[-96.562139000096096,28.704975999633412],[-96.562817999788436,28.704984000135589],[-96.562981999819968,28.705025000138907],[-96.563146999676391,28.705071000238856],[-96.563271000423271,28.705176000185674],[-96.563462000218991,28.705200000068633],[-96.563510999724471,28.705200999932345],[-96.565113000404935,28.705246000091652],[-96.565198999720351,28.705248999681359],[-96.566566000224185,28.705286000129469],[-96.566644999866881,28.705287999855173],[-96.566727999707581,28.705290000368763],[-96.566812000271483,28.705292999957198],[-96.568640000009424,28.705342000314239],[-96.568829999980238,28.705346999625831],[-96.569197000401346,28.705356999824009],[-96.569477999710429,28.705363999647069],[-96.569759999742729,28.705372000119578],[-96.570271000103901,28.70538599976312],[-96.570420999891724,28.705389999998587],[-96.570620000083366,28.705395999957581],[-96.573576999775455,28.705475999903253],[-96.574063999847183,28.705487999811041],[-96.574550000093978,28.705501000366162],[-96.574620000414185,28.705503000087756],[-96.574658999873918,28.705225999673036],[-96.57469800023199,28.704948000234729],[-96.5750439998384,28.703297000269739],[-96.57539100016804,28.701646000256687],[-96.575679999873032,28.700271000366257],[-96.575667000352539,28.699187000053929],[-96.57565800013171,28.698469999766459],[-96.575648999910896,28.697753000082812],[-96.576557999756986,28.697757999756913],[-96.576624999704137,28.697598999759389],[-96.57673100000936,28.69755500018822],[-96.576843000162356,28.697472999827731],[-96.57694899956924,28.697368000031432],[-96.577018000064541,28.697252999946031],[-96.577155000331885,28.697081999886947],[-96.577341999929644,28.697011000093696],[-96.577648000251386,28.696944999965218],[-96.577991000383051,28.6968349999213],[-96.578208999942945,28.696922999650475],[-96.578290000133805,28.696939000309662],[-96.578352000058089,28.696928000152258],[-96.578420999655052,28.696884000298962],[-96.578521000112488,28.696839999639241],[-96.578608000151121,28.696846000088474],[-96.578720000304116,28.696884000298962],[-96.578800999596652,28.696928000152258],[-96.579188000109269,28.696932999865762],[-96.579363000011426,28.696994000291458],[-96.579506000126571,28.697147999929026],[-96.579717999838678,28.697302000128062],[-96.57991100018252,28.697460999788792],[-96.580086000084719,28.697654000182343],[-96.580255000139118,28.69779099996401],[-96.580255000139118,28.697818999701777],[-96.580179999796044,28.697874000009069],[-96.580024000160435,28.697857000346993],[-96.579961000411245,28.697889999734894],[-96.579917999855226,28.6979339999532],[-96.579861999778728,28.698043999630084],[-96.579843000410463,28.69815399997935],[-96.579923999703013,28.698418000345864],[-96.579937000121802,28.69851700031159],[-96.579917999855226,28.698642999774421],[-96.579874000372612,28.698736999900234],[-96.579711999990906,28.699012000311626],[-96.579650000066621,28.69914400028393],[-96.579605999685697,28.699254000265025],[-96.579556000355282,28.699452000097214],[-96.579500000278784,28.699599999766871],[-96.579484000385264,28.69969499973741],[-96.579363000011426,28.70044700027627],[-96.579343999744864,28.700491000207478],[-96.579200999629734,28.700749999875612],[-96.578983000069854,28.701232999950701],[-96.578876999764631,28.701415000005959],[-96.578839000129804,28.701595999846603],[-96.578788999901093,28.701650999744867],[-96.578788999901093,28.701672999853638],[-96.578814000015441,28.701705999614209],[-96.578820999688148,28.701739000152273],[-96.578701999862446,28.701904000322806],[-96.578696000014659,28.701965000214908],[-96.578726999976823,28.702063999977014],[-96.578740000395598,28.702189999897005],[-96.578732999824595,28.702223000282427],[-96.578546000226851,28.702399000061273],[-96.578414999807265,28.702498000200706],[-96.578340000362516,28.702580999664448],[-96.57800399990353,28.703031999719933],[-96.577997000230837,28.703086999651372],[-96.577984999636968,28.703109000246201],[-96.57792899956047,28.703146999758502],[-96.577897999598335,28.703230000283291],[-96.577897999598335,28.703272999950215],[-96.577910000192205,28.703306999875913],[-96.577904000344432,28.70336699985689],[-96.577854000115721,28.703405999944291],[-96.577834999849131,28.703432999875023],[-96.577859999963493,28.703504999918973],[-96.577834999849131,28.703543000075349],[-96.577784999620405,28.703569999970778],[-96.577784999620405,28.703591999676107],[-96.577809999734797,28.703635999860879],[-96.577729000442233,28.703784999793886],[-96.577679000213521,28.703894999624239],[-96.577673000365749,28.703928000259896],[-96.577704000327884,28.704070999742537],[-96.577729000442233,28.704390000187296],[-96.577711000000576,28.70444500019282],[-96.577654999924079,28.704521999679272],[-96.577386000310582,28.704698000318803],[-96.577392999983246,28.704764000285273],[-96.577379999564457,28.704790999865637],[-96.577330000234056,28.704824000218707],[-96.577274000157573,28.704830000210169],[-96.57724900004321,28.704873999874284],[-96.577212000233303,28.70490100021415],[-96.576905999911531,28.704955999951121],[-96.576880999797169,28.704973000035878],[-96.576863000253837,28.705021999754912],[-96.576818999872899,28.705021999754912],[-96.576806000352434,28.705049999921723],[-96.576806000352434,28.705105000368249],[-96.576838000139489,28.705142999943551],[-96.576869000101624,28.70514899991672],[-96.576936999873695,28.705120999776408],[-96.577006000368968,28.705115999666152],[-96.57703099958502,28.705105000368249],[-96.577062000445466,28.705021999754912],[-96.577086999661503,28.705000000350186],[-96.577156000156805,28.704978000152956],[-96.57720600038553,28.704978000152956],[-96.57736100019622,28.704873999874284],[-96.577435999640969,28.704807999977202],[-96.577778999772633,28.704598999897012],[-96.577842000420134,28.704570999609519],[-96.577897999598335,28.704576999615487],[-96.577904000344432,28.704610000036048],[-96.57778600034365,28.704753000162434],[-96.577711000000576,28.704950999832988],[-96.577685999886228,28.705319000326423],[-96.577741999962726,28.70569800033806],[-96.577741999962726,28.705780999627283],[-96.577611000441465,28.706397000249201],[-96.577617000289251,28.706556000273633],[-96.577642000403614,28.706683000149265],[-96.577705000152804,28.706864000332267],[-96.577747999810498,28.70727099983505],[-96.577798000039209,28.707475000095528],[-96.577835999674051,28.707594999970205],[-96.57791100001711,28.707694999760673],[-96.577998000055757,28.707776999990237],[-96.578048000284468,28.707869999951892],[-96.578104000360966,28.707986000025301],[-96.578147999843566,28.708178000081606],[-96.578203999920092,28.70830500035202],[-96.578397000263934,28.708481000143067],[-96.578490999975244,28.708580000043145],[-96.57852799978518,28.708771999797193],[-96.57854100020397,28.709091000090851],[-96.578558999747315,28.709255999698005],[-96.578727999801714,28.70959700011004],[-96.578752999916077,28.709821999925694],[-96.578740000395598,28.710119000264985],[-96.578758999763849,28.710250999619831],[-96.578828000259151,28.710499000034485],[-96.578952000107705,28.710790000378118],[-96.579115000314331,28.71107600008683],[-96.579226999569002,28.711317999714428],[-96.579296000064289,28.711586999760147],[-96.579394999798481,28.711879000028354],[-96.579495000255932,28.71207100003036],[-96.579495000255932,28.71215900034025],[-96.579538999738531,28.71221400020093],[-96.579619999929392,28.712285999716933],[-96.579656999739314,28.71233499995008],[-96.579670000158103,28.712400999825881],[-96.579664000310316,28.712847000354241],[-96.579681999853662,28.713296999701896],[-96.579706999968025,28.713435000059338],[-96.579713999640717,28.714067000135106],[-96.579751000348949,28.714199000022894],[-96.579751000348949,28.714287000118102],[-96.579870000174651,28.714381000370818],[-96.579944999619414,28.714518000311283],[-96.579951000365497,28.714710999968968],[-96.579839000212516,28.715013000245278],[-96.57988199987021,28.715112000266089],[-96.580038000404144,28.715354000009956],[-96.580044000251917,28.715491000251532],[-96.580038000404144,28.715666999769535],[-96.580000999695898,28.715805000151303],[-96.580093999582317,28.716233999729859],[-96.580101000153334,28.716355000343253],[-96.580087999734545,28.716557999677615],[-96.580188000191967,28.716832999730777],[-96.580262999636716,28.716959999734726],[-96.580293999598865,28.717053000198106],[-96.580331000307098,28.717091999910306],[-96.580531000323646,28.717207000249832],[-96.580587000400143,28.717273000202564],[-96.580667999692679,28.717410000293828],[-96.58079900011225,28.717553000255119],[-96.580898999671348,28.717636000379844],[-96.5809370002045,28.717717999906853],[-96.580923999785711,28.717790000360885],[-96.580856000013654,28.717883000086136],[-96.580867999709213,28.717926999774846],[-96.580929999633483,28.718014999884517],[-96.581035999938706,28.718075999836579],[-96.581117999954472,28.71810299992018],[-96.581191999574315,28.718114000214896],[-96.581230000107482,28.718153000319244],[-96.581241999803026,28.718202000167178],[-96.581230000107482,28.71824100023877],[-96.58114300006882,28.718263000010097],[-96.580993000281012,28.718344999833302],[-96.580787000416677,28.718658999829938],[-96.58063699973053,28.718818000123445],[-96.580619000187198,28.718889999820114],[-96.58070000037803,28.719033000121001],[-96.580588000225049,28.719279999678864],[-96.580512999881975,28.719374000170657],[-96.580512999881975,28.719438999815949],[-96.58054399984411,28.719504999935648],[-96.580619000187198,28.719565999806299],[-96.580886999975789,28.719665000243889],[-96.581004999976571,28.719725000296354],[-96.581067999725761,28.719819000388132],[-96.581204999993091,28.719906999693439],[-96.581292000031738,28.720022000088438],[-96.581304999552216,28.72008299965751],[-96.581273999590081,28.720208999933277],[-96.581298999704444,28.720275000354786],[-96.581329999666579,28.720307999762099],[-96.581385999743063,28.720329999886378],[-96.581492000048286,28.720329999886378],[-96.581579000086919,28.720285999633134],[-96.581647999683895,28.720270000181067],[-96.581697999912606,28.720270000181067],[-96.581742000293559,28.720281000247763],[-96.58185400044654,28.720340999946764],[-96.58189799992914,28.720340999946764],[-96.581928999891275,28.720313999653182],[-96.581965999701211,28.720259000113163],[-96.58207200000642,28.72016499962912],[-96.582147000349508,28.72008299965751],[-96.582227999642043,28.720022000088438],[-96.582272000022968,28.720022000088438],[-96.582322000251679,28.720039000088146],[-96.582403000442525,28.720076999753118],[-96.582477999887288,28.720132000176669],[-96.582658999637246,28.720396000231439],[-96.58267100023113,28.720533999887426],[-96.582621000002433,28.720719999889017],[-96.582683999751595,28.72087999991377],[-96.582783000384111,28.721071999935344],[-96.582851999981102,28.721170999734838],[-96.582952000438539,28.721265000102321],[-96.583045000324944,28.721511999902415],[-96.583164000150646,28.721578000289213],[-96.583220000227129,28.721649999661022],[-96.583307000265776,28.721825999842512],[-96.583332000380125,28.721935999608466],[-96.583389000281542,28.72202400028333],[-96.583688000032268,28.722204999916642],[-96.583800000185263,28.722414000269911],[-96.583850000413989,28.722540000100086],[-96.583938000277527,28.722672000321985],[-96.584062000126096,28.722776999931931],[-96.584186999799556,28.72286499989891],[-96.584318000219142,28.72303499987612],[-96.584442999892588,28.723129000143292],[-96.58446800000695,28.723186999612341],[-96.584518000235661,28.72330500019849],[-96.58462399964256,28.723485999977559],[-96.584673999871285,28.723634999995742],[-96.58470499983342,28.723815999991253],[-96.584774000328693,28.723931000025818],[-96.584816999986415,28.723981000001423],[-96.585017000002964,28.724080000197649],[-96.585116999562061,28.724150999739532],[-96.585166999790772,28.724217000036031],[-96.585217000019497,28.724348999716234],[-96.585284999791568,28.7245640001575],[-96.585360000134614,28.724733999735349],[-96.585827999939767,28.725003999608877],[-96.585928000397189,28.725026000320621],[-96.586070999614009,28.725026000320621],[-96.586159000375872,28.724981999680288],[-96.586264999782784,28.725009000343974],[-96.586407999897915,28.725063999748702],[-96.586588999647873,28.725185000385395],[-96.586776000143928,28.725289000163155],[-96.586869999855267,28.725311000027151],[-96.586945000198341,28.725311000027151],[-96.587125000123393,28.725222999755641],[-96.587243999949081,28.725239999697493],[-96.587393999736918,28.725277999835566],[-96.587486999623323,28.725284000229227],[-96.587550000270838,28.725244999633507],[-96.587649000005044,28.725118999912223],[-96.587705999906447,28.725091000391167],[-96.587761999982945,28.725091000391167],[-96.587886999656419,28.725135000197838],[-96.587955000326787,28.725190000324055],[-96.587948999580689,28.72523400008907],[-96.58787400013594,28.725361000130462],[-96.587806000363869,28.725504000246776],[-96.58779299994508,28.725773000040224],[-96.587781000249507,28.725850000369068],[-96.587756000135158,28.725910999689027],[-96.587686999639871,28.726004000068848],[-96.587581000232973,28.726098000029857],[-96.587544000423051,28.726175000119319],[-96.58766800027162,28.726147000093381],[-96.58779299994508,28.726043000381395],[-96.587849000021578,28.726025999782365],[-96.587930000212424,28.726081000227541],[-96.588085999848047,28.726361999987976],[-96.588148999597237,28.726415999807763],[-96.588173999711586,28.726422000136107],[-96.58818600030547,28.726406000047472],[-96.588167000038894,28.726306000028682],[-96.588060999733685,28.726069999983295],[-96.588018000075976,28.725933000209835],[-96.588018000075976,28.725817000347575],[-96.588099000266851,28.725607999707243],[-96.588148999597237,28.72559200028174],[-96.588347999788866,28.725574999609368],[-96.588423000131939,28.725537000367066],[-96.588466999614539,28.725504000246776],[-96.588516999843264,28.725387999908492],[-96.588623000148473,28.725262000359553],[-96.588760000415832,28.725130000256542],[-96.588828000187888,28.725085999660038],[-96.588927999747,28.725046999778254],[-96.58902200035665,28.725024999858711],[-96.589333999627868,28.725036000212917],[-96.589507999705134,28.725019999912149],[-96.589839000141239,28.724942999759701],[-96.589889000369951,28.724937999809221],[-96.590318999641937,28.724898999872206],[-96.591348999861893,28.724947999709926],[-96.591691999993571,28.724820999954542],[-96.591897999857892,28.724804999620876],[-96.592153000126004,28.724827000374489],[-96.592409000219035,28.724832000330284],[-96.592564999854659,28.724815999998235],[-96.592758000198515,28.724750000079894],[-96.592964000062835,28.724750000079894],[-96.593113999850658,28.724765999634247],[-96.593251000118016,28.724760999675308],[-96.593426000020202,28.724721999672276],[-96.593606999770159,28.724667000087617],[-96.59405000035926,28.72456799965952],[-96.594217999690443,28.724550999608397],[-96.594323999995652,28.724579000061876],[-96.594448999669126,28.724748999615336],[-96.594479999631261,28.724825999910621],[-96.594524000012186,28.72487600024596],[-96.594623999571311,28.724935999671406],[-96.594717000356027,28.7249750003824],[-96.594842000029516,28.724990999902328],[-96.59502899962726,28.724980000331101],[-96.595129000084683,28.724942000084763],[-96.595165999894604,28.724908999776666],[-96.595196999856753,28.724748999615336],[-96.595171999742391,28.724594999642349],[-96.595196999856753,28.724535000021195],[-96.595322000428524,28.72447399989835],[-96.595458999797586,28.724363999651459],[-96.595827000043599,28.72413299993789],[-96.596088999984417,28.724018000125522],[-96.596289000000951,28.723951999703392],[-96.596545000093997,28.72390199971392],[-96.596793999616025,28.723841999695068],[-96.596981000112081,28.723836000006372],[-96.597212000090778,28.723786999647473],[-96.597524000260293,28.723687999961562],[-96.59784800012541,28.723539000018924],[-96.598091999624572,28.723440000098197],[-96.598465999718371,28.723335000366351],[-96.599008000041678,28.723252999729596],[-96.599307999617338,28.723154000325852],[-96.599569999558156,28.723044000265723],[-96.59978800001636,28.722978000016528],[-96.600038000261605,28.722934000089797],[-96.600156000262402,28.722934000089797],[-96.600300000202438,28.722955999661604],[-96.600615999671632,28.72288700027298],[-96.600829999931861,28.722839999647306],[-96.600947999932629,28.722839999647306],[-96.601135000428698,28.722872999820634],[-96.601193999979927,28.722872999820634],[-96.601217000444464,28.722872999820634],[-96.601272999622651,28.722867000076391],[-96.601390999623419,28.722823000102949],[-96.601496999928642,28.722807000251301],[-96.60159700038605,28.722807000251301],[-96.601716000211752,28.722789999913829],[-96.601978000152585,28.722701999883672],[-96.602051999772414,28.722576000248722],[-96.60215200022985,28.722532000152889],[-96.602445000132803,28.722526000389013],[-96.602470000247152,28.722532000152889],[-96.602538999844143,28.722631000145583],[-96.602583000225067,28.722657999840852],[-96.602713999746314,28.722675000199775],[-96.602806999632733,28.722664000384942],[-96.602932000204518,28.722620000326067],[-96.602943999900091,28.722526000389013],[-96.60296900001444,28.722482000272116],[-96.603124999650063,28.722422000226089],[-96.603531000429228,28.722328000111016],[-96.603729999722546,28.722294999765666],[-96.603898999776945,28.722288999988205],[-96.604061000158651,28.722299999842555],[-96.604129999755628,28.722288999988205],[-96.604247999756424,28.722244999771576],[-96.604278999718545,28.722223000050221],[-96.604328999947271,28.722162999855549],[-96.604379000175967,28.722135000330638],[-96.604453999620716,28.72211299979833],[-96.604652999812373,28.7220910000492],[-96.604703000041084,28.722096999838037],[-96.604747000422009,28.722107999712513],[-96.604802999600182,28.722141000116942],[-96.60484699998112,28.722185000377337],[-96.604928000171981,28.722212000187767],[-96.60509600040146,28.722212000187767],[-96.60514599973186,28.722228999831422],[-96.605190000112799,28.722255999630555],[-96.605201999808358,28.722288999988205],[-96.605195999960586,28.722317000259682],[-96.605209000379375,28.722344000036031],[-96.605252000037069,28.722365999731927],[-96.605496000434556,28.72230599961933],[-96.605607999689212,28.722262000197659],[-96.605638999651376,28.722239999692068],[-96.605663999765724,28.722201000324233],[-96.605676000359608,28.722173999723154],[-96.6056830000323,28.722101999924377],[-96.605719999842208,28.722057999628998],[-96.605820000299644,28.722003000218518],[-96.605981999783026,28.721992000333],[-96.606037999859524,28.721996999636556],[-96.606100999608714,28.722030000075957],[-96.606113000202612,28.722051999837987],[-96.606100999608714,28.722183999888227],[-96.606131999570877,28.722194999753555],[-96.606212999761723,28.722183999888227],[-96.606268000013301,28.722141000116942],[-96.606274999685994,28.72212399967119],[-96.606218999609496,28.722057999628998],[-96.606195000218378,28.722014999805932],[-96.60620000024123,28.721996999636556],[-96.606313000219131,28.721942000193991],[-96.606656000350824,28.721860000040351],[-96.606705999681211,28.721865000138013],[-96.606736999643346,28.721886999934696],[-96.606811999986434,28.722019000193264],[-96.606837000100796,28.722035999868289],[-96.606868000062931,28.722030000075957],[-96.606899000025066,28.722019000193264],[-96.606912000443856,28.721992000333],[-96.606904999872853,28.721963999974477],[-96.606823999682007,28.721881999838079],[-96.606817999834206,28.721843000336712],[-96.60683000042809,28.721809999838225],[-96.606873999910718,28.721793999831494],[-96.606924000139415,28.721788000025334],[-96.607011000178062,28.721820999742953],[-96.60706700025456,28.721827000335018],[-96.607229999562861,28.721755000297293],[-96.60727300011888,28.721750000194362],[-96.607360999982433,28.721755000297293],[-96.607410000386238,28.721772000015246],[-96.607628999771038,28.721761000105413],[-96.607721999657443,28.721820999742953],[-96.607785000304958,28.721825999842512],[-96.607865999597479,28.721777000117132],[-96.607928000420088,28.721721999771034],[-96.608058999941335,28.721667000183832],[-96.608289999920018,28.72160599996328],[-96.608613999785135,28.72160599996328],[-96.608889000144742,28.721557000134872],[-96.609001000297724,28.721557000134872],[-96.609187999895482,28.721573000177813],[-96.609306999721156,28.72160599996328],[-96.609368999645454,28.721611999779938],[-96.609644000005062,28.721557000134872],[-96.609948999603574,28.721479000087264],[-96.61015500036622,28.721452000087552],[-96.610193999825967,28.721425000080803],[-96.61037700012406,28.721384000203219],[-96.611060999839268,28.721232000209223],[-96.611484000336887,28.721137999812072],[-96.611583000071107,28.721137999812072],[-96.611645999820297,28.721131999968264],[-96.611727000011143,28.721088999764333],[-96.61195100031712,28.720874000055115],[-96.612075999990608,28.720802000148961],[-96.612262999588339,28.720719999889017],[-96.612326000235853,28.720703000000039],[-96.612343999779199,28.720675999799951],[-96.612399999855697,28.720329999886378],[-96.612469000350984,28.720230000358345],[-96.6128369996987,28.72003800036633],[-96.613123999753881,28.719965999884469],[-96.6133859996947,28.719872999648295],[-96.613559999771965,28.71978999972346],[-96.613821999712783,28.71976800027338],[-96.614059000437564,28.719712999658373],[-96.614265000301884,28.719680000063295],[-96.614507999976141,28.719625000189751],[-96.614789000183549,28.719574999706694],[-96.614882999894874,28.71957000028733],[-96.614995000047855,28.719596999985246],[-96.61527600025525,28.719619000259129],[-96.615506000409027,28.719625000189751],[-96.615518000104601,28.719625999915568],[-96.6158000001369,28.719651999873456],[-96.616143000268565,28.719663000005212],[-96.616436000171547,28.719634999810847],[-96.616797999671462,28.719568999773209],[-96.617495999630378,28.719386999787844],[-96.617807999799922,28.719266000319131],[-96.618220000426874,28.719079000363553],[-96.618544000291976,28.718968999955447],[-96.619074000021399,28.718842999761115],[-96.619217999961464,28.718826000354806],[-96.619498000343924,28.718738000139794],[-96.619741000018166,28.718649999850655],[-96.620065999708174,28.71859500022326],[-96.620253000204244,28.7185399997791],[-96.620852000428968,28.718325000343537],[-96.621126000065345,28.718275000026658],[-96.621413000120512,28.718115999695353],[-96.621630999680406,28.718093999893046],[-96.621793000062112,28.718066000066379],[-96.622192000270289,28.718005999849861],[-96.622896999901897,28.717812999970242],[-96.623221999591905,28.717729999986005],[-96.623402000415282,28.717696999765131],[-96.623920000449132,28.717559000304277],[-96.624206999606002,28.717454999928076],[-96.624469000445146,28.717393999613837],[-96.62465600004289,28.717305999769387],[-96.624823000447464,28.71725599975321],[-96.624881000173772,28.717245999904655],[-96.624999000174569,28.717301999989594],[-96.625138999916643,28.717339999861313],[-96.625245000221852,28.717351000236281],[-96.625270000336215,28.717348999953291],[-96.625395000009675,28.717339999861313],[-96.625532000277033,28.717317999895819],[-96.625701000331446,28.717252999719943],[-96.625893999776977,28.71719200007572],[-96.625963000272264,28.717054999698867],[-96.626012999602665,28.717000000020384],[-96.626081000273018,28.716961000273809],[-96.62633700036605,28.716863000179849],[-96.626448999620749,28.71685100000127],[-96.626473999735111,28.716841000114002],[-96.626648999637283,28.716720000062889],[-96.626873999768179,28.716588000205569],[-96.626954999959054,28.716566000081858],[-96.627222999747644,28.71654900030536],[-96.627277000174303,28.716528999684282],[-96.627391999802057,28.716456000181637],[-96.627715999667146,28.716307999932852],[-96.627821999972355,28.716252999861506],[-96.627890999569345,28.716203000129656],[-96.628002999722327,28.716158999715592],[-96.628064999646597,28.716121000202588],[-96.628109000027536,28.716076999754033],[-96.628128000294112,28.716027999698255],[-96.628159000256247,28.715989000377075],[-96.628240000447093,28.715928999756692],[-96.628309000044084,28.71590100013821],[-96.628570999984902,28.715851999999991],[-96.628677000290111,28.715885000015199],[-96.628863999887855,28.715911999876631],[-96.628914000116566,28.715911999876631],[-96.628982999713543,28.715895999755364],[-96.629089000018752,28.715785999938259],[-96.629282000362593,28.715638000316961],[-96.629362999655129,28.715582999893272],[-96.629680999672459,28.715455999792862],[-96.629800000396457,28.715424000196066],[-96.629919000222145,28.715418000024421],[-96.630086999553313,28.71538499986179],[-96.630192999858536,28.715380000242114],[-96.630342999646359,28.715351999688814],[-96.630429999684992,28.715324999682753],[-96.630679999930237,28.715160000194704],[-96.630736000006749,28.715143000189663],[-96.630803999778806,28.71510500030751],[-96.630860999680209,28.71506100021935],[-96.63122899992625,28.714939999684475],[-96.631422000270092,28.714846999705685],[-96.631534000423073,28.714807999944096],[-96.631572000057915,28.714807999944096],[-96.631633999982199,28.714829999649741],[-96.631709000325273,28.71482500000354],[-96.631902999595724,28.714659999726635],[-96.632526000109877,28.714462000311343],[-96.632769999609025,28.714418999728217],[-96.632838000279406,28.714390999705497],[-96.632951000257307,28.714325000297517],[-96.633087999626355,28.714259000060039],[-96.633125000334573,28.714259000060039],[-96.633269000274638,28.714314000392129],[-96.633461999720154,28.714368999907439],[-96.633587000291953,28.714386000038303],[-96.633742999927563,28.714375000139324],[-96.633785999585257,28.71435899978286],[-96.633835999813968,28.714304000262285],[-96.633849000232757,28.714231999771801],[-96.633829999966196,28.714143999630313],[-96.633824000118423,28.714050999731519],[-96.633829999966196,28.714011999673122],[-96.633849000232757,28.713978999854806],[-96.633898999563158,28.713941000337538],[-96.633948999791869,28.713930000391755],[-96.634204999884901,28.713946000025992],[-96.63425500011364,28.713930000391755],[-96.634297999771334,28.713902000238114],[-96.634342000152273,28.713857999643874],[-96.634423000343119,28.713737000080826],[-96.63455399986438,28.713660000286009],[-96.634691000131724,28.713617000161022],[-96.634804000109639,28.713595000200169],[-96.635189999899012,28.713617000161022],[-96.635321000318569,28.713562000250281],[-96.635370999648984,28.713551000264637],[-96.635434000296485,28.713551000264637],[-96.635577000411615,28.71361199966897],[-96.635719999628421,28.713689000287001],[-96.635794999971509,28.713693999987502],[-96.635901000276718,28.713667000341289],[-96.636045000216754,28.713589999707125],[-96.636088999699368,28.71354599976943],[-96.63611399981373,28.713485000326614],[-96.636245000233302,28.713375000337361],[-96.636462999793196,28.7133589998279],[-96.636518999869679,28.713342000317994],[-96.63659900023562,28.713294000342895],[-96.636637999695367,28.71327099973972],[-96.636681000251386,28.713232000178355],[-96.636774999962711,28.71320499962501],[-96.636811999772647,28.713199999901125],[-96.636836999887009,28.71321099992366],[-96.636867999849144,28.713248999706146],[-96.636912000230083,28.713248999706146],[-96.636937000344417,28.713237999687593],[-96.636999000268716,28.713155999799415],[-96.637031000055757,28.713084000094401],[-96.637056000170134,28.71307900036474],[-96.637129999789963,28.713095000129162],[-96.637193000437463,28.713062000021441],[-96.637248999615636,28.713046000251978],[-96.637311000438245,28.713084000094401],[-96.637360999768632,28.713089999612151],[-96.637391999730781,28.71307900036474],[-96.637448999632198,28.713024000171092],[-96.637498999860895,28.712995999774851],[-96.637573000379064,28.713035000212091],[-96.637611000013905,28.713039999943913],[-96.637661000242602,28.713006999818852],[-96.637698000052538,28.712881000320078],[-96.637760999801714,28.712859000204421],[-96.637847999840375,28.712853999676124],[-96.637878999802496,28.712842999616047],[-96.63792300018342,28.712754999881593],[-96.637954000145584,28.712765999950932],[-96.637973000412146,28.712792999829734],[-96.638016000069854,28.71282600002225],[-96.638072999971271,28.712853999676124],[-96.638190999972039,28.712870000262836],[-96.638278000010672,28.712864999735061],[-96.638353000353732,28.712837000084136],[-96.638427999798509,28.712759999626748],[-96.638528000255931,28.712749000344644],[-96.638609000446777,28.712721999666673],[-96.638683999891555,28.712711000380576],[-96.638790000196749,28.71265100024323],[-96.638871000387581,28.712568000101633],[-96.639001999908857,28.712530000071752],[-96.639251000329196,28.712534999827657],[-96.639319999926158,28.712530000071752],[-96.639432000079168,28.712541000164769],[-96.639525999790493,28.712480000135827],[-96.639632000095716,28.712446999834089],[-96.639700999692693,28.712408999760253],[-96.639857000226598,28.712381999782398],[-96.639955999960804,28.712342999889493],[-96.640105999748641,28.71237600022404],[-96.640161999825125,28.71243099997055],[-96.640299000092483,28.712419999865979],[-96.640381000108249,28.712381999782398],[-96.640473999994654,28.712397999653408],[-96.640518000375593,28.712392999890898],[-96.640561000033301,28.712381999782398],[-96.640648999896854,28.712338000124401],[-96.640854999761174,28.712360000349644],[-96.640923000431542,28.712354000002165],[-96.640992000028533,28.71232700001006],[-96.641104000181514,28.71231100012816],[-96.641160000258012,28.712315999894525],[-96.641290999779258,28.712360000349644],[-96.641321999741393,28.712403999998319],[-96.641341000007984,28.712415000104578],[-96.641371999970119,28.712420999660687],[-96.641422000198844,28.712415000104578],[-96.641527999605728,28.712365999908908],[-96.641546999872304,28.712343999684936],[-96.641571999986652,28.712272000208856],[-96.641597000101015,28.712256000318547],[-96.641822000231926,28.712190000351239],[-96.641909000270545,28.712179000221326],[-96.642027000271312,28.712195000123415],[-96.642126999830438,28.712172999863466],[-96.642189999579614,28.712145999824632],[-96.642276999618275,28.712141000050124],[-96.642520000190828,28.712173999660525],[-96.642570000419539,28.712184999790971],[-96.642625999597726,28.712218000175312],[-96.642669999978665,28.712218000175312],[-96.642919000399004,28.712118999778813],[-96.643044000072464,28.712097000290758],[-96.64321899997465,28.712141000050124],[-96.643441999557425,28.712105000248386]]]},"properties":{"NAME":"Calhoun County","GEOID":"48057","BASENAME":"Calhoun"}},{"type":"Feature","geometry":{"type":"Polygon","coordinates":[[[-97.450564000024102,29.230812999642577],[-97.445299000195021,29.234628999650823],[-97.444485999710068,29.235217000156361],[-97.435820999599798,29.24150000014922],[-97.431781999809218,29.244428000155047],[-97.423776000198117,29.250245999905289],[-97.419159999924148,29.253616999736359],[-97.416854000335292,29.255303000340891],[-97.412965000332548,29.258146000315151],[-97.405520000413006,29.263586999859022],[-97.399712000435699,29.267832999943099],[-97.399032000020142,29.268383000006441],[-97.392542999802373,29.27309900007295],[-97.38810599962855,29.276345999795936],[-97.387035000299036,29.277129999986144],[-97.387024000428383,29.27713999988779],[-97.379051000429243,29.282973000146711],[-97.375267000008478,29.285742999612147],[-97.372566000409435,29.287698999636572],[-97.370281999663561,29.289368000108894],[-97.356495999664261,29.299464000335728],[-97.352626999752999,29.302296999743717],[-97.350886000053677,29.303571000120893],[-97.350715000349439,29.303703999872166],[-97.350697999732688,29.30370900008915],[-97.344046000206632,29.308579000346477],[-97.335207000019068,29.315048999819368],[-97.333679999681664,29.316167000364228],[-97.332419000381378,29.317090999914029],[-97.331884999555669,29.317481999631603],[-97.325264999816639,29.322333000380542],[-97.31885799961465,29.327027000287416],[-97.318684000435681,29.32715400003444],[-97.307064000283134,29.335653999875664],[-97.300919999846869,29.340104000102272],[-97.289154999929337,29.348709999763869],[-97.287779000103001,29.349715999767263],[-97.287209000190614,29.350134000149538],[-97.286655000171748,29.350570000099761],[-97.274346000281113,29.359579000263675],[-97.269047000116828,29.36345800036878],[-97.266282000045351,29.365481999934584],[-97.256744000073979,29.372463000107693],[-97.254893999696407,29.373817999716383],[-97.253742000176047,29.37466200019286],[-97.252855000071236,29.375243000214088],[-97.251536000146302,29.37617000022021],[-97.250424999735529,29.376977999715432],[-97.250266999551769,29.377093999918579],[-97.24607700014846,29.380236999625662],[-97.246047000011245,29.380259000346513],[-97.240107999614381,29.384487999905296],[-97.239601000349481,29.385512000079633],[-97.238700999825895,29.388260000145511],[-97.238480999717879,29.388934000082223],[-97.2367159997291,29.395309000128169],[-97.235980999960262,29.397969000028613],[-97.233637999663188,29.405546000178173],[-97.230926000193477,29.41432599998646],[-97.230735000397758,29.414816999977955],[-97.230558999772342,29.415270999884768],[-97.2297670001021,29.417316999867996],[-97.229456999582396,29.418146999934599],[-97.22918399977091,29.419242000373647],[-97.228006000311282,29.423198000321058],[-97.227768999586502,29.423994999892201],[-97.226232000101689,29.42915100030396],[-97.223348000204524,29.438821000283394],[-97.223031000012128,29.439838999639427],[-97.222444000381287,29.441723999723163],[-97.222025999906549,29.443066999926508],[-97.220749999639324,29.447172999887069],[-97.219933999679625,29.449799999732335],[-97.219835999770339,29.450143999838986],[-97.219671999738793,29.450517000167217],[-97.219659000218329,29.450716999612848],[-97.219593000096083,29.45093599987181],[-97.219148999682076,29.452384999833658],[-97.218013000055237,29.456099999726291],[-97.217865999742145,29.456581000056911],[-97.214842999927811,29.466490999991024],[-97.213560999812799,29.470698000103493],[-97.212308999835017,29.474805999836487],[-97.211244000353318,29.4782980002276],[-97.211144999720787,29.478628000174364],[-97.210953999925081,29.479258000359572],[-97.210466000028433,29.480860999681518],[-97.207645999705377,29.489954999774749],[-97.204793999595282,29.500237999689283],[-97.2023309996476,29.507526999704453],[-97.202334000020642,29.507668000370749],[-97.202335999670453,29.50773799989112],[-97.202595000136554,29.51784600034485],[-97.202631000121571,29.519227000123781],[-97.202635000319532,29.519380999866751],[-97.202811000046623,29.526205000059619],[-97.202814000419664,29.52632499989716],[-97.203160999850979,29.538658000302718],[-97.203478999868281,29.549930000255458],[-97.203744000182155,29.559315999726788],[-97.203885999574069,29.568224999703418],[-97.203945999848528,29.571957000245661],[-97.204071000420313,29.57967900026674],[-97.204087000313848,29.580613000238362],[-97.199767000315887,29.583989000125126],[-97.197871999732456,29.585471999819866],[-97.196755000372193,29.586346000308765],[-97.193499000031039,29.588894000220662],[-97.186710000237611,29.594205000285744],[-97.184752999729923,29.595735000209938],[-97.183540000110185,29.596681000126214],[-97.182195000245983,29.597734000109526],[-97.167209999972343,29.609438999611143],[-97.161934000272595,29.613561999813278],[-97.160427999851606,29.614739000388905],[-97.158072999858945,29.616580000222768],[-97.148401999818191,29.624137999771243],[-97.146644000400414,29.625250000154075],[-97.146400000002956,29.625438000376683],[-97.145764999793215,29.625892000340247],[-97.144164999660887,29.6270369997244],[-97.142762999895282,29.628007999687199],[-97.142643000244675,29.628100999716878],[-97.14326199966257,29.628089000196447],[-97.140801000263011,29.631024999803717],[-97.137708999953404,29.634715000297899],[-97.137045000329678,29.635507000154533],[-97.135772000435495,29.637025999649982],[-97.134282999732932,29.638803000118838],[-97.133125000364799,29.640183999788203],[-97.132112999688218,29.641392000203247],[-97.131279000185174,29.642387000297443],[-97.130863000258572,29.64288299996284],[-97.130516999753851,29.643296000114887],[-97.130711999747518,29.643431000215035],[-97.130894000220707,29.643557999860537],[-97.13118799994858,29.643762000000919],[-97.133444000207035,29.645806000187889],[-97.134251999770797,29.646298999871604],[-97.134553000069673,29.646482000108975],[-97.134865000239216,29.646673000040277],[-97.135138000050688,29.646839000254438],[-97.135548000129504,29.647088999768751],[-97.135798000374777,29.647241000306728],[-97.136121000414946,29.647438000138543],[-97.136227999646763,29.64749900034515],[-97.136234000392861,29.647581000103841],[-97.136250000286367,29.647664999977891],[-97.139519000147999,29.650104000383642],[-97.140150000159778,29.650601999625241],[-97.145549999708081,29.654613999932128],[-97.146682999860175,29.655478000380796],[-97.149616999986037,29.657716000004111],[-97.150511999588446,29.658398000246152],[-97.151729000304442,29.659326000201972],[-97.152571000203409,29.65996800015586],[-97.153499000316089,29.660675999754282],[-97.153700000157542,29.660829000028325],[-97.156639000306285,29.66307099981659],[-97.158825000244548,29.664736999702239],[-97.158893999841524,29.664790000204441],[-97.159423999570933,29.66519400019833],[-97.159585000127734,29.665316000124843],[-97.159641000204232,29.665359000389969],[-97.159672999991272,29.6653729999822],[-97.159678000014139,29.665387000353057],[-97.160001999879256,29.66562999967741],[-97.160042999887125,29.665661000082242],[-97.160051000283048,29.66566700033578],[-97.16024799992654,29.665814999710712],[-97.160579000362659,29.666060000159288],[-97.160617999822392,29.666088999835175],[-97.173197000049782,29.675461999755765],[-97.17331500005055,29.675550999619098],[-97.174601000363523,29.676512000342658],[-97.174700999922649,29.676586999686272],[-97.177121000212608,29.678405999757292],[-97.177953000065827,29.67903100031603],[-97.17845000018329,29.679406000347178],[-97.179138999921378,29.67992399980464],[-97.179415999930811,29.680132000215842],[-97.181463999776781,29.681671000234562],[-97.185067000447589,29.684578000326816],[-97.190420999965127,29.688620999887068],[-97.192611999926243,29.690304000027368],[-97.194780000321146,29.691967999691975],[-97.194805000435508,29.691987000074441],[-97.194918000413409,29.692074000054824],[-97.194992999858172,29.69213199999994],[-97.195084999919672,29.692203000021646],[-97.195151999866823,29.692254000017332],[-97.195206000293496,29.692294999612532],[-97.201347000356733,29.69711699998636],[-97.201466000182421,29.697210000138412],[-97.202509999747733,29.697890999811499],[-97.209408000219426,29.703057000062682],[-97.209424000112946,29.703070000327227],[-97.209458000448137,29.703096000070914],[-97.210353999875451,29.703769000248581],[-97.21199199964262,29.705000999623486],[-97.212204000253038,29.705159999785597],[-97.212436000056627,29.705334000263459],[-97.212948000242704,29.70571900027624],[-97.214237999855314,29.706688999885024],[-97.214611000124222,29.706969999807182],[-97.223537000350404,29.713680999944337],[-97.223564000114578,29.713701000335231],[-97.224805000221721,29.714644000003421],[-97.226073999917929,29.715604999796124],[-97.226105999704984,29.715628999804728],[-97.233039000336774,29.720882999697963],[-97.233108999758656,29.72093600023813],[-97.233183000276824,29.720971999897241],[-97.233256000071762,29.721041999674178],[-97.233318999820952,29.721085000281949],[-97.235294999696904,29.722452000276068],[-97.235469999599104,29.72258299970364],[-97.235714999821482,29.722764999845296],[-97.237439999627284,29.724052000064745],[-97.237910999805464,29.724403000309646],[-97.242190999620448,29.727596999858349],[-97.245792999568025,29.730282000327218],[-97.250266999551769,29.733730000144572],[-97.253773999963101,29.736330999682242],[-97.25433600037789,29.736748999655102],[-97.254546000440172,29.736904000297677],[-97.254673999588377,29.737025999739249],[-97.25476200035024,29.737098999960676],[-97.255020000093097,29.737295000003943],[-97.270304000117491,29.748860999707674],[-97.270334000254721,29.748883999697004],[-97.270441000384835,29.748965000329516],[-97.270529000248388,29.749014999705103],[-97.272685999874312,29.750229000102653],[-97.276504999556849,29.753128999966819],[-97.287389000115667,29.761393999748403],[-97.287841000027285,29.761737999830103],[-97.288221999793791,29.762027000191857],[-97.289265000432508,29.762821000019404],[-97.289366999641445,29.762897000126674],[-97.292785000364304,29.765506999833288],[-97.307897999786178,29.777045999893122],[-97.317892999692035,29.78465799971665],[-97.320030000124788,29.783478999665832],[-97.321168000299764,29.782852000174877],[-97.322513999988871,29.782108999626182],[-97.323812999822323,29.781392999842669],[-97.325072000371108,29.780698000227694],[-97.325299999976764,29.780572999942105],[-97.325602000100545,29.780405999728707],[-97.329398000216855,29.778343999628735],[-97.329501999973928,29.778285999611626],[-97.333540999764509,29.77604700002254],[-97.333944000170646,29.775824000142482],[-97.334277000256563,29.775639000046969],[-97.334792999742277,29.775351999947365],[-97.335330999867637,29.775054000277652],[-97.336295999790252,29.774519000115987],[-97.337639000004614,29.773774000099671],[-97.340126000241739,29.772416000054672],[-97.341757000336216,29.771524999940922],[-97.343266000231949,29.770701000183141],[-97.346131999687444,29.769135999855511],[-97.351774999808299,29.766053999994504],[-97.3553230002275,29.76410099979946],[-97.36405399956169,29.759295000022842],[-97.36734699971278,29.757482000092182],[-97.368894999966571,29.756629999992992],[-97.370655999757389,29.75566100018802],[-97.375270000381533,29.753099999681613],[-97.375671000239521,29.752886000167965],[-97.377595000236951,29.751860000155002],[-97.380654999861207,29.750228000252275],[-97.381028999955035,29.750049000357887],[-97.381230999621394,29.749951999832749],[-97.384220999823754,29.748325000191507],[-97.384897000041363,29.747951999871773],[-97.391453000206297,29.744330000296586],[-97.396513999820854,29.741547999825535],[-97.409776999763466,29.734258000374719],[-97.414483000449124,29.731671999880898],[-97.418337000291757,29.729554000049806],[-97.421345000037476,29.727900999885374],[-97.425725000309896,29.725492999613738],[-97.426804000035304,29.724899999634356],[-97.43040099996,29.72292299983782],[-97.43453099998716,29.720653000106047],[-97.437193000126484,29.719188999941611],[-97.439245999995336,29.718059999620671],[-97.451439000433339,29.711354000020986],[-97.470886000096868,29.700657000366881],[-97.473586999695911,29.699171999942436],[-97.477843999944682,29.69683100023784],[-97.484068999673497,29.693409999738883],[-97.492869000401313,29.688571999757514],[-97.499060999619857,29.685177999999556],[-97.504039000292053,29.682441999611424],[-97.504129999630351,29.682391999845326],[-97.504221999691865,29.682342000054309],[-97.511049000018431,29.678588000352164],[-97.511442000378821,29.678372000021284],[-97.516480000427194,29.675600999665591],[-97.517107000240983,29.675257000060352],[-97.517226000066671,29.675190999643004],[-97.52272600007241,29.672166999693463],[-97.530451000374427,29.667918999696958],[-97.532581000236164,29.66674800022918],[-97.534576000378721,29.66565000026705],[-97.535564999692454,29.665105999673226],[-97.535675000195624,29.665045999909726],[-97.535784999800484,29.664986000110435],[-97.535917000044947,29.664912999759956],[-97.536825000066159,29.664414000383051],[-97.537137000235688,29.664242999864477],[-97.538251999946112,29.663630000254486],[-97.538369999946894,29.663564999945638],[-97.540166999722729,29.662578000327002],[-97.543346000070983,29.660830999948683],[-97.549094999598722,29.657672000383759],[-97.555844000107498,29.65396299991178],[-97.556489000362959,29.653609000147803],[-97.556933999703574,29.653363999824567],[-97.557717999876218,29.652932999688428],[-97.558789999928962,29.652344000162],[-97.558977000425017,29.652241000206143],[-97.562114000042158,29.650515999734697],[-97.562166999745614,29.65048700025427],[-97.5657000000962,29.64854499972343],[-97.573156999711301,29.644445999797398],[-97.58391800024647,29.638531000237236],[-97.585775000296749,29.63748200008569],[-97.587765000416411,29.636357000128363],[-97.591078999585577,29.634484000044957],[-97.595145000038627,29.632184999960412],[-97.596889999935925,29.631199999996362],[-97.597531999818329,29.630836999855873],[-97.597568999628265,29.630815999898054],[-97.597593999742614,29.630802000184058],[-97.59763200027578,29.6307799999602],[-97.59769500002497,29.630745000268575],[-97.597742999705531,29.630718000297346],[-97.597920000155852,29.630763999723428],[-97.597996000323832,29.630763999723428],[-97.598048000202368,29.630763999723428],[-97.598562000038271,29.63084200036575],[-97.599106999836323,29.630923999634454],[-97.599459000188816,29.631094999761082],[-97.599469000234549,29.631099000002578],[-97.599526999960872,29.631125999871685],[-97.599632000441176,29.631176000130754],[-97.599675999923775,29.631253000200012],[-97.599682999596496,29.631266000378275],[-97.599696000015285,29.631287999715141],[-97.599706000061019,29.631305000122257],[-97.599736000198263,29.631357000017594],[-97.599920000321262,29.631680000012839],[-97.599933999666646,29.632027999668097],[-97.59994700008545,29.632366999838908],[-97.599737000023154,29.632664999968085],[-97.59966500005315,29.632708000128783],[-97.599639999938773,29.632731000170857],[-97.599367000127316,29.632885000215637],[-97.59925499997432,29.632935000382407],[-97.599160000438076,29.633008999958935],[-97.598963999721178,29.633192000144895],[-97.598834999849743,29.633310999903973],[-97.598818000131303,29.63332699973623],[-97.598740000313484,29.633399000120932],[-97.598582999954658,29.633650999891007],[-97.598568999710963,29.633748999761501],[-97.598555000365579,29.63384499986082],[-97.598546000144751,29.633906999941395],[-97.598501999763812,29.634212000210415],[-97.598526999878175,29.634309000092127],[-97.598540000296964,29.634359000332772],[-97.598546999969642,29.634394999772312],[-97.598577000106886,29.634502000134439],[-97.5986209995895,29.635055999665767],[-97.59862200031273,29.63506900013401],[-97.598623000137636,29.635080000168529],[-97.598624999787461,29.635101000018185],[-97.598628999985408,29.635154999946074],[-97.598640999680995,29.63516400032163],[-97.599001000429411,29.635437000140058],[-97.599551000250329,29.635548999671304],[-97.599578000014503,29.635553999947245],[-97.59960200030396,29.635553999947245],[-97.599776000381226,29.635593999803461],[-97.600000999613798,29.635638999915496],[-97.600024999903255,29.635644000186968],[-97.600111999941888,29.635662000069079],[-97.600223000269978,29.635684000007437],[-97.600330000400092,29.635704999731104],[-97.600368000034933,29.635712999847776],[-97.600655999915006,29.635943000197642],[-97.600604000036483,29.636102999689893],[-97.600306999935569,29.636242000101412],[-97.600225999744708,29.636280000056967],[-97.599936000214782,29.636415999615931],[-97.599870000092551,29.636446999650492],[-97.599818000214015,29.636521999971592],[-97.599784999703729,29.636579999942192],[-97.59977300000817,29.636601000259848],[-97.599711999908791,29.636675999685444],[-97.599720000304714,29.636757999670234],[-97.599721999954539,29.636773000317294],[-97.599764999612248,29.637181000349923],[-97.599906000077567,29.637414000268137],[-97.599982000245546,29.637539000092595],[-97.600004999811759,29.637574999957053],[-97.600029999926122,29.637613000190377],[-97.600330000400092,29.637800999983202],[-97.601052999575046,29.638309000242913],[-97.601177000321911,29.638395999813653],[-97.601338999805321,29.638509000140068],[-97.601784000044233,29.638931000314095],[-97.602271999940868,29.639539999776954],[-97.602380999720808,29.639734000114455],[-97.602650000232643,29.64021600038938],[-97.60295400000625,29.640803000292465],[-97.603072000007046,29.641030000257832],[-97.603487000108728,29.64150900011866],[-97.603509999674941,29.64151699977424],[-97.60373099960789,29.641785999730139],[-97.603862000027448,29.641814000006409],[-97.603909999708023,29.641823999935891],[-97.603929999799519,29.641827999751257],[-97.604178000394953,29.641846000089561],[-97.604428999566792,29.641790000327767],[-97.604601999819153,29.641732000234921],[-97.604616000062862,29.641727000265725],[-97.604856000262373,29.641648000095049],[-97.6050689997994,29.641520000230507],[-97.605276000386937,29.641396000035773],[-97.605421000151892,29.641271999688325],[-97.605485999550908,29.641216999762364],[-97.605633999688919,29.64109199981888],[-97.605846000299351,29.640911000250377],[-97.605873999888431,29.64088600019813],[-97.605914000071394,29.640848999797104],[-97.605926999591887,29.640837000233876],[-97.605940000010676,29.640824999888444],[-97.606367999632852,29.640434000212792],[-97.606429999557122,29.640272999629527],[-97.606429999557122,29.640182999622862],[-97.606335999845797,29.639861999907026],[-97.605590000206305,29.638829000086247],[-97.605503000167673,29.638664000118965],[-97.60543200002256,29.638531000237236],[-97.605426000174774,29.638488999621686],[-97.605411000106159,29.638390000276463],[-97.605380999968915,29.638209999939935],[-97.605312000371953,29.637795999818824],[-97.605247999899547,29.637523000148711],[-97.605089999715787,29.637156000152427],[-97.604643999651941,29.636480000079718],[-97.604652999872769,29.636358999754236],[-97.604653999697703,29.636347999859421],[-97.604657000070731,29.636312000337135],[-97.604662000093612,29.636234000026775],[-97.604669999591223,29.636120000065088],[-97.604669999591223,29.636102000264845],[-97.604766999675604,29.63595699997796],[-97.604775000071527,29.635944999831722],[-97.604853999714237,29.635827000270158],[-97.60491099961564,29.635790999780884],[-97.60524100022684,29.635581000183805],[-97.60543100019764,29.635460000339823],[-97.605627999841118,29.635288000382349],[-97.605726999575324,29.635200999688273],[-97.605781999826917,29.635152000080982],[-97.605849999598988,29.635092999852919],[-97.606114000087942,29.635142999704343],[-97.606157999570556,29.635150999865655],[-97.606174000362387,29.635153999730772],[-97.606225000416018,29.63516400032163],[-97.60635799958709,29.635189000232838],[-97.607217000102807,29.635349000142163],[-97.607491999564104,29.635401000292202],[-97.607530000097242,29.635415000147809],[-97.607551999838549,29.635423000287517],[-97.607593999671352,29.635438000352547],[-97.607680999709999,29.635493999742764],[-97.607720999892962,29.635519000352893],[-97.607767999748617,29.635548999671304],[-97.607787000015207,29.635560999864719],[-97.607949000396914,29.635664999918983],[-97.608188999698115,29.636147000149887],[-97.608193999720967,29.636156999861335],[-97.608238000101906,29.636238000064168],[-97.608421000400014,29.636431999735684],[-97.608480999776162,29.636494999987324],[-97.608606000347947,29.636628000215641],[-97.608957999802129,29.636886000122455],[-97.60902200027455,29.63693300005249],[-97.60910400029033,29.636994000377502],[-97.609199999651466,29.637012000018313],[-97.609268000321848,29.637025000234082],[-97.609336999918824,29.637037999667395],[-97.609474000186168,29.637065000286846],[-97.609634000019724,29.637096000121566],[-97.609772999936908,29.637121999748974],[-97.609793999853309,29.637125999751099],[-97.609829999838325,29.637125999751099],[-97.610967000188381,29.637130999948749],[-97.61164099985784,29.636946000278439],[-97.611885000255313,29.636879000297142],[-97.612426999680309,29.636587999989345],[-97.612595999734694,29.636497999812406],[-97.612727000154266,29.636427999705987],[-97.613667999787424,29.635924000158102],[-97.613983000330009,29.635755000059511],[-97.614010999919103,29.63574100025118],[-97.614350999677725,29.635568999992824],[-97.615011999826734,29.635294000104405],[-97.615180000056213,29.635225000156485],[-97.615204000345656,29.635215000352506],[-97.6154830000049,29.635099999802364],[-97.615969000251738,29.634897999726693],[-97.61623899969014,29.634700000125196],[-97.616394000399154,29.634559000266314],[-97.616514000049762,29.634449000078696],[-97.616678999906185,29.63429900019721],[-97.617497000414033,29.633552999925222],[-97.617608999668704,29.633500000150999],[-97.617837999997562,29.633393000286055],[-97.617961000021211,29.633416000171774],[-97.618048999884749,29.633433000219675],[-97.618092000440782,29.633454999864089],[-97.618105999786167,29.63346799975815],[-97.61816199986265,29.633520000098521],[-97.61822700015999,29.633584000060175],[-97.618405000435231,29.633758999711031],[-97.618455999590537,29.633809000224698],[-97.618690999767168,29.634858000374884],[-97.618751999866546,29.634957000068976],[-97.618797000072405,29.635026999636253],[-97.618807999943058,29.635044000193069],[-97.618817999988792,29.635076000085132],[-97.618836000430434,29.635131000241934],[-97.618836000430434,29.635237999822156],[-97.618836000430434,29.635279000017871],[-97.618836000430434,29.635310999835319],[-97.618836000430434,29.635383000363387],[-97.618836000430434,29.635547000029351],[-97.618726999752184,29.635751000002934],[-97.61871599988153,29.635771999712631],[-97.618679000071609,29.635845000119623],[-97.618607000101576,29.635928999634615],[-97.618597999880762,29.635939000148518],[-97.618383999620519,29.636186000346296],[-97.618206000243589,29.636391000009354],[-97.618170000258587,29.636432999938279],[-97.618152999641836,29.636453000084256],[-97.618023999770401,29.636601000259848],[-97.617997000006227,29.63676199968689],[-97.617931999708901,29.636808999674724],[-97.617924000211289,29.636815000086919],[-97.617911999617419,29.636840999786855],[-97.61789400007406,29.636879999714491],[-97.617894999898979,29.636895999760522],[-97.617900999746752,29.637009000208536],[-97.617913000340636,29.637232000140195],[-97.617914000165555,29.637297000279442],[-97.617914999990447,29.637317999666774],[-97.617915999815381,29.637362000376719],[-97.617944000302771,29.637414999680249],[-97.617978999564556,29.63747999970132],[-97.61799100015844,29.637502000023328],[-97.618018999747534,29.637552999650985],[-97.618032000166323,29.637577999749976],[-97.618077000372168,29.637662000161907],[-97.618077000372168,29.637782999702605],[-97.618077000372168,29.637931000266008],[-97.618060999580337,29.637957999865225],[-97.618047000234938,29.637970999958863],[-97.617945999952582,29.638095999872732],[-97.61792900023417,29.638116999874253],[-97.617852000241271,29.638215000083754],[-97.617815000431349,29.638262000174279],[-97.617776999898211,29.638310999830033],[-97.617700999730218,29.638407999667763],[-97.617679999813816,29.638434999919884],[-97.617499999888764,29.638664000118965],[-97.617458999880895,29.638704999700757],[-97.617407000002331,29.638756999679487],[-97.617304000070177,29.638858999980261],[-97.617216000206625,29.638947000034257],[-97.617005000319438,29.639156999639429],[-97.616982999679806,29.639179000375801],[-97.616921999580441,29.639240000121063],[-97.616861000379402,29.639307000093122],[-97.61683899973977,29.639322999753542],[-97.616740000005564,29.639421000350918],[-97.616646000294239,29.639649999869295],[-97.616641000271358,29.639662000354772],[-97.616577999623857,29.639836000206316],[-97.616572999601004,29.63990500011808],[-97.616570999951165,29.639929999633107],[-97.616566999753204,29.639981999760039],[-97.6165580004307,29.640106000134587],[-97.616550999859683,29.640206999684533],[-97.616549000209858,29.640230000356407],[-97.616548000384952,29.640244999705494],[-97.616529999943282,29.640474999854696],[-97.616493999958266,29.640555000326572],[-97.61642899966094,29.640700999618524],[-97.616421999988248,29.640716999838222],[-97.616242000063195,29.641116999820035],[-97.616248999735888,29.641160000275864],[-97.616277000223292,29.641332000354048],[-97.616293999941746,29.641466999964468],[-97.616322000429122,29.641658000041019],[-97.616341999622307,29.641796999811717],[-97.616344000170443,29.641807999892091],[-97.616389000376302,29.641898000007799],[-97.616544000186991,29.642155999685393],[-97.616595000240608,29.642241000327122],[-97.616616000157009,29.642274999782959],[-97.617002999771302,29.642919000259027],[-97.617021000212972,29.642948000358135],[-97.617085999611973,29.643055000220674],[-97.617160999955061,29.643180000069393],[-97.617161999779967,29.643363999864082],[-97.617161999779967,29.643402000255058],[-97.617161999779967,29.643545999839407],[-97.617121999596989,29.643627000344686],[-97.617114000099377,29.643644000230395],[-97.617038999756318,29.643797999982805],[-97.616925999778417,29.644027999823376],[-97.616919999930616,29.64405099962238],[-97.616847000135692,29.644187999742016],[-97.616847000135692,29.644238999887058],[-97.616847000135692,29.644601000006016],[-97.616866000402254,29.644657999886679],[-97.61688700031867,29.644719000216401],[-97.616909000059977,29.644781999967702],[-97.616945000044993,29.644824999639042],[-97.616990000250823,29.644877999698853],[-97.617010000342319,29.644903000321388],[-97.617072000266589,29.644956999677373],[-97.617161999779967,29.645036000374596],[-97.617477000322538,29.645104999845724],[-97.617643000003895,29.645083999740176],[-97.617695999707351,29.645076999703992],[-97.617808999685266,29.645062999630174],[-97.617977999739651,29.645041000179457],[-97.618191999999894,29.645009999667696],[-97.618259999771965,29.645004999861296],[-97.618402999887095,29.64498700008777],[-97.618920999920945,29.644921000109925],[-97.619426000434331,29.644694999668715],[-97.620206000408999,29.644347000063142],[-97.62086199963683,29.644231999792137],[-97.621060999828444,29.644119999768602],[-97.621080999919926,29.644108999940819],[-97.621137999821329,29.644075999669475],[-97.621177000179387,29.644054000003141],[-97.621196000445963,29.644044000295153],[-97.621219000012175,29.644032000331936],[-97.621229000057937,29.64402600034979],[-97.621484000326049,29.643663999724854],[-97.621516000113104,29.64360300031743],[-97.621530000356813,29.643577000021203],[-97.621573000014521,29.643514999648122],[-97.621630999740844,29.643453000017558],[-97.621660999878074,29.643410999893529],[-97.621696000038156,29.643362999730329],[-97.621761000335496,29.643272000008803],[-97.62177100038123,29.643257000329928],[-97.621794999772362,29.643223999779334],[-97.621812000389113,29.643199999656012],[-97.621861999719513,29.643129000168589],[-97.621906999925343,29.643066000163621],[-97.621917999796011,29.643050000317189],[-97.621923999643798,29.643040999865683],[-97.621989999766043,29.642948000358135],[-97.622219000094901,29.642841999739986],[-97.62243500000497,29.642741999850035],[-97.623019000161051,29.642628000229099],[-97.623045999925253,29.642623000304408],[-97.623082999735161,29.642616000097174],[-97.623143999834525,29.642603999963757],[-97.623173999971769,29.642605000105068],[-97.62319499988817,29.642606000246353],[-97.623276000079017,29.642608999889394],[-97.62328699994967,29.642608999889394],[-97.623440000110534,29.642614999955992],[-97.623747000257211,29.642627000088083],[-97.62383799959548,29.642662000335005],[-97.623927000182263,29.64269699978907],[-97.623984000083667,29.642718999751981],[-97.624010000022935,29.642729000372345],[-97.624102000084434,29.642763999803098],[-97.624193000321043,29.642800000141843],[-97.624215000062335,29.642808999834116],[-97.624472999805192,29.642908000300025],[-97.624692000088316,29.642993000306838],[-97.624873999663194,29.642993000306838],[-97.624930999564612,29.642993000306838],[-97.62505100011353,29.642993000306838],[-97.625275000419506,29.642992000169446],[-97.625400000092981,29.642960999807528],[-97.625720999585042,29.642881999824315],[-97.626040000325588,29.642802999779107],[-97.626246000189894,29.642751999687331],[-97.62667200016223,29.64264699978456],[-97.626813999554159,29.642664999976379],[-97.627196000043895,29.642714999972011],[-97.627380999991814,29.642739000210938],[-97.62774800041295,29.642693000008233],[-97.627818999659738,29.642650000207087],[-97.627838999751219,29.642638000077781],[-97.627924000140041,29.642585999760971],[-97.628010000353754,29.642533000056059],[-97.628017000026446,29.642522000054882],[-97.628167999639189,29.642304000067544],[-97.628175000210206,29.642123000335445],[-97.628176000035126,29.642096000291446],[-97.628177999684937,29.642033999787085],[-97.628195000301687,29.641547999799982],[-97.628099999867132,29.64129699964472],[-97.628093000194426,29.641278999989041],[-97.62807700030092,29.641266999696292],[-97.628012000003579,29.641216999762364],[-97.627930999812719,29.641155000278236],[-97.627883000132144,29.641120000288161],[-97.627867000238624,29.641107999976455],[-97.627802999766203,29.641061999809359],[-97.627693000161344,29.640981999740291],[-97.627508000213425,29.640846000101625],[-97.62743399969527,29.640790999942979],[-97.627415000327005,29.640542999947531],[-97.627411999953964,29.640505000039109],[-97.627407999756002,29.640450999856839],[-97.627435000418487,29.640414000076738],[-97.62750900003833,29.64034599989678],[-97.627607999772522,29.640281000164094],[-97.627635000435021,29.640268999752397],[-97.627676000442918,29.640225000312622],[-97.628171999837136,29.640003000149029],[-97.628562999649404,29.639828999805271],[-97.628736999726669,29.639784000003992],[-97.62875400034342,29.639780000107436],[-97.628807000046876,29.639766000077852],[-97.628841000382067,29.639757000113576],[-97.629008999713221,29.639713999839373],[-97.629104000147777,29.639729000046064],[-97.629201000232172,29.639744999639426],[-97.629212000102825,29.639746999978822],[-97.629311999661937,29.639763999738836],[-97.629327999555457,29.639767000247339],[-97.62937100011149,29.639773999871924],[-97.629428999837799,29.639782999834669],[-97.629501999632737,29.639874999754923],[-97.629527999571991,29.63990799984159],[-97.629612000135907,29.640013000258364],[-97.630039999758068,29.642380000073747],[-97.630080999765966,29.642605000105068],[-97.63011000007829,29.64276499994282],[-97.630142999690236,29.642949999853109],[-97.630186000246269,29.643188999727709],[-97.630187999896094,29.643199000301379],[-97.630187999896094,29.643223999779334],[-97.630187999896094,29.643292999711619],[-97.630175000375615,29.643479999697664],[-97.630161000131892,29.643771999736948],[-97.629951000069639,29.644412999636522],[-97.629966999963145,29.644694999668715],[-97.629977000008878,29.644871999767187],[-97.630247000345634,29.645206999961736],[-97.630284999980461,29.645253999911542],[-97.63037700004196,29.645293999818332],[-97.630469000103488,29.645333999709155],[-97.630570000385816,29.645375999811698],[-97.63066200044733,29.645414000223919],[-97.630768999679134,29.645457999738284],[-97.630936999908627,29.645526999700923],[-97.631131000077374,29.64560599995086],[-97.631234999834462,29.645765999703855],[-97.631234999834462,29.645849000202588],[-97.631234999834462,29.645892000198863],[-97.631234999834462,29.645972000270234],[-97.631191000351848,29.646009999676803],[-97.631151000168884,29.646045000309133],[-97.631143999597867,29.646052000278004],[-97.631110999985907,29.646086000008353],[-97.630984999589202,29.646089000328441],[-97.630868000311651,29.646110000224368],[-97.630854999892875,29.646111999656622],[-97.630813000060058,29.646118999620835],[-97.630474000126341,29.646177999634379],[-97.630419999699683,29.646247999989388],[-97.630368999646052,29.646316000086866],[-97.630368999646052,29.646819999928663],[-97.63064400000566,29.647220999961391],[-97.630684000188637,29.647279000014965],[-97.630789999595535,29.647279000014965],[-97.630827000303768,29.647279000014965],[-97.630881999657049,29.647279000014965],[-97.630894000250919,29.647279000014965],[-97.630931000060841,29.647279000014965],[-97.630973999718549,29.647279000014965],[-97.631024999772166,29.647279000014965],[-97.631163999689335,29.647143000294328],[-97.631706999837562,29.646614000316831],[-97.631830999686116,29.646614000316831],[-97.631849999952678,29.646614000316831],[-97.631942999839112,29.646614000316831],[-97.631971000326516,29.646625999972269],[-97.631988999869861,29.646632999900749],[-97.632015999634049,29.64664400023349],[-97.632065999862746,29.64666500001363],[-97.632140000380915,29.646696000015751],[-97.63244099978148,29.646821000028076],[-97.63256899982801,29.646932000071303],[-97.632730000384797,29.647072999780953],[-97.633041999656015,29.647192000312472],[-97.633163999854744,29.647236999925681],[-97.633279000380796,29.647280000109827],[-97.633725000444628,29.647449000383258],[-97.633744999637798,29.647449000383258],[-97.633879000430426,29.647507000305513],[-97.633992000408341,29.647609999640764],[-97.634013000324728,29.647636999767457],[-97.634093999617264,29.647715999922944],[-97.634093999617264,29.647909000032303],[-97.634093999617264,29.648082000378089],[-97.634059000355478,29.648111999857196],[-97.633947000202483,29.648209999706964],[-97.633857999615714,29.648288000108661],[-97.633830999851526,29.648299000260554],[-97.633758000056588,29.648329999759437],[-97.633725000444628,29.648345000243893],[-97.633685000261664,29.648361000029524],[-97.633202000387897,29.648562999641506],[-97.63296499966313,29.648883999721551],[-97.632982000279881,29.648999000143199],[-97.632984999754598,29.649014999824878],[-97.633004000021188,29.649100000140407],[-97.633009000044055,29.649120000112394],[-97.63301099969388,29.649132000249779],[-97.633019999914708,29.649224000214826],[-97.633029000135522,29.649316000095766],[-97.633039000181299,29.649383999682208],[-97.63304300037926,29.649407999892688],[-97.633048000402113,29.649439999904139],[-97.633055999899724,29.649496000094913],[-97.633060999922577,29.649531000295898],[-97.6330690003185,29.649585000292152],[-97.633080000189167,29.649620999753076],[-97.633091999884726,29.649685999701326],[-97.633096999907593,29.649711999981204],[-97.633105000303516,29.64982800030711],[-97.633133999717529,29.649841999718252],[-97.633176000448628,29.64986299961194],[-97.63321499990839,29.649809999834599],[-97.633255999916258,29.649758000099535],[-97.633327999886291,29.649663999699534],[-97.633503999613382,29.649432000097395],[-97.633701999980104,29.64916799987277],[-97.640023999793286,29.640803000292465],[-97.644476999860643,29.634909999997621],[-97.647978000424175,29.630279000270473],[-97.649488999969734,29.628281000160133],[-97.650160000164462,29.627395000383263],[-97.65074000012261,29.626628999987574],[-97.651788999710803,29.62522199995794],[-97.652761000204421,29.623831000361946],[-97.653003000053744,29.623508000189858],[-97.65301099955137,29.623496999672593],[-97.653090999917296,29.623386000348695],[-97.653124000427582,29.623339000344835],[-97.65349799962307,29.622875000343306],[-97.653869000242167,29.622412999669706],[-97.656650000207165,29.618750000015059],[-97.659638999686294,29.614815999743229],[-97.659756999687076,29.614658999719477],[-97.661191999962966,29.612955000370935],[-97.661367999690057,29.612749000222276],[-97.661464999774438,29.612562999855356],[-97.66180100023341,29.611908999997105],[-97.661837000218426,29.611862999773329],[-97.663604999681922,29.609523000054196],[-97.664987000254385,29.607719999999244],[-97.665030999737013,29.607663000304733],[-97.667537000240685,29.604358999861379],[-97.669836999981769,29.601272999929225],[-97.670057999914704,29.600982999667806],[-97.670278999847639,29.600694999687189],[-97.671073999890922,29.599653000149821],[-97.671868000109313,29.598611999798454],[-97.672268000142395,29.598088000191915],[-97.672667000350557,29.59756500001377],[-97.67277199993255,29.597434999987748],[-97.672878000237745,29.59730499979425],[-97.672893000306374,29.597282000259309],[-97.677836999745082,29.59079000024121],[-97.680632999778695,29.587094999737776],[-97.681770000128751,29.58559200037816],[-97.682906999580496,29.58408899972618],[-97.683390000352574,29.583451000305434],[-97.683873000226328,29.582812000022994],[-97.683924000279958,29.582743000084218],[-97.68689299966762,29.578818999758802],[-97.699895000392615,29.561635000109124],[-97.704646000385793,29.555357000050144],[-97.714073999853994,29.542895999994144],[-97.717695999893039,29.538109000060096],[-97.722533999924877,29.53177699964861],[-97.726772999731978,29.526161999842127],[-97.727481999561547,29.525236000122678],[-97.727562999752394,29.525130000083497],[-97.727647000316296,29.525020999919942],[-97.727710999890405,29.524938000039381],[-97.727777999837556,29.524851000326915],[-97.728048999999203,29.524497999638761],[-97.728233000122216,29.524258999928339],[-97.728278000328075,29.524201000260224],[-97.730053000362588,29.521892000207341],[-97.730111999913802,29.521816000097299],[-97.730167999990314,29.521742000264382],[-97.730219999868837,29.521673999820958],[-97.73027799959516,29.521599999884188],[-97.730330000372007,29.521532000126964],[-97.73216899998063,29.5194039999453],[-97.732286000156492,29.519269000361152],[-97.732409000180141,29.519128000221006],[-97.732522000158042,29.519025000227341],[-97.732856000068878,29.518722000017561],[-97.732896000251856,29.518649000073886],[-97.732980999742352,29.518495999806905],[-97.732989000138275,29.518485000351053],[-97.733081000199789,29.518351999942144],[-97.733180999758915,29.518207000061299],[-97.735719000049642,29.514547000276949],[-97.735765999905325,29.514480000318741],[-97.735789000369863,29.514446000007908],[-97.735811999936075,29.514411999685709],[-97.735864999639517,29.514342000089961],[-97.735918000241284,29.514273000295866],[-97.73593599978463,29.514248999982623],[-97.735946999655283,29.514234999732107],[-97.7360460002878,29.514105000328684],[-97.736543000405263,29.513450999810747],[-97.737027999928856,29.512812000071431],[-97.737084999830245,29.512736000177782],[-97.737134000234065,29.512672000181929],[-97.737177999716664,29.512614000126344],[-97.737236000341312,29.512538999951222],[-97.737293000242715,29.512463999720513],[-97.738116999700011,29.511382000016972],[-97.738452000334078,29.510941000202234],[-97.739521999838658,29.509535000169183],[-97.739579999564995,29.509458000262818],[-97.739639000014535,29.509381000297896],[-97.739690000068151,29.50931499994627],[-97.739741999946688,29.509247999651894],[-97.740610999609814,29.508132999795599],[-97.741275999956784,29.507278999730634],[-97.744056999921781,29.503637000372748],[-97.744221999778219,29.503419999714243],[-97.746238999662069,29.500780999911282],[-97.746245000408166,29.500768000127188],[-97.74630599960922,29.500689999823749],[-97.746421000135257,29.500542999690079],[-97.746472000188888,29.500478999804468],[-97.746498000128156,29.500446000250847],[-97.746585000166789,29.500335000109601],[-97.74746999972345,29.498969999835943],[-97.747513000279483,29.498899999726916],[-97.747601999967941,29.498747000102036],[-97.749813000020538,29.494942000079778],[-97.750276999627729,29.494144000199292],[-97.753818000374238,29.488645999899443],[-97.753859000382121,29.488582000315969],[-97.754449000386003,29.487824000145892],[-97.756164999970963,29.485687000256267],[-97.758016999998361,29.483267999999562],[-97.763728999716207,29.475807000242469],[-97.764312999872303,29.475045999996365],[-97.765051000014196,29.474090000063104],[-97.769085999606773,29.468870000008227],[-97.769529000195888,29.468292000357838],[-97.770463999981274,29.467073000221749],[-97.771879000165669,29.46523099970727],[-97.77270599999602,29.464148999945706],[-97.774773999933487,29.46144400009657],[-97.775568000151864,29.460468999991448],[-97.775644000319858,29.460371000134796],[-97.776367000393122,29.45943999990298],[-97.779884999776783,29.454845000039512],[-97.780023999693952,29.454679000170533],[-97.781068999982509,29.453438000164862],[-97.786239000275344,29.446831999861153],[-97.78635499972799,29.446681000116797],[-97.79111199956894,29.440488999656651],[-97.791816000273968,29.439562000063241],[-97.792457000331453,29.438737000372448],[-97.798076999987785,29.431503000342484],[-97.800258999728072,29.428695000004282],[-97.800919999877067,29.427845000078626],[-97.80389099981285,29.424004000298382],[-97.804618000084091,29.423041000048247],[-97.804736999909778,29.422885000284442],[-97.804950000345116,29.422603999955033],[-97.806604000005791,29.42042100023021],[-97.807446999729677,29.419332000002832],[-97.809297000107264,29.416868999882624],[-97.809559000048068,29.416594000315822],[-97.810662999887867,29.415178999698671],[-97.811458999756056,29.414158000267033],[-97.811555000015531,29.414034999681515],[-97.811905999644793,29.413581999791248],[-97.812803999620257,29.412432000145159],[-97.813126999660454,29.412013999693599],[-97.814494999989179,29.410249000212875],[-97.816075000030025,29.408183999762613],[-97.816158999695617,29.40807399970242],[-97.816243000259519,29.407964999639219],[-97.818835000078636,29.404647999809431],[-97.818902000025787,29.404562999662485],[-97.81892600031523,29.40453199972012],[-97.819738999901872,29.403402000291308],[-97.819876999994122,29.403210999905411],[-97.819936000443676,29.403152999840096],[-97.820145999607647,29.402877999943676],[-97.820301000316661,29.402679999745505],[-97.820348999997236,29.402618000268195],[-97.820430000188097,29.402513999898826],[-97.821770000029417,29.400776000166413],[-97.822775000134996,29.399504999873063],[-97.823730999836769,29.398295999930799],[-97.824660999599274,29.397122999897217],[-97.824687000436867,29.397089000148195],[-97.824750000186057,29.397006999832005],[-97.824764000429766,29.396988000274202],[-97.824885999730171,29.396828000315043],[-97.824925000088228,29.396776999756618],[-97.824942999631588,29.396752000363609],[-97.824954000400552,29.396738000325161],[-97.824976000141874,29.396709000015818],[-97.825049999761717,29.396611999892553],[-97.825349000410768,29.396218999664644],[-97.825366999954113,29.396195999815323],[-97.825459999840533,29.396073999643065],[-97.825489999977762,29.396034999942074],[-97.825607000153624,29.395882000127724],[-97.826408000044694,29.394829999642727],[-97.826772000092774,29.39436599986605],[-97.826809999727601,29.394318000389099],[-97.829059000313364,29.391454999746973],[-97.829188000184786,29.391291000138487],[-97.829339999622448,29.391096999639775],[-97.829625000027804,29.390735000261614],[-97.829656999814858,29.390694000289724],[-97.830862999761877,29.389155999831658],[-97.83101500009785,29.388960999654557],[-97.831071000174333,29.388890000039176],[-97.832119999762526,29.387551999850785],[-97.832277000121366,29.387322999847338],[-97.832820000269578,29.386522000244398],[-97.834232999905851,29.384725999998295],[-97.837547999798232,29.380440999651441],[-97.840125000447046,29.377190000229675],[-97.840346000379981,29.376840000273301],[-97.840383000189917,29.376790999932812],[-97.84159099978676,29.375236999935716],[-97.843969000243931,29.372176999771966],[-97.845867000302107,29.369736000267157],[-97.848986000375902,29.365651999705189],[-97.851901000235216,29.361836000064617],[-97.85197400003014,29.361740000150139],[-97.854561999651281,29.35841199988915],[-97.854775999911524,29.358135999811889],[-97.854963000407594,29.357894999924291],[-97.855018999585795,29.357822000125179],[-97.855028999631529,29.357809000037538],[-97.855046000248279,29.357786999945581],[-97.855069999639397,29.357755999843555],[-97.855570999954836,29.357109000334084],[-97.858172999819686,29.353750999986428],[-97.85878200009013,29.35288999979182],[-97.855714000069966,29.349804999936119],[-97.853237999703481,29.347315000134078],[-97.852451999881026,29.346534000036655],[-97.850214000064241,29.344310999652141],[-97.849270999882947,29.343372999719968],[-97.843389000285796,29.337481999613498],[-97.840071000020359,29.334151000128465],[-97.839008000188471,29.333083999725748],[-97.838787000255536,29.332861999888618],[-97.835170000239359,29.329230999644103],[-97.83492500001698,29.328984999771254],[-97.834565999991781,29.328623999749471],[-97.834272000263894,29.328329999935224],[-97.83419899957066,29.328257000103036],[-97.832385999901305,29.326437999868013],[-97.830772000423593,29.324848000116756],[-97.830613000414942,29.324693000322359],[-97.830513999782411,29.324595999724856],[-97.830406999652283,29.32449000000803],[-97.829777000363777,29.323866999896534],[-97.829711000241517,29.323801999714746],[-97.829693999624766,29.32378500013025],[-97.829149999651634,29.3232470003916],[-97.826639999848297,29.320776000071255],[-97.820771999596545,29.314864999898077],[-97.816092999573371,29.310189000243138],[-97.816045999717716,29.310141999767726],[-97.813166999843418,29.307226000227697],[-97.809046000037085,29.30305099982494],[-97.796732000123583,29.29070600007061],[-97.794746000201869,29.288715999767664],[-97.794695999973158,29.288665999646554],[-97.794604999736563,29.288574999958843],[-97.793336999865261,29.287300999736154],[-97.792640999556156,29.286580999917408],[-97.792609999594021,29.286549000364811],[-97.792595000423717,29.286534000326267],[-97.792529000301485,29.286465999862667],[-97.792065999620903,29.285987000027028],[-97.789604000396452,29.283428999775499],[-97.787642999690775,29.281391999926701],[-97.787604000231028,29.281351999628143],[-97.784354999562581,29.277971999714673],[-97.782622000259167,29.276176000014647],[-97.780711999607121,29.274190999663173],[-97.779895999647437,29.273343000121024],[-97.774852999576211,29.268103000343924],[-97.773307999695461,29.266480999906062],[-97.772808999928188,29.265957999823918],[-97.772507999629298,29.265641000231064],[-97.771782999906193,29.264882000092022],[-97.771334000367645,29.264410999842802],[-97.771081999574236,29.263840000339815],[-97.769201000132838,29.262195000141677],[-97.768831000236986,29.261871999957783],[-97.766999000301055,29.259899000091735],[-97.766439000434403,29.259428999624255],[-97.766058999594492,29.259027000088501],[-97.764589999881721,29.257456999675068],[-97.763846999716975,29.25669399978808],[-97.763183999918155,29.255998000057797],[-97.761979999620962,29.254735000299668],[-97.761962999902508,29.254717000136406],[-97.761951000206949,29.254705000287093],[-97.761938999613079,29.254692000383361],[-97.757874999708164,29.25041699978873],[-97.757700999630885,29.250234000315213],[-97.757615000315468,29.25015800000509],[-97.757197999665621,29.249785999982702],[-97.752195999602293,29.244821000067304],[-97.750264000107251,29.242903000383016],[-97.743307999909234,29.236163999624541],[-97.743200999779134,29.236060000316431],[-97.734087000130273,29.227228999639131],[-97.733980999825064,29.227126000200666],[-97.733796999702051,29.226947000359228],[-97.730480000159844,29.223728000168183],[-97.730335000394888,29.223587000116929],[-97.730287999640893,29.223541999726141],[-97.729751000238778,29.223021000381973],[-97.729742999842856,29.223012999834161],[-97.728443000184512,29.221747999921586],[-97.722255000265619,29.215736999860667],[-97.722138000089757,29.215622999765436],[-97.720708999661639,29.214235000151195],[-97.717414999685658,29.211035000053737],[-97.717327999647011,29.210950999731292],[-97.715709000146433,29.209377000053312],[-97.714955000111033,29.208647000220878],[-97.714596000085834,29.208297999790251],[-97.703985000236813,29.197990999883235],[-97.703391999859889,29.197415000057287],[-97.70126500037118,29.195348000180239],[-97.697268000413416,29.191465999992939],[-97.688994999940277,29.183430000125561],[-97.687942999979029,29.182407999851261],[-97.67759599972068,29.172357000212433],[-97.677522999925742,29.172285999746254],[-97.672426000326141,29.167374999690857],[-97.671504999886153,29.166487999877354],[-97.670591999842088,29.16554900009773],[-97.664194999685819,29.159312999997937],[-97.664122999715801,29.159243000124004],[-97.660422999858952,29.155648000163211],[-97.659156999637446,29.154417999950759],[-97.640746000041645,29.136550999610478],[-97.64069800036107,29.136504999840923],[-97.639693000255505,29.13552900032289],[-97.635411999717292,29.131374000243856],[-97.629675999710017,29.1258080001626],[-97.629120000041326,29.125267999696877],[-97.627006000073095,29.123080000317277],[-97.625884999616545,29.12192100031529],[-97.625297999985733,29.121337999702217],[-97.621438000295299,29.117863000142101],[-97.613887000070534,29.110439000117807],[-97.613652999718823,29.110230000050446],[-97.613132000210229,29.109765000356699],[-97.611028000287746,29.111367000182661],[-97.603330999574794,29.117379999680143],[-97.600988000176031,29.118938000053223],[-97.596100999740401,29.122577999643497],[-97.596069999778265,29.122600999899877],[-97.596054999709651,29.122611999747761],[-97.592516000409603,29.125248000061099],[-97.584900999712417,29.130970000391933],[-97.584868999925376,29.130994000031265],[-97.579339999607342,29.135150000210835],[-97.579320000414171,29.135164999670376],[-97.577956000283393,29.136189999928035],[-97.577906999879588,29.136226999942913],[-97.575726999789111,29.137865999751995],[-97.575669000062803,29.137909999665773],[-97.573144000190837,29.139808999694743],[-97.564773999633331,29.146101999935357],[-97.556512999754105,29.152313000008096],[-97.555147999798407,29.153339999979128],[-97.543547999737342,29.162061000197511],[-97.541555999967855,29.163559000257465],[-97.536302999834334,29.167512999829821],[-97.530321999604681,29.172016000021639],[-97.530289999817626,29.17203199966491],[-97.528584000278414,29.173315000098388],[-97.522137999718339,29.178162999665702],[-97.516887000132968,29.182110999920504],[-97.513664000302086,29.18453399979823],[-97.508752999577013,29.188226999666426],[-97.508699000048651,29.188268000210503],[-97.508690999652742,29.188273999714905],[-97.507534000109501,29.189144000210479],[-97.507165000038555,29.189420999694683],[-97.507067999954202,29.189493999878732],[-97.504261000049908,29.191605999657167],[-97.504215000019158,29.191641000327525],[-97.504158000117769,29.191684000059333],[-97.504119999584617,29.19171199994793],[-97.502077999586405,29.193247999825395],[-97.50030099990208,29.194585999943509],[-97.499325999933731,29.195321000348933],[-97.494312999999721,29.199101000092604],[-97.493419000222218,29.199752999997486],[-97.493221999680415,29.199893000109803],[-97.483457999753227,29.206968999818212],[-97.483432999638865,29.206986999752409],[-97.475661000379489,29.21261900007519],[-97.467393999754151,29.218610999758116],[-97.464951999722871,29.220380999719126],[-97.460732000182318,29.223440999648048],[-97.459241999654864,29.224522000279627],[-97.453738000349489,29.228510999819463],[-97.451275000401807,29.230297000333557],[-97.450564000024102,29.230812999642577]]]},"properties":{"NAME":"Gonzales County","GEOID":"48177","BASENAME":"Gonzales"}},{"type":"Feature","geometry":{"type":"Polygon","coordinates":[[[-96.930366999594611,28.586728000341697],[-96.930301000370676,28.586771999881748],[-96.929964999911689,28.586996999895142],[-96.926384999705448,28.589260000350919],[-96.915922999819358,28.595872999613658],[-96.915865999917941,28.595908999907479],[-96.915809999841457,28.595945000188962],[-96.915751000290214,28.595981999786222],[-96.915691999840675,28.596019000159153],[-96.914937999805261,28.596496000219805],[-96.91466400016887,28.596667999616432],[-96.914347999801379,28.596868000193322],[-96.914110999974909,28.597019999998626],[-96.91378200008694,28.597227999957184],[-96.913602000161887,28.597342000032825],[-96.913421000411915,28.597455999984827],[-96.910808999602992,28.599107999897164],[-96.910748000401938,28.59914600004511],[-96.910682000279706,28.599186999649625],[-96.910601000088846,28.599239000183118],[-96.903023999924841,28.604029000151908],[-96.902967999848329,28.604063999977893],[-96.902320999943043,28.604474999811391],[-96.90211799955344,28.604602999611537],[-96.901859999810583,28.604765999636633],[-96.900950000139574,28.605341999857568],[-96.90085800007806,28.605399999874589],[-96.90076600001656,28.605457999859578],[-96.899062999952079,28.606535000181893],[-96.895030000009299,28.609085000036991],[-96.887896000434367,28.613596000190917],[-96.875261999955399,28.62160699971199],[-96.874577000415272,28.62207400004063],[-96.873568000111746,28.622739000356354],[-96.873286999904337,28.622907999787881],[-96.871475999884808,28.624112000005738],[-96.871049999912472,28.624390000255111],[-96.870103000431527,28.625015000175626],[-96.8696370002762,28.625274000325145],[-96.865713999938293,28.627724999628231],[-96.865647999816048,28.627765999905534],[-96.857935000107886,28.632585000279015],[-96.856143000354933,28.63370300025873],[-96.854036000059409,28.635023999857161],[-96.853974999960045,28.63506199962583],[-96.85391399986068,28.635100999913558],[-96.853757000400151,28.635199000046931],[-96.853062999740871,28.635383999727381],[-96.847486999567181,28.636839999849226],[-96.843132000307435,28.637981000023874],[-96.829301000102276,28.641603000270948],[-96.828433000264056,28.641831000148187],[-96.827376000279926,28.642111000121663],[-96.827311999807506,28.64212800015795],[-96.826233999907018,28.642406999663944],[-96.822488999844325,28.643387000381129],[-96.82202799971185,28.643507000370686],[-96.81448200040829,28.645472999927648],[-96.814233999812842,28.645537999730394],[-96.809938000104339,28.646678000274971],[-96.807292999683455,28.647372000231687],[-96.805266999578791,28.647902999725087],[-96.774316000113657,28.656018000231331],[-96.774137000013511,28.656065000120808],[-96.773935000347166,28.656113000321692],[-96.77382200036925,28.65614600024989],[-96.77363099967522,28.656193000082041],[-96.773469000191838,28.656234999813563],[-96.773443000252556,28.656241999767158],[-96.757933000272359,28.660309999717796],[-96.750259000023945,28.662455000293093],[-96.748673000135327,28.662940000190677],[-96.735048999619423,28.66652099985884],[-96.734347000360842,28.666707999927681],[-96.734031999818257,28.666791999618177],[-96.733717000174011,28.666876000029564],[-96.727340999934114,28.66857499975152],[-96.722814000246913,28.669758999908424],[-96.716330000052039,28.673759000052772],[-96.703077999980096,28.682155000123817],[-96.689465000233128,28.690695999773393],[-96.673489000097618,28.700731999986324],[-96.665989999751389,28.705524000314028],[-96.665848000359489,28.705614000335402],[-96.665706999894169,28.705705000138298],[-96.665215999624493,28.705245000228373],[-96.66456100022161,28.704754999898316],[-96.663911999768175,28.704453999818504],[-96.663090999785624,28.704236000175481],[-96.662576000124801,28.704018000078271],[-96.662131999710795,28.703762000251693],[-96.66181899971636,28.703518999812314],[-96.661734000225835,28.70345199996801],[-96.66151699959255,28.703190000247421],[-96.66121799984181,28.702635999832943],[-96.661093999993241,28.702153999822769],[-96.660811000136036,28.702264999683518],[-96.660673999868692,28.702276000067926],[-96.660599000423929,28.702259000332873],[-96.660456000308812,28.702193000362218],[-96.660400000232286,28.702144000106397],[-96.660313000193668,28.702039000268787],[-96.660281000406613,28.701967999898685],[-96.66023799985058,28.701913000167032],[-96.660181999774096,28.701907000008312],[-96.660093999910544,28.701917999642401],[-96.660026000138473,28.701896000373079],[-96.66000100002411,28.701874000311122],[-96.659925999681064,28.701731000189938],[-96.659863999756794,28.701671000058852],[-96.659820000274166,28.701664999886251],[-96.659789000312003,28.701671000058852],[-96.659739999908226,28.701694000060634],[-96.65959500014327,28.701763999932226],[-96.659339999875129,28.701961999743119],[-96.659265000430381,28.701989000046435],[-96.65913999985861,28.702011000084205],[-96.659103000048674,28.702027999859471],[-96.659052999819949,28.702065999764343],[-96.659002999591237,28.702175999825794],[-96.658953000260837,28.702237000347303],[-96.658841000107842,28.702351999683682],[-96.658765999764782,28.702406999972528],[-96.658697000167805,28.702423999683482],[-96.65858500001481,28.702391000149394],[-96.658491000303485,28.702373999645147],[-96.658398000417051,28.702373999645147],[-96.658297999959643,28.702391000149394],[-96.658236000035373,28.70243500005116],[-96.658135999577922,28.702556000079742],[-96.658092000095309,28.70258900034975],[-96.657974000094541,28.702599000023643],[-96.657948999980178,28.702610000372925],[-96.657512000137189,28.70296199990862],[-96.657275000310719,28.703171000106856],[-96.65708699998973,28.703398000109345],[-96.657037999585938,28.703457000157833],[-96.654205999567296,28.704789000130379],[-96.643441999557425,28.712105000248386],[-96.644902999772569,28.711425000090777],[-96.64544400027097,28.711584000352161],[-96.646223000420733,28.712020000076492],[-96.647496000314916,28.713211999710811],[-96.649965000110384,28.715091000388867],[-96.650249999617415,28.715549999782763],[-96.650458000029886,28.715961999747609],[-96.650925000010105,28.717680999916897],[-96.651079999820809,28.719331000031609],[-96.65105399988154,28.720087000118756],[-96.650741999712011,28.720705000218818],[-96.650325999785409,28.720979999607927],[-96.649676000405393,28.720956999907319],[-96.648819000437797,28.720567000000774],[-96.646739999731366,28.718801999658947],[-96.645753000067444,28.718320999814825],[-96.64388199977347,28.717082999796229],[-96.642505000122213,28.716945000313018],[-96.642322999649025,28.717059000275952],[-96.642348999588307,28.717242999871107],[-96.643049999920265,28.71781599998744],[-96.643310000211258,28.718136999752993],[-96.643465000021948,28.719235999771612],[-96.643725000312955,28.719648999908941],[-96.644686000037595,28.720542999704506],[-96.645543000005148,28.721139000311229],[-96.64593299999251,28.721093000187096],[-96.645752000242538,28.720497000105976],[-96.645752000242538,28.72017700021528],[-96.646064000412068,28.720039000088146],[-96.646532000217206,28.72017700021528],[-96.647727000293585,28.721162999682949],[-96.648662000078971,28.721782000218788],[-96.649519999871458,28.72208000017287],[-96.650350999899757,28.722286000099349],[-96.650792999765628,28.722309000295411],[-96.651807000092049,28.722469999950565],[-96.652793999755943,28.722859999849121],[-96.653599999669893,28.723019999750228],[-96.653911999839451,28.72336400004772],[-96.654068000373357,28.723409999960477],[-96.655835999836853,28.723295999831354],[-96.656018000310056,28.723113000338476],[-96.65604400024931,28.722792000092699],[-96.655629000147627,28.722035999868289],[-96.655161000342488,28.721210999985331],[-96.65513500040322,28.720890000202616],[-96.655265000099561,28.720661000123432],[-96.655239999985199,28.719951000106107],[-96.65552600021546,28.71990500024722],[-96.656045000074229,28.720225999902571],[-96.656357000243773,28.720225999902571],[-96.656512999879382,28.719928000179156],[-96.656669000413316,28.71981400019261],[-96.657266999914782,28.71976800027338],[-96.65760500002358,28.720203000036115],[-96.657891000253855,28.720203000036115],[-96.658281000241203,28.71974500030619],[-96.658877999917777,28.719723000058821],[-96.659345999722916,28.719974999750487],[-96.659814000426394,28.720386999613904],[-96.659918000183453,28.720846000185013],[-96.660022999765431,28.721360000094492],[-96.660057000100636,28.721908999726764],[-96.659589000295483,28.722634000024545],[-96.659210000178788,28.724045000250381],[-96.659632999778097,28.725279999966826],[-96.660212999736217,28.726217000144242],[-96.661156999742431,28.727581999644897],[-96.662041000372511,28.72998700003512],[-96.662643000071952,28.732181999737957],[-96.663515000108148,28.733191000363107],[-96.666054000223809,28.734550999884252],[-96.668075000305606,28.73557099972567],[-96.668801999678536,28.736299000066147],[-96.668789999982963,28.737185999986423],[-96.668477999813433,28.737620999735391],[-96.667290000308057,28.738279999716788],[-96.66553500036504,28.739245000388305],[-96.664134000424355,28.740491999918227],[-96.66356500033686,28.741394999847106],[-96.663315999916506,28.74228100031722],[-96.663717999599427,28.744499999650049],[-96.665004999737292,28.746567999979185],[-96.666741000312072,28.748062999824374],[-96.668907999983745,28.749026999681078],[-96.670519999811646,28.749700000181051],[-96.671012999731147,28.750269999698006],[-96.671714000063105,28.751070999788649],[-96.671970999981042,28.75232999995146],[-96.671786000033123,28.754176000199973],[-96.671345999817078,28.756019999772352],[-96.670612999698051,28.757975999778434],[-96.670067000075107,28.759109999825906],[-96.669877999929213,28.760286999997234],[-96.67009100036455,28.76119099978294],[-96.670662999926776,28.761830000064197],[-96.671481000434596,28.762328999975527],[-96.673171000080288,28.763176000209363],[-96.674132999629862,28.763450999645901],[-96.675355000368725,28.763656999906082],[-96.676056999627292,28.763679999657594],[-96.678163000097896,28.763566000154761],[-96.682140999789098,28.763016999686283],[-96.682893999999607,28.763016999686283],[-96.685468000275364,28.763475999630391],[-96.686248000250046,28.76374999976035],[-96.687548999733309,28.764619999819715],[-96.688901000168528,28.766223999812599],[-96.689134999621942,28.766704999636897],[-96.689291000155876,28.767323999673327],[-96.689265000216594,28.768057000209616],[-96.68895300004705,28.768607000197175],[-96.688666999816789,28.768859000105131],[-96.688069000315309,28.769202999872011],[-96.686560000419576,28.769501000007775],[-96.68588400020198,28.769889999908592],[-96.685572000032437,28.770187999657299],[-96.685442000336096,28.770555000366372],[-96.685468000275364,28.771196000051322],[-96.685910000141249,28.771930000174727],[-96.686222000310778,28.772205000166899],[-96.687730000381592,28.772662999853566],[-96.688744999634594,28.772662999853566],[-96.689967000373471,28.772502000383675],[-96.692800000217019,28.772341999886709],[-96.69412699963955,28.772388000281079],[-96.695375000317682,28.772571000074379],[-96.696207000170901,28.772869000040544],[-96.696752999793844,28.773212999973612],[-96.697377000132917,28.773830999993663],[-96.697741000180997,28.774357999713096],[-96.698496000041317,28.775756000036949],[-96.699292999734425,28.777770000119528],[-96.699328999719441,28.777841000175226],[-96.699330000442657,28.778099000336837],[-96.699330000442657,28.778642999666811],[-96.699018000273128,28.77887200019639],[-96.698393999934055,28.77914699999948],[-96.697926000128902,28.779216000019524],[-96.697172000093516,28.779398999646315],[-96.696730000227618,28.779719999945655],[-96.696495000050987,28.78020099975685],[-96.696417000233197,28.780498999974089],[-96.696469999936625,28.780934000374383],[-96.698003999946721,28.7850130000399],[-96.698203000138349,28.786259000222405],[-96.69823800029846,28.786479000129919],[-96.698186000419895,28.786914999863598],[-96.697665999837909,28.787831000321493],[-96.695976000192232,28.790145000168497],[-96.695170000278267,28.791657000304877],[-96.695091999562152,28.792091999823473],[-96.695170000278267,28.792939999930791],[-96.695299999974608,28.793214999638376],[-96.695924000313696,28.796078999637654],[-96.696131999827813,28.796606000299853],[-96.696469999936625,28.79701800015383],[-96.697017000282813,28.797225000027591],[-96.697640999723561,28.797385000138895],[-96.698577000232163,28.797293000124562],[-96.699773999958367,28.796904000082083],[-96.702894999681988,28.795528999650031],[-96.70367499965667,28.795300000272313],[-96.704428999692084,28.795253999748788],[-96.705417999904128,28.7954600001896],[-96.706146000000288,28.795802999829149],[-96.706484999933991,28.796101000332577],[-96.706616000353563,28.79639899998406],[-96.706614999630332,28.797086000385846],[-96.706172999764462,28.797682000289758],[-96.705859999770013,28.797934000016514],[-96.705340000086323,28.798163999666482],[-96.704586000050924,28.798208999932196],[-96.703987999651119,28.797934999779962],[-96.702946999560524,28.797156000115343],[-96.702478999755371,28.797040999635271],[-96.702088999768037,28.79717900035358],[-96.701829000375369,28.797545000004593],[-96.701646999902167,28.798186999682219],[-96.701672999841435,28.798828000373906],[-96.701959000071696,28.799629999834703],[-96.702452999816117,28.80020299979515],[-96.703935999772582,28.801485999719311],[-96.705366999850497,28.802493999900783],[-96.705939000311034,28.803044000131933],[-96.706746000049904,28.804167000027864],[-96.707058000219433,28.805334999966075],[-96.707006000340897,28.806113999893022],[-96.706563999576701,28.8079469997861],[-96.706382000001824,28.808910000089188],[-96.705757999662737,28.811429999886702],[-96.705705999784215,28.812185999824312],[-96.705888000257417,28.812943000191542],[-96.706044999717932,28.814385999857222],[-96.706227000191134,28.814867000288295],[-96.70653900036065,28.815234000376677],[-96.7071899995656,28.815486000158241],[-96.708671999697145,28.81543999988752],[-96.709766000389493,28.81525600017579],[-96.710672999687475,28.81525600017579],[-96.710835000069181,28.81525600017579],[-96.71122300040669,28.81525600017579],[-96.712836000059497,28.815484999776164],[-96.71465700012476,28.816011999892812],[-96.71509899999063,28.816195000254996],[-96.717129000293284,28.816149000297411],[-96.71798700008577,28.816308999685774],[-96.718690000067554,28.816561000014648],[-96.719651999617099,28.817178000104118],[-96.720720000370193,28.819194999882114],[-96.721476000055432,28.819882000310312],[-96.721578000162665,28.81997400005562],[-96.722384999901536,28.820386000381845],[-96.722904999585211,28.820866999861778],[-96.723087999883319,28.821187999963847],[-96.722906000308427,28.821852000327365],[-96.722542000260376,28.822081000377555],[-96.721787000400056,28.822378999705919],[-96.719497999631329,28.822631999826367],[-96.717962999796313,28.823227999985487],[-96.71645399990058,28.823114000258553],[-96.715750999918811,28.823296999945992],[-96.715412999809999,28.82350300003506],[-96.715231000235121,28.823801000015795],[-96.715257000174375,28.824168000100855],[-96.715516999567072,28.824489000257717],[-96.715960000156173,28.824740999680095],[-96.716298000264985,28.824832000349069],[-96.71837899972293,28.824901000033616],[-96.718822000312016,28.825083999728218],[-96.719081999704713,28.825290000216686],[-96.719316999881343,28.82652700037286],[-96.719161000245734,28.827214999914652],[-96.719161000245734,28.827673000316768],[-96.719254000132153,28.827848000115328],[-96.719551000233082,28.828405999968496],[-96.719525000293814,28.829093999683845],[-96.719420999638416,28.82932300033174],[-96.719286999744128,28.829468000158386],[-96.719083000427929,28.829689000379521],[-96.718536999906675,28.8298729997713],[-96.717079999889478,28.829918999961869],[-96.715076000424418,28.829666999694851],[-96.713852999860634,28.829712999976511],[-96.712865000371806,28.829965000132159],[-96.712395999843451,28.830171999859857],[-96.712188000329306,28.830538000070408],[-96.71221400026856,28.830812999697944],[-96.712343999964901,28.831041999711918],[-96.712969000128894,28.831592000299047],[-96.714010000219474,28.832164999937241],[-96.714062000098025,28.832278999983426],[-96.714452000085359,28.832463000305452],[-96.715596999933013,28.833264000290669],[-96.716403999671854,28.834294999762715],[-96.716586000145071,28.834891000039477],[-96.7167429996056,28.837045000212495],[-96.716352999618252,28.838671999867501],[-96.715674999750817,28.839886999844381],[-96.714319000015962,28.841812999607068],[-96.713457999850419,28.842753000276844],[-96.713327000329173,28.843119999636077],[-96.713325999605942,28.843601000294317],[-96.713769000195043,28.844380999696849],[-96.713846000187957,28.844839000095135],[-96.713713999943451,28.845113999700459],[-96.713220000199058,28.845342999718337],[-96.711851000045399,28.845145999664545],[-96.710202000407577,28.844907999892754],[-96.709369999656062,28.844976000332728],[-96.709111000088285,28.845067999931569],[-96.708824999858024,28.845319999887121],[-96.708357000052885,28.845525999665767],[-96.707059000044339,28.845799999724736],[-96.705085999643117,28.84726499967179],[-96.704774000371884,28.8477229999618],[-96.704252999964993,28.848983000029502],[-96.703940999795435,28.849350000227471],[-96.703134000056593,28.849785000360779],[-96.70282199988705,28.850152000089338],[-96.702718000129977,28.850450000086774],[-96.702718000129977,28.85102299973666],[-96.703056000238789,28.851641000158249],[-96.703576999747369,28.852214000327535],[-96.704617999837978,28.852419999828314],[-96.705033999764581,28.852649000283989],[-96.705710999807096,28.85319899995746],[-96.707245999642083,28.853657000080894],[-96.708730000321793,28.853496999878793],[-96.709198000126932,28.853336000198958],[-96.709511000121367,28.853037999816266],[-96.709639999992802,28.851983999669418],[-96.710056999744324,28.851388999780461],[-96.710551000387056,28.85120499988076],[-96.71117599965271,28.85122799998441],[-96.711513999761522,28.851410999806539],[-96.71250299997358,28.852625999707797],[-96.713205999955363,28.853175000269861],[-96.714221000106676,28.853793999719016],[-96.715185000204357,28.854870999701586],[-96.715524000138089,28.855467000122285],[-96.715627999895148,28.855833000261132],[-96.715601999955894,28.856246000242283],[-96.715107000386567,28.857367999881593],[-96.715133000325821,28.858444999823689],[-96.714950999852633,28.858834999668023],[-96.714976999791901,28.859018000264719],[-96.715081000447285,28.859087000096615],[-96.715940999889597,28.858925999631005],[-96.716460999573272,28.858925999631005],[-96.717033999858728,28.859407000359958],[-96.717268000210467,28.859751000173983],[-96.717736999840511,28.860135000122195],[-96.718023000070787,28.860369999812931],[-96.718844000053323,28.860692999903723],[-96.719012000282831,28.860759000356563],[-96.72052200000347,28.861056999853126],[-96.721380999620862,28.861377000346693],[-96.722083999602646,28.861834999850643],[-96.722266000075834,28.86213300019639],[-96.722473999589994,28.862934999808797],[-96.723150999632495,28.86353099963312],[-96.723574999955034,28.864111999681025],[-96.723801999735755,28.864424000130871],[-96.723802999560675,28.865730000104584],[-96.724375000021197,28.866555000145329],[-96.724401999785371,28.867218999722407],[-96.724610000197842,28.867493999932812],[-96.725104999767154,28.867745999824308],[-96.72539099999743,28.868181999966588],[-96.725416999936684,28.868960000129608],[-96.725938000343589,28.86966999999429],[-96.726536999670003,28.870220000089784],[-96.726979000434198,28.870426000099922],[-96.727422000124974,28.870426000099922],[-96.728592999911911,28.870264999890068],[-96.729140000258084,28.870401999669156],[-96.729281999649984,28.870512000090262],[-96.729791000361331,28.870905999684965],[-96.729972999936209,28.871273000379432],[-96.729608999888129,28.872946000325044],[-96.729634999827411,28.873770999720211],[-96.729766000246983,28.874023000123078],[-96.730051999578919,28.874274999914807],[-96.73193000044391,28.875265000371527],[-96.732426999663062,28.875977000021724],[-96.732505000379177,28.876160000329115],[-96.732506000204097,28.877075999967111],[-96.732296999966721,28.877648999956531],[-96.732064000338212,28.87902399966784],[-96.731465999938408,28.880811999963576],[-96.731595999634763,28.881430000267653],[-96.731701000115052,28.882552999933949],[-96.732091999927306,28.883194000214655],[-96.732247999562929,28.883584000000873],[-96.732352000218299,28.884248000087556],[-96.732404000096849,28.884316999686021],[-96.732353000043219,28.885370999960688],[-96.73211899969148,28.88621900001483],[-96.732666000037653,28.887570999619133],[-96.733030999910639,28.888235000170123],[-96.7336820000139,28.889014000068613],[-96.734697999990132,28.889838000388959],[-96.736806999935482,28.890845999723162],[-96.737926999668787,28.891579000059952],[-96.738292000440083,28.89192199989947],[-96.738525999893483,28.892402999687334],[-96.738709000191591,28.893205000027631],[-96.738916999705751,28.893594999968553],[-96.739515999930461,28.893915000136669],[-96.740218999912244,28.893868999942143],[-96.740870000015491,28.893616999711838],[-96.741415999638448,28.893181000140725],[-96.741624000050905,28.89254000015773],[-96.741884000341898,28.89219600035592],[-96.743706000232081,28.891071999916349],[-96.744122999983603,28.890957999831667],[-96.745008000438574,28.890842999964399],[-96.745763000298894,28.891026000035236],[-96.746596999801937,28.891827000353175],[-96.746727000396604,28.892101999919124],[-96.746727000396604,28.892767000235015],[-96.746154999936053,28.894279000102067],[-96.746181999700227,28.895332999929508],[-96.746286000355624,28.895700000046912],[-96.746546999573212,28.896156999647992],[-96.746964000223059,28.896569000200355],[-96.747510999670922,28.896751999615816],[-96.748109000070713,28.896729000149652],[-96.748708000295423,28.896430999937845],[-96.749124000222039,28.896064999652513],[-96.749488000270119,28.895148999969503],[-96.749843999922263,28.894850000322077],[-96.750257000374134,28.894780000238139],[-96.750748999570419,28.894801000110959],[-96.752275999907809,28.8952369999569],[-96.753890000283846,28.895467000054193],[-96.754931000374413,28.896084999658445],[-96.755557000363311,28.896267999927151],[-96.757561999653277,28.896361000133489],[-96.758447000108262,28.896476000180368],[-96.75915000009006,28.896796999719211],[-96.760320999876967,28.897621999992296],[-96.761597000144192,28.898333000149215],[-96.762273000361816,28.898814000118357],[-96.76258499963302,28.899204000221257],[-96.762793999870397,28.899685000086343],[-96.762793000045477,28.900166999649382],[-96.76258499963302,28.900463999794358],[-96.761464999899729,28.901494999752302],[-96.761303000416319,28.901827000072089],[-96.761229999723071,28.901976000010087],[-96.761281999601607,28.902549000232764],[-96.761808999856299,28.903679999753702],[-96.761880000001412,28.903832000346878],[-96.762791000395666,28.905000999936274],[-96.763285000140087,28.905344999768481],[-96.763936000243319,28.905482999975085],[-96.764743999807095,28.905505999860601],[-96.766800999873922,28.905163000081654],[-96.769769000334975,28.90516400038759],[-96.770576000073845,28.905256000181868],[-96.771643999928614,28.905599999955129],[-96.772216000389136,28.905897999792408],[-96.772555000322853,28.906310999719551],[-96.772464999911165,28.907244000122109],[-96.772397999964014,28.90793800039085],[-96.772891999708435,28.908624999614531],[-96.773048000242341,28.908991999913482],[-96.773646999568754,28.90974800001835],[-96.773854999981225,28.910550000018059],[-96.773835999714635,28.910989999970756],[-96.773829000041943,28.911146000285065],[-96.773619999804566,28.91178799962368],[-96.773605999560857,28.912515000063639],[-96.773599999713085,28.912813999930947],[-96.773593999865298,28.91310200034534],[-96.773593000040393,28.913139999619435],[-96.773681999728851,28.913371000370578],[-96.773906000034827,28.91394200013222],[-96.774218000204385,28.914515000327633],[-96.775102999761032,28.915362999769261],[-96.77604000009454,28.915958999905445],[-96.776404999967525,28.915958999905445],[-96.776873999597584,28.915798999724956],[-96.778072000047018,28.915913000045904],[-96.780025000356758,28.91568500006499],[-96.781457000259593,28.915135000151999],[-96.782160000241376,28.914975000273081],[-96.783827000320855,28.915067000017384],[-96.784451999586537,28.915342000125541],[-96.784868000411464,28.915732000229639],[-96.785259000223704,28.916555999958401],[-96.785259000223704,28.916692999998087],[-96.785440999798581,28.91703700037931],[-96.785727000028842,28.917265999936475],[-96.787159999756582,28.917862000146027],[-96.788148999968641,28.917701999755902],[-96.788800000071902,28.917770999919973],[-96.790154000156917,28.917702999940939],[-96.790857999963634,28.917909000110551],[-96.791664999702476,28.918298999998168],[-96.79213300040594,28.91880300028151],[-96.79213300040594,28.92010899969452],[-96.79153400018123,28.921598000373972],[-96.791376999822376,28.922034000065747],[-96.791402999761658,28.923088000249358],[-96.791715999756121,28.92356900025294],[-96.793850999640725,28.925562999776606],[-96.794162999810254,28.92611300020987],[-96.794162999810254,28.92682300001443],[-96.793981000235391,28.927281000218674],[-96.793303000367956,28.928449999729892],[-96.793172999773304,28.928907999822552],[-96.793303000367956,28.929710000260759],[-96.793667000416036,28.930145000369574],[-96.795386000374052,28.931611999683923],[-96.795855000004096,28.93177299988729],[-96.796819000101806,28.931956000102939],[-96.797963999949459,28.932322999609003],[-96.799709999671663,28.933034000160394],[-96.800075000442945,28.933353999762488],[-96.80044000031593,28.933859000011498],[-96.801324999872591,28.934752000220673],[-96.801741999624113,28.935393999649946],[-96.801715999684831,28.935874999948403],[-96.801037999817424,28.937227000368622],[-96.800595000126634,28.938648000080892],[-96.800595000126634,28.939516999730891],[-96.801714999859939,28.941533999615093],[-96.802861000430823,28.943046000141358],[-96.803017000066433,28.943780000278341],[-96.803277000357426,28.944192000342806],[-96.803771999926752,28.944467000237292],[-96.804500999847804,28.944558999753156],[-96.80471000008518,28.944742000187873],[-96.804736000024448,28.945268999762806],[-96.804371000151463,28.946047999832896],[-96.803771999926752,28.948339999751465],[-96.803797999866021,28.949082999838065],[-96.804344000387289,28.950356000144513],[-96.804448999969267,28.950906000277307],[-96.804422000205093,28.952761999736584],[-96.804525999962152,28.953014000114006],[-96.805647000418702,28.954160000084364],[-96.806219999805833,28.954573000352706],[-96.807079000321522,28.954984999934656],[-96.807418000255254,28.955283000106451],[-96.807783000128239,28.955970000017949],[-96.80770399958719,28.956474000267313],[-96.807392000315971,28.957368000289193],[-96.807444000194508,28.957781000339221],[-96.808199000054842,28.959385000004495],[-96.808563999927827,28.960484999692301],[-96.808953999915161,28.963278999848892],[-96.809163000152537,28.964057999637639],[-96.809136000388349,28.964654000342417],[-96.808485000285103,28.965592999794467],[-96.808459000345835,28.96644100022932],[-96.808328999751183,28.966623999723165],[-96.808224000169204,28.967036999788295],[-96.808380999629705,28.967885000181802],[-96.808406999568973,28.968365999720106],[-96.808041999695988,28.968824000188071],[-96.807676999823016,28.969144999735295],[-96.807260000071494,28.970106999797252],[-96.806998999955596,28.970450999702752],[-96.806451999609408,28.970977999691133],[-96.805592000167096,28.972238000097427],[-96.805592000167096,28.972650999765037],[-96.805853000283022,28.972879999808484],[-96.806138999614959,28.972971000364563],[-96.807076999773386,28.972856999940259],[-96.808224000169204,28.972856999940259],[-96.809395999781032,28.973270000280952],[-96.809917000187937,28.973589999752171],[-96.810385999817996,28.974049000318598],[-96.810698999812445,28.974804999771695],[-96.810672999873162,28.975835999877742],[-96.810776999630249,28.975904999838232],[-96.810802999569503,28.976087999886332],[-96.811897000261865,28.977051000243055],[-96.812079999661663,28.977279999979046],[-96.812079999661663,28.977897999917968],[-96.811845000383329,28.979067000315478],[-96.811323999976423,28.97982300003747],[-96.811192999556866,28.980281000090194],[-96.811166999617583,28.980717000356517],[-96.811401999794228,28.981243999923297],[-96.812001000018938,28.981953999836335],[-96.812130999715279,28.982320999773425],[-96.812156999654547,28.982801999787743],[-96.812365999891909,28.983100000028902],[-96.813042999934453,28.98353499986527],[-96.813668999923323,28.984108000255706],[-96.814320000026584,28.984359999759747],[-96.815884000173909,28.984590000143235],[-96.816404999682476,28.984842000044491],[-96.816587000155693,28.985116999622882],[-96.816639000034215,28.985392000041642],[-96.815387999881338,28.986468999919936],[-96.815075999711823,28.987179000113223],[-96.815075999711823,28.987636000302121],[-96.815258000184997,28.988002999722433],[-96.815623000057997,28.988324000271636],[-96.816248000221961,28.988666999825821],[-96.816587000155693,28.988942000234236],[-96.817295999985262,28.990054000180248],[-96.817551000253374,28.990455000150462],[-96.817603000131911,28.990958999829768],[-96.81656100021641,28.991898000215109],[-96.816143999566577,28.992494000064937],[-96.81603999980949,28.992883000206255],[-96.816248000221961,28.99347899987842],[-96.816874000210859,28.994120999768597],[-96.818229000120795,28.994487999744692],[-96.818906000163309,28.994831000066814],[-96.819322999914846,28.995221000280637],[-96.819739999666353,28.99577100007637],[-96.821096000299534,28.996274999771451],[-96.821460000347599,28.99655000037426],[-96.82159099986886,28.996756000097999],[-96.821616999808128,28.998658000009605],[-96.821799000281317,28.999391000049233],[-96.822216000032839,28.999896000343078],[-96.822257999865627,29.000259999724882],[-96.823394000390763,29.001663000325284],[-96.824593999591698,29.00329000028627],[-96.825114999998618,29.004229000233053],[-96.825114999998618,29.00505400000042],[-96.825011000241545,29.005329000030613],[-96.824959000362995,29.006039000338831],[-96.825217999930771,29.006382000042578],[-96.825663000169698,29.006612000147591],[-96.825730999941754,29.00662299980846],[-96.826235999556829,29.006704000203463],[-96.82675699996372,29.007115999619451],[-96.826862000444024,29.007413999706426],[-96.826783999727908,29.008422000152816],[-96.825792999866053,29.009544999667323],[-96.825611000291161,29.0098419997388],[-96.825611000291161,29.010345999953827],[-96.82587200040706,29.01069000035983],[-96.826862000444024,29.011056999639866],[-96.82727900019556,29.011445999840319],[-96.827540000311444,29.011836000208795],[-96.827957000062966,29.013096000099974],[-96.828347999875234,29.013645999829464],[-96.828557000112596,29.014127000225105],[-96.828583000051864,29.014561999918374],[-96.82910500028369,29.016051999856519],[-96.829364999676358,29.01630400004947],[-96.82939099961564,29.016533000046952],[-96.829938999786734,29.016852999968336],[-96.83113800006106,29.018204999966365],[-96.831347000298436,29.018686000342925],[-96.83181599992848,29.020428000050597],[-96.831921000408784,29.020518999608846],[-96.832102999983661,29.021299000276297],[-96.832754999911828,29.021619000356555],[-96.83332800019727,29.021550000268437],[-96.834319000059139,29.021068999876192],[-96.835309999921023,29.021138000285674],[-96.836196000200914,29.021709999650895],[-96.836274000018705,29.021894000283815],[-96.836222000140182,29.022695999820158],[-96.836092000443841,29.023176999703999],[-96.836170000261646,29.023498000197591],[-96.836431000377559,29.023726999954572],[-96.836691999595146,29.023817999747866],[-96.836978999650313,29.024048000309456],[-96.837344000421609,29.024093000103321],[-96.838281999681726,29.02450600001816],[-96.838646999554712,29.024848999677086],[-96.838673000392305,29.025100999614168],[-96.838752000035001,29.025123999643288],[-96.838794999692723,29.025326999951091],[-96.847694999979637,29.028789000331511],[-96.861280000137498,29.033834000158681],[-96.871694000343027,29.037775000149733],[-96.875260000305573,29.039244999868863],[-96.884973000179144,29.042923000295389],[-96.885393000303708,29.043087000144798],[-96.905482999674561,29.050704999903921],[-96.911965000219638,29.053162999772297],[-96.912408999735334,29.053328000279052],[-96.918353999979985,29.05554799970416],[-96.918436999820642,29.055620000320136],[-96.919168000289844,29.055987000083071],[-96.919872000096547,29.056171000076077],[-96.921045000431604,29.056629000152352],[-96.922427000105742,29.057316999999976],[-96.923262000332002,29.057523000232436],[-96.923453999952613,29.057509999688612],[-96.924799999641735,29.058049999876591],[-96.934110000007479,29.061510999859234],[-96.938587000364279,29.063243999950423],[-96.938669000380031,29.063333000321755],[-96.946941999954845,29.072235000123769],[-96.947332999767099,29.072715999912305],[-96.947958999755997,29.07333499996199],[-96.952385999884086,29.078143999934582],[-96.961291000193867,29.087757000289923],[-96.962641000080936,29.089214999918092],[-96.962708999852993,29.089287999877516],[-96.971818000377283,29.099122999719171],[-96.976377999676444,29.104045999880043],[-96.978553999568945,29.102499999662793],[-96.979427000328371,29.10188199981355],[-96.986977999654812,29.096292999867021],[-96.987280999603513,29.096069999697253],[-96.991675999944547,29.092839999692],[-96.992450999896363,29.092270000024161],[-96.993139999634437,29.091722000362584],[-96.993713999744799,29.091302999858716],[-96.993892000020026,29.091160999915648],[-96.994025999914328,29.091059999870186],[-96.996155999776093,29.089569999836939],[-96.998516999616513,29.087914999609986],[-97.000263000237013,29.086655000318284],[-97.003984000010277,29.08383799965446],[-97.011479000158516,29.078409999703197],[-97.011608999854857,29.078250000314277],[-97.017219000363767,29.074265999950292],[-97.017898000056107,29.07367000019622],[-97.018262999929092,29.073464000038122],[-97.018394000348664,29.073280999754317],[-97.018421999937743,29.073127999666603],[-97.018425000310799,29.073112000331935],[-97.022347999750409,29.070301000058134],[-97.024763999842421,29.068577999871884],[-97.025511000205142,29.06805799962321],[-97.025652999597057,29.067956000178679],[-97.025681999909366,29.06798299971814],[-97.025762000275307,29.068050999864727],[-97.025840999918032,29.068096000098649],[-97.025924999583609,29.068109999609089],[-97.026013000345472,29.068096000098649],[-97.026103999683755,29.068053999985562],[-97.026205999791003,29.067985999841021],[-97.026216999661656,29.067977999774886],[-97.02635599957884,29.067876999769755],[-97.026373000195591,29.067863999746368],[-97.026437999594592,29.067935000095773],[-97.026445999990514,29.067943999683177],[-97.026476999952649,29.067979000077653],[-97.027011999704953,29.068571000148655],[-97.028073999711935,29.067933000274614],[-97.031346999771529,29.065628000380727],[-97.033187999928273,29.06433300015691],[-97.038558000237671,29.060392999766293],[-97.048954999826421,29.052768999793155],[-97.049068999629256,29.052686000078022],[-97.055843000252381,29.047693999679876],[-97.05796899991617,29.046155999764832],[-97.069573000175197,29.03764200015954],[-97.074570000215687,29.033995999835401],[-97.077673000395961,29.031732000336124],[-97.079154999629196,29.030650999780178],[-97.079924999558131,29.030089999978259],[-97.082937000400122,29.027894000346368],[-97.083319999816453,29.027615000268053],[-97.08799299999184,29.024155999624575],[-97.09473400010468,29.019166000060022],[-97.098547999764364,29.016347000039652],[-97.10255399994297,29.013414999624153],[-97.106827000085246,29.010303999898852],[-97.107571999899832,29.009762999610043],[-97.115427999723124,29.004158000042409],[-97.116033999620527,29.003676000236183],[-97.116134000077949,29.00359800024852],[-97.116189000329541,29.003552000026808],[-97.116242999857903,29.003506999926671],[-97.116411999912302,29.003372999652218],[-97.120709000344036,29.000258000163473],[-97.120797000207602,29.000156999870118],[-97.124732000241082,28.997089000282209],[-97.125068999626663,28.996826999873313],[-97.125266000168466,28.996674000341038],[-97.140545999994913,28.985522000356571],[-97.144435999822562,28.982684000177532],[-97.149062000142266,28.979308999694659],[-97.149572999605098,28.978936999746292],[-97.15000299977541,28.978621000268841],[-97.153136999917848,28.976336000019117],[-97.153153999636288,28.97632300025505],[-97.153163999682022,28.976315999776933],[-97.153208000062946,28.976284000167251],[-97.158010999934675,28.972782000026957],[-97.160550000050321,28.970929999761488],[-97.182699000036152,28.954770000330573],[-97.186053000286577,28.952323999904731],[-97.186715000260492,28.951856000201726],[-97.191302000222137,28.948487999790725],[-97.199640000094263,28.942381999761722],[-97.207155000334012,28.936881000148318],[-97.207818999957752,28.936394999778379],[-97.210148999836036,28.934687999670196],[-97.212236000040093,28.933160000047945],[-97.214899000004309,28.93121099973591],[-97.21657899960428,28.929980999796477],[-97.227412000109439,28.922057000213197],[-97.240288000437729,28.912633000211507],[-97.247724000136458,28.907179999893046],[-97.250268000275,28.905315000075451],[-97.250580000444529,28.905077999993217],[-97.255431999821738,28.901448999771116],[-97.255909999672639,28.901093000184439],[-97.264334999583397,28.894819000335644],[-97.271729000347634,28.889296000072349],[-97.278171999636342,28.884484000029278],[-97.278180999857184,28.884478000144046],[-97.284921999970024,28.879471000267209],[-97.290589000380322,28.875262000162667],[-97.292011000237409,28.874314999663216],[-97.292397000026796,28.87402800000627],[-97.293788999746667,28.87298900007292],[-97.294516000017893,28.872446999936443],[-97.294529000436683,28.872437000017662],[-97.295712999744083,28.871560999622378],[-97.296060000073723,28.871311999864794],[-97.296067999571321,28.87130600000539],[-97.296096000058739,28.871285999947311],[-97.297080000247917,28.870577999815087],[-97.300160999788559,28.868309999689941],[-97.302130999816768,28.866865999667326],[-97.305916000062425,28.8640369997585],[-97.304747999750219,28.863453000315065],[-97.30339500038842,28.863268999735286],[-97.301571999775021,28.862764999660268],[-97.299462999829657,28.862351999612862],[-97.298578000272997,28.861962000374358],[-97.298604000212279,28.861870999921916],[-97.298240000164199,28.861550000222927],[-97.297746000419792,28.860862000347797],[-97.297589000060938,28.860472000239884],[-97.297563000121684,28.860036999967004],[-97.297693999642917,28.859417999918808],[-97.298240999989119,28.858249000168616],[-97.298814000274547,28.857584999939686],[-97.299462000004752,28.856980000008438],[-97.299698999831207,28.856760000304977],[-97.299569000134866,28.855636999616131],[-97.299089999560763,28.855359000299487],[-97.298502000105003,28.855018000122737],[-97.298318999806895,28.854742999952446],[-97.297695000366161,28.854100999608061],[-97.297695000366161,28.853641999851149],[-97.298163999996206,28.852885999630189],[-97.298631999801358,28.852428000045094],[-97.299465000377793,28.852037999773852],[-97.300323999995186,28.851763000377797],[-97.302875999631325,28.851534000331615],[-97.304202999952182,28.851350999939033],[-97.304464000068108,28.851191000123112],[-97.304587000091743,28.851054000203092],[-97.304879999994697,28.850732000111247],[-97.304854000055442,28.849975999980209],[-97.304750000298355,28.849585999955817],[-97.304619999703704,28.847363000061453],[-97.30422999971637,28.846789999919089],[-97.304074000080746,28.846698000269555],[-97.303838999904102,28.846034000249066],[-97.303397000038245,28.845368999829404],[-97.303058999929434,28.84507100022503],[-97.302459999704723,28.844772999766935],[-97.30156799957706,28.844591000171022],[-97.301340999796324,28.844545000170839],[-97.301158000396541,28.844448999694432],[-97.300508000118199,28.844109000048739],[-97.299363000270546,28.844314999864942],[-97.298476999990655,28.844673999982973],[-97.297045999912726,28.845254999960105],[-97.296029999936493,28.845781999662631],[-97.294361000207203,28.847055999953412],[-97.294259999924847,28.847133999769426],[-97.29353100000381,28.847430999683503],[-97.293192999895012,28.847408000313887],[-97.292433000011812,28.847052999717249],[-97.289756999628793,28.845802999997094],[-97.289549000114647,28.845743000041907],[-97.288716000436509,28.845505000062261],[-97.288452999772474,28.84539299974454],[-97.287908999799342,28.845161000332837],[-97.287336000412211,28.845046000137518],[-97.286815000005319,28.84511499979784],[-97.286372000314529,28.845390000247232],[-97.286271999857092,28.84550999974341],[-97.286192000389462,28.845607000120193],[-97.286163999902058,28.845642000209619],[-97.284218999988241,28.846990000245036],[-97.283819999780064,28.847007000018927],[-97.283170000400048,28.847100000260316],[-97.281036000340336,28.847436000058931],[-97.277183000322594,28.84708399979321],[-97.274657999552332,28.847129000166337],[-97.271403999759301,28.847402999937046],[-97.270571000081176,28.847631999636921],[-97.270493000263372,28.8477229999618],[-97.269140000003262,28.848020999837154],[-97.268766999734368,28.848139000095742],[-97.267056999997166,28.848684999762913],[-97.266302000136847,28.848637999936042],[-97.265700000437391,28.84851000038347],[-97.262736000174286,28.847881000250226],[-97.261876999658597,28.847788999991931],[-97.260264000005762,28.84719200034116],[-97.259483000206203,28.847260000074989],[-97.258728000345855,28.847627000057699],[-97.257127000388635,28.848086999678195],[-97.25594200035799,28.848427999763611],[-97.255603000424287,28.848633999681937],[-97.255291000254743,28.849229999653481],[-97.255194000170377,28.849870000065845],[-97.255095000436171,28.850520000141874],[-97.255003000374657,28.851132000168146],[-97.254820999901469,28.851612999971607],[-97.254897999894368,28.853011000027209],[-97.254975999712173,28.853217000309616],[-97.255127000223226,28.855307000344787],[-97.255157000360441,28.855716000073055],[-97.25487000030526,28.856563999833796],[-97.254452999655442,28.8572740001871],[-97.254061999843174,28.85754899995775],[-97.253327999899255,28.85769099985778],[-97.252291999831542,28.857891999650747],[-97.25151100003194,28.857822999812619],[-97.250268000275,28.857537000223243],[-97.248238999797266,28.856954999636404],[-97.247145000003229,28.856597000195936],[-97.242718999700074,28.855147000321129],[-97.240844000106435,28.854391000026521],[-97.239229999730398,28.853818000050566],[-97.238787000039622,28.853749999883647],[-97.237694000070491,28.853773000211184],[-97.237266000448329,28.853859999830611],[-97.237017000027961,28.853910999709278],[-97.235585999950032,28.853979999783032],[-97.234986999725336,28.854117999793235],[-97.234076000229393,28.854850999628265],[-97.233503999768885,28.855744999936952],[-97.233165999660073,28.856615999946658],[-97.233139999720805,28.858015000377481],[-97.233374999897435,28.858587000073531],[-97.233896000304341,28.85920600034887],[-97.236344000183422,28.861267999640127],[-97.237099000043742,28.862161999843856],[-97.237280999618633,28.862528000016596],[-97.237282000341835,28.863445000159835],[-97.237099999868661,28.863902999993076],[-97.236579000360052,28.864660000262603],[-97.236345000008342,28.864751999755452],[-97.236241000251255,28.864888999721476],[-97.234896000387053,28.865147999755465],[-97.234236000062978,28.865279999682414],[-97.23341900027836,28.865365000094975],[-97.232958999970847,28.865358999892287],[-97.232546000417273,28.865319999746387],[-97.232214999981167,28.865314000327817],[-97.231970999583694,28.865302999819434],[-97.23079099957593,28.864494000219175],[-97.229581000329262,28.863867999755822],[-97.228192999909041,28.863310999631206],[-97.228135000182732,28.863293000239818],[-97.226367999645802,28.862731999682492],[-97.225641000272901,28.862497999754222],[-97.22415499994338,28.862156000243019],[-97.221399999917651,28.861683999874703],[-97.220097999711143,28.861409999967851],[-97.219159999552716,28.861315000052638],[-97.218074999979535,28.86105300007674],[-97.217192000072686,28.86082200014183],[-97.216576000129535,28.860639000360326],[-97.215931999698981,28.860172999900623],[-97.215674999781044,28.860039999828572],[-97.215176999838661,28.85978300035497],[-97.214292000282001,28.858981000028169],[-97.214018999572218,28.858675000352637],[-97.21332900000921,28.857904000131057],[-97.213243999620389,28.857783999986452],[-97.211605000028314,28.856362999833955],[-97.210701000205077,28.855680000230809],[-97.210075000216193,28.855440000177126],[-97.20964199967284,28.855234000364486],[-97.206377999834075,28.855155000328118],[-97.204997999809763,28.855040000167875],[-97.204191000070921,28.854788000158798],[-97.203514000028406,28.854444999667802],[-97.202759000168086,28.853848999683766],[-97.201769999956028,28.852428000045094],[-97.201692000138223,28.852014999849395],[-97.201640000259687,28.851947000077086],[-97.201405000083042,28.850868999668599],[-97.201405000083042,28.850205000309732],[-97.201196999670586,28.849356999837042],[-97.199738999828469,28.846720999796151],[-97.199071999831702,28.845950999948482],[-97.198983999968149,28.845850000318144],[-97.198359999629076,28.844453000109485],[-97.198177000229308,28.843673999784318],[-97.196017000230313,28.839911000237272],[-97.195431000424378,28.839024999636475],[-97.194752999658647,28.838514999917667],[-97.193666000435641,28.838196000061807],[-97.192144999946024,28.837704000103486],[-97.190574000125991,28.837322999689118],[-97.190116000366601,28.837135000180954],[-97.190102999947811,28.837130000097336],[-97.190071000160756,28.837117000193491],[-97.190006999688336,28.83709100038099],[-97.189917999999878,28.837055000387718],[-97.189683999648153,28.836960000258223],[-97.189596999609506,28.836875000234595],[-97.189574999868199,28.836853999671821],[-97.189567000370602,28.836845999831059],[-97.189287999813033,28.836572999977708],[-97.18861699961829,28.835914000006731],[-97.18778300011526,28.835213999780027],[-97.187394999777737,28.834817999895861],[-97.187378999884217,28.834801999900709],[-97.187363999815602,28.834787000099677],[-97.187349999571893,28.834772999706427],[-97.187337000051429,28.834760000295084],[-97.187325000355855,28.834748000292212],[-97.187313999586877,28.834736999698169],[-97.187304000439454,28.834727000087149],[-97.187295000218612,28.83471799988558],[-97.187286999822703,28.834709999880562],[-97.187280000150011,28.834703000072437],[-97.187261999708355,28.834684999664312],[-97.186665000031766,28.834079000108453],[-97.186336999968717,28.83335099974995],[-97.186259999975817,28.833023000241983],[-97.186238000234511,28.832928999794184],[-97.186285999915086,28.832603000178594],[-97.186336000143797,28.832235999925473],[-97.186356000235293,28.832089000361709],[-97.186547000031013,28.831259000390855],[-97.186738999651624,28.830715999694764],[-97.187059000217076,28.829927999791504],[-97.187506999930733,28.829203000268087],[-97.187999999850234,28.828224000077061],[-97.188393000210624,28.827343999961954],[-97.188800999741304,28.826220000175201],[-97.189242999607188,28.824391999870908],[-97.189164999789384,28.823375000256913],[-97.189106000238141,28.8224460003856],[-97.188927000137994,28.821525000327853],[-97.188814999985013,28.821090999649961],[-97.188722000098593,28.820695000343868],[-97.188572000310771,28.820154000314631],[-97.188644000280789,28.819725999906236],[-97.188816999634838,28.819305000156891],[-97.189016999651372,28.818900000360269],[-97.189426999730202,28.818236000062857],[-97.18984600002986,28.817580000002074],[-97.19014700032875,28.817101999819755],[-97.190647999745849,28.816147000332986],[-97.190862999831012,28.814918000388698],[-97.190543999988776,28.813344000290694],[-97.190181999590521,28.812473000120246],[-97.189923000022759,28.812151000290875],[-97.18943500012611,28.811733000298766],[-97.188753000060728,28.811298999744789],[-97.187860999933051,28.810794000137665],[-97.187169999646841,28.810303999838816],[-97.186654000161127,28.80982100029086],[-97.185998000034999,28.808960000299962],[-97.18547800035131,28.807701999920127],[-97.184874999928653,28.806241999632114],[-97.18407800023553,28.804670000085896],[-97.183772999738693,28.804025000296608],[-97.183207999849159,28.802967999769059],[-97.182274999713627,28.80164700010193],[-97.181343000301283,28.800528000342624],[-97.180354999914158,28.799263999633123],[-97.179421999778597,28.798031999614512],[-97.178757000329952,28.796993000335199],[-97.178136000363935,28.795735000334563],[-97.177737000155759,28.794774999680001],[-97.177486999910514,28.794146000002222],[-97.177171000441334,28.79323499974625],[-97.176901000104579,28.792323000371937],[-97.17662200044532,28.791524000060797],[-97.176325000344406,28.790733999991609],[-97.175890999976147,28.79013799972692],[-97.175402000254607,28.789590000360658],[-97.174829999794071,28.789050999901203],[-97.174120000139595,28.788375000064811],[-97.173236000407826,28.787668000132356],[-97.171726999613782,28.786744999935085],[-97.169923000165269,28.785605000154337],[-97.168488999714299,28.785142000384432],[-97.167194000078808,28.784848000391957],[-97.166156000361269,28.784715000123018],[-97.165402000325869,28.784564999953691],[-97.164391000372504,28.784099999710907],[-97.16346300025981,28.783950000231606],[-97.16163499962353,28.783537000009829],[-97.161212000024236,28.783296999758747],[-97.160833999732461,28.782967000283136],[-97.160648999784527,28.782580000147643],[-97.160554000248297,28.781771999923183],[-97.160493999973838,28.780730000222487],[-97.160287000284612,28.77960000022167],[-97.160053999757793,28.778599000353282],[-97.159656000272847,28.777809000000843],[-97.159248999668762,28.777147999960572],[-97.158970999834409,28.776510999711039],[-97.158933000199568,28.776155999934769],[-97.15928800002682,28.775484999870461],[-97.159873000007821,28.774884999920175],[-97.160779000379179,28.774219000296586],[-97.161747999601445,28.773390999901125],[-97.162186000167679,28.772766999608884],[-97.162357999696809,28.7721039998846],[-97.162326999734674,28.771369000179671],[-97.162221000327776,28.770238000329751],[-97.162445999560362,28.769057999646126],[-97.162745000209412,28.768184000164919],[-97.1630540000059,28.767416000141345],[-97.16341700022906,28.766566000262497],[-97.163771000231392,28.76556299961209],[-97.164111999814921,28.764748000101751],[-97.164521999893751,28.764245999683585],[-97.164882999568775,28.763727000024282],[-97.164936000170542,28.76365100014127],[-97.164993999896851,28.763568999645884],[-97.165209999806919,28.763261999821815],[-97.165937000078159,28.762267999868136],[-97.166616999595419,28.761216999636599],[-97.167297000010976,28.760120999705009],[-97.167302999858748,28.760107000303993],[-97.167676000127656,28.759289000316866],[-97.167706000264886,28.759224000257628],[-97.167859000425764,28.758881000026268],[-97.167911000304301,28.758007000376118],[-97.167866000098471,28.757567999869131],[-97.167865000273537,28.757555999639195],[-97.167826999740399,28.757183000335978],[-97.167595999761701,28.756469999895668],[-97.167563999974647,28.756370999672715],[-97.167282999767266,28.755777999681083],[-97.16680499991638,28.754920999882099],[-97.166402000408553,28.754064000136985],[-97.166326000240588,28.753766000031334],[-97.166322000042612,28.753751000378795],[-97.166315000369934,28.753725000240934],[-97.166311000171973,28.753710999982275],[-97.166301000126225,28.753672999945753],[-97.166172000254804,28.753178000383219],[-97.166183000125457,28.752888000098395],[-97.166183999950348,28.752865000331894],[-97.166184999775282,28.752846999963261],[-97.166185999600188,28.752826999987569],[-97.16618800014831,28.752783000027485],[-97.166189999798149,28.752745999849839],[-97.166214000087592,28.752188999933548],[-97.16655200019639,28.750965000039901],[-97.166706000182174,28.750269000265359],[-97.166963999925031,28.749722999857021],[-97.166988000214474,28.749672000157748],[-97.167394999920262,28.748810000268801],[-97.167835999961227,28.747919999860692],[-97.168548999988758,28.747165999964743],[-97.169872999936558,28.745860000045429],[-97.170912000377328,28.744920000318317],[-97.171740000032571,28.744166000032241],[-97.172642000205997,28.743485000186642],[-97.173710000060765,28.743085999821044],[-97.174101999697925,28.742916999666715],[-97.174683000379275,28.742663999856742],[-97.175709000401255,28.742111000137495],[-97.176376000398037,28.741583999870191],[-97.177007000409802,28.741009000242041],[-97.177599999888415,28.740151000231716],[-97.17824599996878,28.73886500033062],[-97.178408000350501,28.738080999799422],[-97.178379000038191,28.737563999952854],[-97.178266999885182,28.737200999654867],[-97.177972000332417,28.736935000384808],[-97.177384999803252,28.736855999647968],[-97.176631999592743,28.736826000209966],[-97.175686999761638,28.736950000089216],[-97.174248000186111,28.737212999860592],[-97.172880999682278,28.73731400002815],[-97.172000000323578,28.737404999814789],[-97.171247000113084,28.737221000259606],[-97.170694999744029,28.736867999893324],[-97.170233999611582,28.736368000053861],[-97.169901000423963,28.735658000377288],[-97.16951899993424,28.734374999859003],[-97.169378000367232,28.73334199991611],[-97.169189000221351,28.731977000014464],[-97.168809000279751,28.731106000152568],[-97.168374000086573,28.730298999692675],[-97.167994000144986,28.729185999770358],[-97.167815999869731,28.728370999953199],[-97.167747000272755,28.727948999641526],[-97.167731000379248,28.727845999794003],[-97.167739999701766,28.727769000147617],[-97.16811299997066,28.724703000291722],[-97.1684119997214,28.722297999654284],[-97.168570999730051,28.721027999994327],[-97.168835000219019,28.718898000045964],[-97.168986999656667,28.717652999979645],[-97.16899500005259,28.717591000035647],[-97.168908000013957,28.717686999958776],[-97.168970999763147,28.717529000054878],[-97.169021999816778,28.717402999701161],[-97.169642999782809,28.712384000160331],[-97.169806999814313,28.711039999918615],[-97.169847999822196,28.710708999957699],[-97.169896000401096,28.71028100038113],[-97.169908999921574,28.710184999963261],[-97.170006000005955,28.709464999929878],[-97.170377999551619,28.706599999999835],[-97.171273000052352,28.699713999721137],[-97.171885999622447,28.695003999677045],[-97.17238500028806,28.69112999985531],[-97.172966000071099,28.686486000173982],[-97.173212000118383,28.684485000093236],[-97.173359000431475,28.68332699961039],[-97.174145000253944,28.677122999610887],[-97.174232000292577,28.676439000171332],[-97.176956000356185,28.654951000191033],[-97.177204999878199,28.652994000255326],[-97.177573999949132,28.650017999620871],[-97.177664000360835,28.649295000132831],[-97.177883999570554,28.647688999905242],[-97.178522999978227,28.642480000336207],[-97.179706000359019,28.632846000204555],[-97.180248999608935,28.628273999724353],[-97.180251000157071,28.628255999999439],[-97.180431000082137,28.626895000379108],[-97.180432999731963,28.626879000063077],[-97.180433999556854,28.62686900025863],[-97.180508000075022,28.626305999951832],[-97.180656000213034,28.625134000046646],[-97.180857000054488,28.623346000076587],[-97.181709999824093,28.616836000093009],[-97.182330999790111,28.610867000088199],[-97.182334000163166,28.610846999794223],[-97.182345999858725,28.610729000269274],[-97.182359000277515,28.610602000024326],[-97.181734999938456,28.608881999859936],[-97.180940999720079,28.606309000173582],[-97.180653999664884,28.605674999900309],[-97.179620999970226,28.603808999739321],[-97.179041000012077,28.603029000085552],[-97.178431999741619,28.602450999693012],[-97.177717999889197,28.601668000023313],[-97.176757999989448,28.600878999618743],[-97.17663999998868,28.600775000149117],[-97.176530000383821,28.600678000293144],[-97.176307999727655,28.600483000238697],[-97.176296999857001,28.600473000286851],[-97.175982000212727,28.600194999824023],[-97.175569999585775,28.599662000153927],[-97.175347000003015,28.599164000027368],[-97.17525300029169,28.598740000327592],[-97.175249000093729,28.598308999831946],[-97.175372000117363,28.597560999685953],[-97.176116999931949,28.595212000068063],[-97.176044999961931,28.594642999651274],[-97.175809999785287,28.594264999680224],[-97.175512999684372,28.594030999805618],[-97.175070999818487,28.59377900008624],[-97.17460499966316,28.593661000322967],[-97.174162999797289,28.593703999977997],[-97.173681999573347,28.593657999906124],[-97.173041000414173,28.593963000041054],[-97.172882000405508,28.593994999657337],[-97.172161999806974,28.593908999779078],[-97.171740999857491,28.59378199971087],[-97.171559000282599,28.593638999630524],[-97.171236000242416,28.593060999651215],[-97.170897000308713,28.592806000320284],[-97.170704999789763,28.592449000060029],[-97.170606999880476,28.592031000227212],[-97.170755999843394,28.591400999641024],[-97.170585999964089,28.59080900001895],[-97.170411000061918,28.590416999660427],[-97.170406999863943,28.590407999709527],[-97.17027299996964,28.590239000049394],[-97.169710999554852,28.589529999914788],[-97.169164000106989,28.589225000327435],[-97.167134999629269,28.588398000304419],[-97.166416999578857,28.58799399968591],[-97.165313999564006,28.587258999728142],[-97.16281899982927,28.586155999912744],[-97.162299999970486,28.585872999959296],[-97.162069999816723,28.585672999761439],[-97.161940000120381,28.585410999920537],[-97.161929000249728,28.585159000047728],[-97.161981999953184,28.585061999979573],[-97.162376000138465,28.584704000018728],[-97.162834999722776,28.58440599985337],[-97.163582999910417,28.584260999973022],[-97.164119000385924,28.583947999816296],[-97.164633000221841,28.583828999829844],[-97.165066999691803,28.58391500006557],[-97.165235999746187,28.58401400007558],[-97.165419999869201,28.584206000020501],[-97.165609000015095,28.585014999849292],[-97.16571699997013,28.585207000333011],[-97.165918999636474,28.585322999682969],[-97.166645000082809,28.585631999618659],[-97.168732000286852,28.586339000380182],[-97.16970300005724,28.586782999763841],[-97.17005299986161,28.586879999822024],[-97.170329999871058,28.586926999907497],[-97.170776999759795,28.58692400008729],[-97.171083999906458,28.586831000096602],[-97.171237000067336,28.586713999838771],[-97.171473999893806,28.586339000380182],[-97.171489999787326,28.586159999965162],[-97.1713750001596,28.585415000001301],[-97.1712830000981,28.585218000378891],[-97.170843999706946,28.584900000381833],[-97.170384000297716,28.584669000056312],[-97.169504999690517,28.583881000072523],[-97.169159000084107,28.583783999614266],[-97.168121000366568,28.583797999718477],[-97.167859000425764,28.583709000263973],[-97.166315000369934,28.58239000019184],[-97.165977000261122,28.58198499990484],[-97.165819000077377,28.581654999715717],[-97.165757000153107,28.581298999713166],[-97.165813000229591,28.580944999814164],[-97.165935000428334,28.580759000218723],[-97.166305000324186,28.580543000275679],[-97.167025999849329,28.580444000153509],[-97.167994999969878,28.580448999898959],[-97.16868000040833,28.580514999987614],[-97.168959000067588,28.580471999671627],[-97.169185999848295,28.58038400003414],[-97.169984000264648,28.580004999803819],[-97.170371999703846,28.579747999819713],[-97.170512000344232,28.579530999893571],[-97.170621999949105,28.579223999938577],[-97.170694999744029,28.578688999874721],[-97.170617999751144,28.578372999636546],[-97.170245000380561,28.577535000194551],[-97.169963000348247,28.57718699965617],[-97.169337000359349,28.576823999792364],[-97.168764000073921,28.576555000249972],[-97.168271999979325,28.576381999990225],[-97.167953000137089,28.57632899968041],[-97.167588000264104,28.576346999624896],[-97.167321000300419,28.576425999914562],[-97.16711999956064,28.576604000030162],[-97.167009000130889,28.576794999792668],[-97.16683400022869,28.577455999948953],[-97.166712000029975,28.577681000172788],[-97.166429999997661,28.577981000248577],[-97.166019000093925,28.578130999965566],[-97.165777000244589,28.578105999896106],[-97.165513999580526,28.578014000283503],[-97.164875999896083,28.577632000105471],[-97.164509000373286,28.577352999689342],[-97.163630999590993,28.576273000008765],[-97.163212000189645,28.575576000163942],[-97.16307099972434,28.575163999834867],[-97.162894999997249,28.574277000020402],[-97.162864000035114,28.573702000308526],[-97.162930000157345,28.57255599991538],[-97.162828999875003,28.572022999762069],[-97.162675999714125,28.571624000305906],[-97.162443000085617,28.571349000349599],[-97.162176000121946,28.571189999622369],[-97.16196600005965,28.571082000137483],[-97.161611000232412,28.571018000361217],[-97.161289000017135,28.571046000021621],[-97.161084999802625,28.571160999647368],[-97.160844999603128,28.571450999826308],[-97.160218999614216,28.572578999836111],[-97.159836000197899,28.57312699982058],[-97.158612999634116,28.574473999625571],[-97.158278999723279,28.574673000289845],[-97.158000999888912,28.574705999784815],[-97.157803000420529,28.574668000269853],[-97.157512999992306,28.574476999800918],[-97.157324999671332,28.574158999671777],[-97.157244000378782,28.573882000165234],[-97.157241999830646,28.57363000027955],[-97.157522000213135,28.572471000199247],[-97.157521000388215,28.572075999874503],[-97.15741199970995,28.571771999715224],[-97.157103999738396,28.571540999746514],[-97.156264000387552,28.571275999936411],[-97.155055000067492,28.570767999851352],[-97.154623000247341,28.5706960001813],[-97.154285999963463,28.570498000242946],[-97.153967999946147,28.570172999751446],[-97.15377299995248,28.56977800026656],[-97.153588000004561,28.569075999707582],[-97.153592000202522,28.568717000185408],[-97.153690000111794,28.568404999911319],[-97.153895000151209,28.567936999737963],[-97.154156000267122,28.56753700017881],[-97.154362999956348,28.567431999687507],[-97.154641999615606,28.567401999866071],[-97.156379999840212,28.567833999626032],[-97.157307999952891,28.567881000333038],[-97.157897000131854,28.568115000015464],[-97.158092999950455,28.56813800011798],[-97.158370999784779,28.568105000140839],[-97.158561999580499,28.567975000106152],[-97.158693000000071,28.567795999995855],[-97.158728999985058,28.567655999662133],[-97.158673999733494,28.567336000228675],[-97.158593000440945,28.567170999770706],[-97.158183000362129,28.566724000041859],[-97.158027999653115,28.566470999971596],[-97.157795999849526,28.565596999997773],[-97.15782400033693,28.565203999933942],[-97.157928000093989,28.564781999825396],[-97.158048999569502,28.564515999934468],[-97.158210000126303,28.564356999927767],[-97.158426000036371,28.564269000222716],[-97.159031999933774,28.564214999703857],[-97.159452999883243,28.564333999787799],[-97.159770999900573,28.564490999785569],[-97.160177999606347,28.564840000127536],[-97.1606110001497,28.565318000013221],[-97.160823999686727,28.565409999682664],[-97.162074000014684,28.565491999937677],[-97.162571000132147,28.56564000008229],[-97.163088000341091,28.56567900010706],[-97.163565000367072,28.565621000267246],[-97.163905999950615,28.565434999613263],[-97.164170000439569,28.56507600029293],[-97.164213999922168,28.564791000391288],[-97.164065999784171,28.564195000001401],[-97.163905999950615,28.563987999820206],[-97.163698000436455,28.563815999832642],[-97.163253000197543,28.563569000056049],[-97.162778999646292,28.563490000369264],[-97.161627000125932,28.564002999824183],[-97.161511999599895,28.564030999773227],[-97.161315999781309,28.563994999611971],[-97.161108000267163,28.563880999677512],[-97.160767999610229,28.563523999852201],[-97.160339999988054,28.562963000272525],[-97.160201000070884,28.562627999783913],[-97.160345000010921,28.562285000253727],[-97.160519000088186,28.562087999919321],[-97.161191000107848,28.561636000053394],[-97.161376000055768,28.561560999903648],[-97.161838999838039,28.561455000105692],[-97.162873000255928,28.561076000327315],[-97.164078000378055,28.561032999956051],[-97.164311000006563,28.560986000135692],[-97.164543999635058,28.560792000302541],[-97.164692999597989,28.560581000293677],[-97.164726000108246,28.560296000055153],[-97.164666999658706,28.559940000364804],[-97.16456899974942,28.559825999983374],[-97.164419999786503,28.559492000231447],[-97.164245999709223,28.559346999938406],[-97.163868000315759,28.5592170001316],[-97.163388999741656,28.559148999950217],[-97.162831000423139,28.559231000349179],[-97.162387000009133,28.559207999878073],[-97.161967999709475,28.558998999998131],[-97.1617300000581,28.558712000056971],[-97.161643999844372,28.558400999789949],[-97.161665999585679,28.558186000184516],[-97.161749000324676,28.557984999734156],[-97.161924000226861,28.557790000202392],[-97.16264499975199,28.557332000278109],[-97.162873000255928,28.55708399979077],[-97.163110000082398,28.556628999846286],[-97.163083000318224,28.556271000179439],[-97.162817000179444,28.55583100025687],[-97.161672000331791,28.554862999951144],[-97.160980000220661,28.554029999703101],[-97.160750999891803,28.553474999995309],[-97.160703000211214,28.553360999714499],[-97.160579000362659,28.552431000039235],[-97.160577999639429,28.552391000098005],[-97.160581000012485,28.552274999945897],[-97.160582999662296,28.552237999965687],[-97.160586999860257,28.552021000118884],[-97.160862000219879,28.551541000319801],[-97.160926999618894,28.551124999986616],[-97.160863999869704,28.550879000173321],[-97.160765000135484,28.550723000147972],[-97.160432000049568,28.550359999740635],[-97.160166999735694,28.550199999894158],[-97.16001100010007,28.550162999973946],[-97.15981100008355,28.550190999658824],[-97.159330999684514,28.550381000254784],[-97.158563000303715,28.55093400018789],[-97.158324999754029,28.551105999918885],[-97.157865000344799,28.551397999626218],[-97.15756999989371,28.551513000204785],[-97.157328999869293,28.551520999787527],[-97.157059000430849,28.551456999952485],[-97.156810999835429,28.551332999964121],[-97.156456000008191,28.551041999831547],[-97.156188000219586,28.550599999843577],[-97.156164999755049,28.55027999984776],[-97.156271000060258,28.549972000008534],[-97.156517000107556,28.549691000107178],[-97.15658900007756,28.549521999740822],[-97.156688999636685,28.548486999639657],[-97.156575999658784,28.548219000042987],[-97.156321000288969,28.547987999672607],[-97.156173999975877,28.547927999985376],[-97.155654000292188,28.547857000258798],[-97.155274000350602,28.54797900003733],[-97.15503599980093,28.548114000009164],[-97.153972000144108,28.549106999885002],[-97.151870999696357,28.550573000026976],[-97.151104000140478,28.551313999933868],[-97.150761000008799,28.551709999813095],[-97.150608999672841,28.55188700016825],[-97.150427000097949,28.552209000292088],[-97.1503040000743,28.552549000290099],[-97.150114999928419,28.552780000124287],[-97.14933099975579,28.553282000257362],[-97.149056000294493,28.553332000350192],[-97.148782999584697,28.553277999743866],[-97.148606999857606,28.553130000365918],[-97.148380999901789,28.552831000193585],[-97.148060000409743,28.551990000104258],[-97.148052999838725,28.551971999938797],[-97.148042999792992,28.551946000220529],[-97.148041000143166,28.551916999677367],[-97.148041000143166,28.551897999752544],[-97.148011000005937,28.551298999699934],[-97.148042999792992,28.550475999635132],[-97.148137000402627,28.550016999692794],[-97.148221999893124,28.549854000026169],[-97.148452000046902,28.549650999914213],[-97.148628999598898,28.549565000079198],[-97.149112000370977,28.549585999962847],[-97.149811000154813,28.54977099965841],[-97.149873000079069,28.549787999643975],[-97.150135000019901,28.550012999844412],[-97.150535000052983,28.550259999865069],[-97.151043999866005,28.550471999804167],[-97.151366000081282,28.550483000325301],[-97.15159600023506,28.550418000098396],[-97.151776000160112,28.550140999652712],[-97.151807000122247,28.549927000305036],[-97.151773999611976,28.549640999863641],[-97.151509000196427,28.549238000111238],[-97.151099999942517,28.548946999712975],[-97.15041899970204,28.548726000288724],[-97.150249999647642,28.548527000274742],[-97.150247999997816,28.548262999905759],[-97.150017000019133,28.547763999666468],[-97.14981899965241,28.547492999652736],[-97.148985000149381,28.5468099996666],[-97.148554999979069,28.546547000315094],[-97.148098999869489,28.546403000142902],[-97.147816999837175,28.546369999664694],[-97.147503000017821,28.5464319998372],[-97.147291000305714,28.546536000171862],[-97.146971999565167,28.546901999728757],[-97.146814000279733,28.547681000018759],[-97.146748000157501,28.548790999981865],[-97.146753000180354,28.548918999697332],[-97.146774000096755,28.54936200019932],[-97.146655000271082,28.549626999949016],[-97.14640900022377,28.54980900027218],[-97.146091000206468,28.549827999784892],[-97.145834000288531,28.5497240003338],[-97.145387000399779,28.5494179999876],[-97.144626999618268,28.548777999730806],[-97.144096999888831,28.548463999977788],[-97.143918999613604,28.548357999618577],[-97.14340099957974,28.548279000353467],[-97.143095000156308,28.548355000276864],[-97.142858000329852,28.548599000117019],[-97.142551000183175,28.549144000176245],[-97.142433000182407,28.549595000249834],[-97.142343999595624,28.550305999977436],[-97.142245999686352,28.550615999936195],[-97.142030999601189,28.551041000076474],[-97.141300000030313,28.551806000109561],[-97.141048000135228,28.552166999988675],[-97.140915000065846,28.552357999918083],[-97.140470999651839,28.55343900016917],[-97.140263000137693,28.553828000268886],[-97.139967999686576,28.554068000358026],[-97.139623999729992,28.554170000013237],[-97.13946200024661,28.554166000322535],[-97.139171999818387,28.554040999852539],[-97.138510999669393,28.553627999908322],[-97.1382160001166,28.553330999827775],[-97.13791599964263,28.552906000250569],[-97.137677999991269,28.552410999675999],[-97.137322000339125,28.551236000272286],[-97.136934000001588,28.55082499988724],[-97.136410000119952,28.55063599985133],[-97.136123999889705,28.550437000290259],[-97.135752000344013,28.549715999825505],[-97.13546299974071,28.549414000116386],[-97.135221999716265,28.549401999712941],[-97.135026999722598,28.549445000100338],[-97.134721000299166,28.549677999967205],[-97.134518999734482,28.549945999796389],[-97.134148999838644,28.550742000284814],[-97.133733999736947,28.551089999900654],[-97.132794999753585,28.551314999686362],[-97.132233000237136,28.551310000134734],[-97.131638000210373,28.550948999684721],[-97.130799999611071,28.550280999610059],[-97.130607999990445,28.550008999995804],[-97.130613000013312,28.549654999776422],[-97.130716999770385,28.549422999629048],[-97.130988999756951,28.549113999877143],[-97.131290000055841,28.548776000177654],[-97.131392999987995,28.548467999885069],[-97.131375000444649,28.548254000293994],[-97.131269999964331,28.548145000375722],[-97.13077899969467,28.547836000030379],[-97.130547999715986,28.547544999703604],[-97.130336000003879,28.547376999628817],[-97.129437000203524,28.54706999977213],[-97.128987999766636,28.546784000252039],[-97.128738000419688,28.546459999724949],[-97.128561999794286,28.545688999898889],[-97.128387999717006,28.545492000074873],[-97.128228999708341,28.545400000359272],[-97.127929999957601,28.545328999717551],[-97.12758000015323,28.545397999952854],[-97.127231999998699,28.545745000061981],[-97.127068999792073,28.546016999641672],[-97.126944999943504,28.546223999648838],[-97.126616000055535,28.547408000212318],[-97.126631000124149,28.548269999954005],[-97.126465000442806,28.548670999910058],[-97.126219000395523,28.548855999634871],[-97.125903999852937,28.54891499980717],[-97.125662000003587,28.548890999674231],[-97.125491000299348,28.54879599965313],[-97.125222999612447,28.54852899983263],[-97.125153000190579,28.548334000147751],[-97.125015000098287,28.547946000052939],[-97.124929999709494,28.547557000318719],[-97.125000999854606,28.547240999710226],[-97.125186999627431,28.546958999829908],[-97.125352000382193,28.546707999984076],[-97.125595000056435,28.546344000141509],[-97.125586999660527,28.546027000036354],[-97.125537000330127,28.545889000344729],[-97.125465000360094,28.545685999692054],[-97.125411999758327,28.545620999660756],[-97.125302000153482,28.545484999841978],[-97.125049000433492,28.545306999964733],[-97.124691000233199,28.545244999919042],[-97.124336000405961,28.545303999746952],[-97.124216999681963,28.545323999881749],[-97.123372000308265,28.545252000167878],[-97.123044000245216,28.545392000311569],[-97.122715000357232,28.545651000165819],[-97.12252100018847,28.545879999741025],[-97.122393999966874,28.546182000114893],[-97.122388000119088,28.546462000111202],[-97.122636999641117,28.546826000335052],[-97.123081000055123,28.547113000322572],[-97.123252999584267,28.547224999893871],[-97.123446999753028,28.547406999633619],[-97.123548999860276,28.547751999864047],[-97.123587000393414,28.548127000342191],[-97.123603000286934,28.548284000049044],[-97.123502000004592,28.54859299986904],[-97.123285000269632,28.548889000123165],[-97.122846999703398,28.549206000293854],[-97.122449000218438,28.549248999972228],[-97.122168000011058,28.549217000158187],[-97.121378999815548,28.54895699982945],[-97.121223000179938,28.548843999956887],[-97.120983999805347,28.548774999611954],[-97.120741999955996,28.548585000063849],[-97.120298000440314,28.548381000092697],[-97.120176000241571,28.548324999752996],[-97.119891999661121,28.547854000113652],[-97.120003999814116,28.546785999843014],[-97.119953999585391,28.546470000077623],[-97.119742999698204,28.546304000255546],[-97.119555000275554,28.546238000015855],[-97.1193540004341,28.546230000031851],[-97.119121999732187,28.546292000286783],[-97.118914000218041,28.546459999724949],[-97.118839999699873,28.546587000108769],[-97.118786000171511,28.546870999785437],[-97.11867300019361,28.54706199985133],[-97.118687000437319,28.547204000328605],[-97.118576999934149,28.547512000372329],[-97.118583999606827,28.54786999983444],[-97.118475999651807,28.548360999749359],[-97.11839000033639,28.548560000077018],[-97.118213999710989,28.548754000355689],[-97.11804600037982,28.548854000083207],[-97.117811000203176,28.548902000360524],[-97.116120999659145,28.548773999835355],[-97.115503000066184,28.548816999690057],[-97.115164999957386,28.548939999709727],[-97.114917000260263,28.549124999751083],[-97.114802999559146,28.549273000023579],[-97.114635000227963,28.550012000079555],[-97.114280000400726,28.550654000245114],[-97.114061999942521,28.550953000286651],[-97.113198000302248,28.551755000332811],[-97.113152000271498,28.551787000164648],[-97.112851999797513,28.552002000212759],[-97.112101000135155,28.55235499990123],[-97.110220999620353,28.553698999689235],[-97.110015999580938,28.553811000146482],[-97.109633999989526,28.553922999695605],[-97.1096110004233,28.553924999940094],[-97.109541000103107,28.553933000128644],[-97.109519000361786,28.553936000100553],[-97.10934600010944,28.553954999657613],[-97.10853900037057,28.554163000357192],[-97.108079000063029,28.554282999693783],[-97.107680999679772,28.554273999807496],[-97.107499000104909,28.554353000098448],[-97.107267000301292,28.554316000059448],[-97.106995000314754,28.55433999974505],[-97.105597999673691,28.554696000224979],[-97.10516699967846,28.55480699990235],[-97.104605000161996,28.554820999917339],[-97.104251999984569,28.554742999697496],[-97.103883999738542,28.554594000290287],[-97.103398000390072,28.554164000082636],[-97.103174000084067,28.553791999774358],[-97.10305899955803,28.553008999978864],[-97.103138999923971,28.552622000278809],[-97.103353000184214,28.552277000221686],[-97.10394099963996,28.5517330003442],[-97.104066000211731,28.551487000373186],[-97.104107000219628,28.551409000050676],[-97.104108999869453,28.551230000174556],[-97.103981999647829,28.550930000374333],[-97.103793000400259,28.550654000245114],[-97.103549999827706,28.550414000265182],[-97.103265000320661,28.550212999969691],[-97.102732000218182,28.549958999903268],[-97.102501000239513,28.549891999820893],[-97.101978000182783,28.549833000195967],[-97.10145199975301,28.549840000139852],[-97.100691000044904,28.549927000305036],[-97.099707999680632,28.550343999609112],[-97.099347000005594,28.550351000308073],[-97.09916299988258,28.550212999969691],[-97.098977999934661,28.55011600003526],[-97.098911999812429,28.549874000085953],[-97.099059000125521,28.549542999633044],[-97.099327999739032,28.549276000128245],[-97.099820999658533,28.549026999829408],[-97.100014000002375,28.548973000171767],[-97.100820999741245,28.548928999816464],[-97.101383000156019,28.548992999609776],[-97.10234999972846,28.548723999945484],[-97.102690000385394,28.54852899983263],[-97.102911000318343,28.548321999621244],[-97.102984000113267,28.547971999969747],[-97.10286799976231,28.547704999638384],[-97.102636999783627,28.547456000359642],[-97.102308999720577,28.547246000244119],[-97.101789999861808,28.547046000007789],[-97.101354999668615,28.546972000305452],[-97.101147999979389,28.546992000123513],[-97.098014999661885,28.547306000319825],[-97.097357999710852,28.547584000119468],[-97.097193999679305,28.547689999679495],[-97.097032000195924,28.547880999838323],[-97.096887000430968,28.547930000343744],[-97.096851000445952,28.547894999985065],[-97.096728000422317,28.547773999895266],[-97.09652000000986,28.547666000056449],[-97.096417999902599,28.547510999794621],[-97.09637699989473,28.547299000207563],[-97.096393999613156,28.546941000382731],[-97.096562999667555,28.546575999969736],[-97.096895999753499,28.546125000382343],[-97.097840999584605,28.545451000057117],[-97.098387999930779,28.544828000153135],[-97.098435999611354,28.544692000099495],[-97.098418999892928,28.544441000375009],[-97.098378999709965,28.544356000049799],[-97.09821800005146,28.544013000175777],[-97.098080999784131,28.543836000001775],[-97.097848999980528,28.543693999718503],[-97.097326999748717,28.543668000323848],[-97.096616000269321,28.544010999743023],[-97.096022999892398,28.54444600025273],[-97.09558900042245,28.544641000034133],[-97.09492400007548,28.544787999691366],[-97.094606000058164,28.544749999633229],[-97.094330999698556,28.544735000042621],[-97.094119999811369,28.544573999725035],[-97.094083000001433,28.544325000146188],[-97.094206000025096,28.544098999809705],[-97.094491000430438,28.543845999814454],[-97.095707000423204,28.543277000125212],[-97.095948000447635,28.543032999792516],[-97.096098000235472,28.542701000101026],[-97.096070999572973,28.542379000104141],[-97.095924999983097,28.542047999770123],[-97.095908000264657,28.541798999744088],[-97.095678000110894,28.541307000168082],[-97.095658000019426,28.54112900033283],[-97.095485999591958,28.54072700021894],[-97.095456000353053,28.540550000047521],[-97.095081000434334,28.539641000380506],[-97.0949249999004,28.538431000211173],[-97.094421000110245,28.537920999700866],[-97.094057999887085,28.53769100030323],[-97.093905999551126,28.537640999887387],[-97.093745999717541,28.537644000323365],[-97.093463999685241,28.537651000288125],[-97.09260800044089,28.537865000113367],[-97.092155999630975,28.538103999610918],[-97.092047999675927,28.538210000030052],[-97.092027999584445,28.538316000342622],[-97.09213700026271,28.538659999699068],[-97.092504999610412,28.539175999784426],[-97.092605999892754,28.539411000002751],[-97.092631000007117,28.539661000012202],[-97.092584000151447,28.539797000247962],[-97.092400999853339,28.53998900037481],[-97.092025000109714,28.540110999796813],[-97.091659000411809,28.540082999799626],[-97.091542000235933,28.5400740002781],[-97.091308999709113,28.54001499988826],[-97.091100000370076,28.539905000263744],[-97.090908999676046,28.539673999810198],[-97.0907990000712,28.539293000025783],[-97.090542000153249,28.537651000288125],[-97.090594999856691,28.537298000246093],[-97.091050999966257,28.536577999700061],[-97.091221999670495,28.536210999889644],[-97.09129899966338,28.535713000068153],[-97.091184999860587,28.535220999692239],[-97.091010999783293,28.534818000013114],[-97.090836999706013,28.53457499973004],[-97.090317000022338,28.534178000228149],[-97.089908999593348,28.533867000114327],[-97.089706000102055,28.533748000322781],[-97.089402000328448,28.533650000300725],[-97.089040999755113,28.53366100021109],[-97.088923999579251,28.533770000121958],[-97.088802000278832,28.533996999646764],[-97.088787000210218,28.534391000091194],[-97.089480999971173,28.535884000291187],[-97.089559999613883,28.536201000141428],[-97.089542999895457,28.536377999727488],[-97.089241999596567,28.536664999770885],[-97.088756000248083,28.536836999917274],[-97.088271999651099,28.536840000376149],[-97.087710000134621,28.536647000143105],[-97.086482000446281,28.535721999962199],[-97.086284999904478,28.535331000261191],[-97.086289999927359,28.534973000011373],[-97.086501999639466,28.534584999632564],[-97.086575000332701,28.534267999655953],[-97.086691999610252,28.534079999816782],[-97.08717000035945,28.533693000015614],[-97.087325999995059,28.533213000349342],[-97.087329000368101,28.532962000108711],[-97.08717100018437,28.532671999661677],[-97.086980000388664,28.532542000073057],[-97.086551999868163,28.532438000128892],[-97.086341999805882,28.532454999754936],[-97.08608599971285,28.532561000332603],[-97.085181999889613,28.533228000002069],[-97.085105999721634,28.533353999841786],[-97.084984000421201,28.533953000138659],[-97.084745999871515,28.534195000362715],[-97.084213999593956,28.534456999861376],[-97.083703999956015,28.534867000281594],[-97.083592999627925,28.534910000289081],[-97.083268999762822,28.534922999884131],[-97.083028999563311,28.534798000251325],[-97.082887000171425,28.534542000281672],[-97.082912000285774,28.533251999757631],[-97.082865000430104,28.53285999964513],[-97.082796999759722,28.532690999897724],[-97.082620000207726,28.532451000028896],[-97.082318999908836,28.532271000360449],[-97.082083999732191,28.532222999607765],[-97.081856000126578,28.53229700020001],[-97.081696000292993,28.53240799980723],[-97.081521000390808,28.532651000352143],[-97.081394000169198,28.532977999723713],[-97.081051999862439,28.533861999734473],[-97.080763999982352,28.534336000119627],[-97.080450000162998,28.535227999817973],[-97.080240999925621,28.535489000002194],[-97.080090000312893,28.535537999958699],[-97.079866000006888,28.535464999966909],[-97.079706999998237,28.535217000071128],[-97.079538999768744,28.534041999842152],[-97.079413000270364,28.533664999891258],[-97.079306000140249,28.533513000100992],[-97.07905699971991,28.533328000263015],[-97.078706000090619,28.533256000242542],[-97.078236999562264,28.533365999705961],[-97.077771000305248,28.533574999948506],[-97.077719000426725,28.53361400001203],[-97.077434000021356,28.533830999899763],[-97.0773389995868,28.534142000119829],[-97.077440999694048,28.535397000231757],[-97.077423999975608,28.535970000247765],[-97.077326999891241,28.536862000318898],[-97.077042000384182,28.537532000034954],[-97.077048000231983,28.537640000005101],[-97.077131999897574,28.537761999779676],[-97.077435999671181,28.537619999989769],[-97.077642000433826,28.537525000062342],[-97.078326000149019,28.537514999649645],[-97.07853200001334,28.537402000128736],[-97.078846999657614,28.537028000026041],[-97.079210999705694,28.536876000351878],[-97.079608000264031,28.536871000114818],[-97.079913999687491,28.537041000148925],[-97.079992000403578,28.537122999612407],[-97.080024000190633,28.537370999757126],[-97.079828000372075,28.538614000024513],[-97.079734999587345,28.538925000332359],[-97.079770999572347,28.539206999624973],[-97.080057999627527,28.539509000190804],[-97.080319999568346,28.539678999914173],[-97.080861999891653,28.539918000031641],[-97.081345999590312,28.540298000066144],[-97.081666999980683,28.54066599969854],[-97.081893999761405,28.54104500034158],[-97.082446999955351,28.541610999927155],[-97.082770999820454,28.542345999943532],[-97.082786999713989,28.542595000254838],[-97.082687000154877,28.542790000306333],[-97.082533000169079,28.542957999806365],[-97.082127000288224,28.543116999776817],[-97.080696000210295,28.543314999925609],[-97.080471000079399,28.54341099998339],[-97.080331000337324,28.543624999945141],[-97.080167000305778,28.54450999961378],[-97.07989299977109,28.545219999928509],[-97.079671000013221,28.545472999779911],[-97.079339999577115,28.545595999759481],[-97.079059000268046,28.545582000096246],[-97.07850400042426,28.545382999665399],[-97.07756000041806,28.544769999873221],[-97.077162999859709,28.544412999950485],[-97.076428000090857,28.544123000245563],[-97.076223999876362,28.543950000335219],[-97.076064000042805,28.543701999895106],[-97.07592199975258,28.543638000043181],[-97.075946999866915,28.54360100018495],[-97.076006000316482,28.543516999797546],[-97.076034999730481,28.543516999797546],[-97.076079999936326,28.543516999797546],[-97.076335000204438,28.543319000028447],[-97.07644099961135,28.543176000007552],[-97.07733799976188,28.542625000043461],[-97.077612000296597,28.542371999664432],[-97.077792000221649,28.542151999698678],[-97.077838000252399,28.542047999770123],[-97.078073000429029,28.541519999823922],[-97.078184999683728,28.540996999640118],[-97.078184999683728,28.540815999724604],[-97.078166000315463,28.540717000110178],[-97.0781410002011,28.540640000345693],[-97.078090999972375,28.540556999819199],[-97.078003999933756,28.540496999844699],[-97.077866999666398,28.540424999988034],[-97.077660999802077,28.540348000010184],[-97.077424999800527,28.540276999908965],[-97.077094000262747,28.540248999955903],[-97.076546000091653,28.540248999955903],[-97.076341000052238,28.54025999996653],[-97.076084999959207,28.540298999923202],[-97.075905000034126,28.540348000010184],[-97.075749000398531,28.540413999994659],[-97.075458999970309,28.540549000192833],[-97.074790000323702,28.540860000312531],[-97.074684000018479,28.540936999916219],[-97.07459699997986,28.541063999856952],[-97.074546999751149,28.541152000018098],[-97.074515999789,28.541272999823736],[-97.074316999597372,28.54167400037753],[-97.073955000097442,28.542252000170507],[-97.073905999693636,28.542378000266829],[-97.073880999579288,28.54248799967656],[-97.07388300012741,28.542514000151609],[-97.073893000173157,28.542630999842299],[-97.073961999770134,28.54271400031304],[-97.074068000075343,28.542796000095841],[-97.074248000000395,28.542851000385959],[-97.074448000016943,28.542857000171985],[-97.074616000246436,28.542829000115525],[-97.074746999767669,28.54281800037316],[-97.074852000247986,28.542834999902798],[-97.075164000417516,28.542950000362332],[-97.075457000320483,28.543110000175236],[-97.075612000131173,28.543219999609722],[-97.075736999804647,28.543506000127021],[-97.07574400037565,28.543542000192275],[-97.075765000292051,28.543650000314301],[-97.075772999789663,28.543686000330357],[-97.075668000207656,28.543731000333132],[-97.075608999758117,28.543825000364571],[-97.075648999941095,28.544290000167702],[-97.075598999712383,28.544463000308763],[-97.074991000165156,28.544942000201996],[-97.074299000054026,28.545594999952691],[-97.073374000314402,28.54610600020165],[-97.072854999557308,28.546300000266065],[-97.072503999928017,28.546984000196737],[-97.072324999827899,28.547125000197802],[-97.072123999986417,28.547133000113867],[-97.072010000183624,28.547102000238539],[-97.071576999640257,28.546781000076383],[-97.070657999748406,28.545651000165819],[-97.069928999827368,28.54509199966304],[-97.069796999582877,28.544872999667962],[-97.069739999681474,28.544520999968597],[-97.06988399962151,28.544036999842092],[-97.070122999996101,28.543795999952422],[-97.070435999990551,28.543653999615231],[-97.070553999991333,28.54360100018495],[-97.071448999593741,28.54338600034664],[-97.071735999648908,28.543190999820162],[-97.071876000289322,28.542974000270839],[-97.071898000030629,28.542831999614602],[-97.071733999999083,28.542593999630416],[-97.071431000050396,28.542497999617197],[-97.070825000152993,28.542477999735016],[-97.070343999929051,28.542547000259649],[-97.069763999970903,28.542705000227119],[-97.069261000005667,28.54300599961427],[-97.068626999620847,28.54360900036869],[-97.068094000416693,28.544363000357652],[-97.067856999691912,28.544500999681311],[-97.06761499984259,28.544523000391667],[-97.067383000038987,28.544463000308763],[-97.066991000401828,28.544212000038542],[-97.066305000138485,28.543661999794924],[-97.066085000030469,28.543199999864559],[-97.066003000014689,28.542634999971099],[-97.06584700037908,28.542428999849626],[-97.065616000400397,28.542373000290944],[-97.064852000319249,28.542495999944812],[-97.06463399986103,28.542588999664808],[-97.064386999988827,28.542773999813907],[-97.064277000383996,28.542922000330595],[-97.064223999782229,28.54334699995459],[-97.064034999636334,28.543575999804215],[-97.06326399988248,28.543794000304693],[-97.06271200041175,28.544008000277522],[-97.062228999639686,28.544040000095912],[-97.062073000004062,28.544010999743023],[-97.0618639997667,28.543843000344197],[-97.061900999576622,28.543561000046424],[-97.062078999851849,28.543365999843907],[-97.063069999713733,28.542566000293206],[-97.063268999905347,28.542296000158647],[-97.063473999944762,28.541793999740722],[-97.063539000242088,28.541370999857989],[-97.063417999868264,28.541105999853364],[-97.063227999897478,28.540922999633782],[-97.06288399994088,28.540818000218042],[-97.06252300026587,28.540771000054885],[-97.06223899968542,28.540773999612568],[-97.061929000064026,28.540856999968142],[-97.06090300004206,28.541359999963387],[-97.060087999907267,28.541905000391264],[-97.059107000091146,28.542239999740119],[-97.058881000135315,28.54238199961609],[-97.058875000287543,28.542628000337498],[-97.059031999748058,28.542875000317025],[-97.059205999825338,28.543026000185414],[-97.060116000394672,28.543491000359243],[-97.060292000121777,28.543723999983218],[-97.060287000098896,28.543867999872479],[-97.060209000281091,28.543947999901256],[-97.05934200026779,28.544339999795188],[-97.059230000114781,28.544443000010475],[-97.059060000235476,28.544806000295615],[-97.059072999755955,28.545019999790586],[-97.059167000365591,28.545177999994209],[-97.059477999811904,28.54540600000011],[-97.059842999684889,28.545557000185713],[-97.060322000259006,28.545599999775682],[-97.060846000140643,28.545540000306289],[-97.061237999777802,28.545615000032232],[-97.062062000133409,28.546418000285108],[-97.062107000339253,28.546462000111202],[-97.062760999917231,28.546993999710544],[-97.062915999727934,28.547244999663892],[-97.062847000130958,28.547336000344917],[-97.062704000015827,28.547401999896479],[-97.062136999578158,28.547402999686096],[-97.060975000012064,28.547532000087852],[-97.060390000031063,28.547397000159034],[-97.059509999598959,28.547041000253511],[-97.058751000438988,28.546959999623748],[-97.058231999681908,28.547035999709873],[-97.057835000021882,28.547202999747974],[-97.057301000094483,28.54735799967397],[-97.056971000381608,28.547724000319747],[-97.056615999656046,28.54828499983029],[-97.056352000065417,28.548921999812084],[-97.0563160000804,28.549279000232882],[-97.056468000416373,28.549610999706058],[-97.056656999663915,28.549887999967755],[-97.056655000014104,28.55002599994301],[-97.056523999594546,28.550123999724118],[-97.05647199971601,28.550163999737354],[-97.055866999643513,28.550176999817314],[-97.055386000317881,28.549995000130082],[-97.0548170002304,28.549599000114167],[-97.054351999899993,28.549057999927211],[-97.054084000111388,28.548638999920453],[-97.05407499989056,28.548624999872612],[-97.053708000367763,28.548406999902131],[-97.05342799998526,28.548370000141048],[-97.053274999824382,28.548412000380658],[-97.05290999995141,28.548748000116525],[-97.052581000063441,28.548952999940791],[-97.052300999680966,28.548976000284981],[-97.052087000319034,28.5488769996599],[-97.05182100018024,28.548520000243585],[-97.051794000416066,28.548200000239991],[-97.051987999686517,28.547695000192078],[-97.05239199991756,28.546999000256235],[-97.052467000260634,28.546575000172258],[-97.052421000229856,28.546260000363397],[-97.052354000282719,28.546127999787629],[-97.052149000243304,28.545959000016506],[-97.051536999599804,28.545680000067168],[-97.051136999566722,28.545636999720777],[-97.050776999716604,28.545687000287089],[-97.050252999834981,28.545867999723956],[-97.049956999558972,28.546158000148203],[-97.04985100015206,28.546501999937156],[-97.049831000060578,28.547221999730773],[-97.049759999915466,28.547427999947583],[-97.049691000318504,28.547632999974031],[-97.049493999776686,28.547945000268459],[-97.04890799997078,28.548485000080984],[-97.048821999757052,28.548646999721523],[-97.048774000076477,28.548857999975617],[-97.048811999711305,28.549106999885002],[-97.048942000305971,28.549244000322474],[-97.049272999843751,28.549448999970295],[-97.049396999692306,28.549592000154263],[-97.049420000156857,28.549694000199921],[-97.049343000163944,28.549860000202294],[-97.049135999576393,28.549969999688944],[-97.048691000235792,28.549985999877293],[-97.048528999854085,28.549975999858479],[-97.048401999632475,28.549932999687918],[-97.04804199978237,28.549810999805789],[-97.047774999818685,28.549649000377638],[-97.047003000239911,28.548963000056741],[-97.046785999606627,28.548871999992478],[-97.046542999932385,28.548862999643703],[-97.046348999763623,28.548910999916924],[-97.046236999610628,28.549013999607482],[-97.046067999556215,28.549342000042223],[-97.045872999562562,28.5497240003338],[-97.045394999711661,28.549989999726716],[-97.045169999580764,28.550075000239477],[-97.045049000105266,28.550065000229107],[-97.044879000225947,28.549972000008534],[-97.044762000050085,28.549826000251674],[-97.044791000362395,28.549290999861302],[-97.04495000037106,28.548924000151558],[-97.045182999999554,28.548780999849619],[-97.045932000012101,28.548513000212004],[-97.04611799978494,28.548375999612691],[-97.046582000290442,28.548161999834726],[-97.047754999727175,28.547898999913901],[-97.048015999843088,28.547800999640458],[-97.048189000095448,28.547655999817319],[-97.048194000118329,28.547371000100267],[-97.047922000131777,28.546735999798454],[-97.047765999597843,28.546108999607394],[-97.047451999778488,28.545654000373673],[-97.047122000065613,28.545290000044915],[-97.046794999827455,28.545081999968652],[-97.045555000443557,28.544922999807874],[-97.045214999786609,28.544734000227649],[-97.044943999624962,28.544428000376154],[-97.044909000363177,28.544264000131086],[-97.044984999632845,28.543840999908198],[-97.04482599962418,28.543395000374385],[-97.04460300004142,28.543142000266492],[-97.044234999795393,28.542920999709288],[-97.044057000418476,28.542730000025429],[-97.044032000304114,28.542371999664432],[-97.044065999741008,28.542232000241558],[-97.044346000123468,28.541755000337506],[-97.044561000208631,28.541590999876504],[-97.044863000332427,28.54148899987484],[-97.045307999673042,28.541502000236434],[-97.045892999654043,28.541742000007137],[-97.04608799964771,28.541691000091728],[-97.046279000341741,28.541559999948326],[-97.046507999772288,28.54114299979873],[-97.046479000358289,28.540254999890127],[-97.04655700017608,28.539833000002499],[-97.046648000412674,28.539674999673171],[-97.046865000147662,28.53951699989614],[-97.04731399968621,28.539552999746274],[-97.04751799990072,28.539667999842898],[-97.047954999743737,28.540397000074321],[-97.048162000331274,28.540562999735815],[-97.048319999616709,28.540566000088575],[-97.048480000348604,28.540456000250224],[-97.048819000282307,28.540057000302905],[-97.048852999719188,28.539879999794959],[-97.048788000320172,28.539526000254369],[-97.04862400028864,28.53916299992493],[-97.048291000202724,28.538803000326077],[-97.048036999759503,28.538439999873066],[-97.047784000039513,28.538261000052337],[-97.047424000189395,28.538096999676256],[-97.047255000134996,28.53794400008649],[-97.047179999791908,28.53755800015481],[-97.047262999632608,28.537200000368983],[-97.047707999871534,28.536835000137373],[-97.048328999837551,28.536579000381632],[-97.048728000045728,28.5365249998666],[-97.049811999794017,28.536636999647076],[-97.050749999952444,28.536869000335628],[-97.051064999596704,28.537026000249778],[-97.051385000162156,28.537033000255594],[-97.05157000011009,28.53689699960859],[-97.051642999905013,28.536692999887251],[-97.051565999912128,28.535839000093244],[-97.051563000437383,28.535398000135327],[-97.051467000177922,28.535124000157055],[-97.051324999887697,28.534950999674198],[-97.050918000181923,28.534792999915652],[-97.050759000173272,28.534814000376777],[-97.050607999662205,28.5349339996616],[-97.050417999691419,28.534993999647412],[-97.049856000174941,28.535041999927095],[-97.049149999820102,28.535192999973898],[-97.048461999906934,28.535193999879404],[-97.047738000008749,28.5351220003447],[-97.047215999776924,28.535184999940256],[-97.046739999575863,28.535382000098625],[-97.046055999860656,28.535425999799191],[-97.045718999576764,28.535226999912737],[-97.04555299989542,28.535069999685561],[-97.045178999801593,28.534515000294846],[-97.045066999648597,28.534021000016388],[-97.045054000128147,28.533554999950731],[-97.045152000037419,28.533095999670095],[-97.04521899998457,28.532700999979046],[-97.045122999725109,28.532277999892937],[-97.044986000356076,28.532058000158393],[-97.044665999790624,28.531839999839235],[-97.043787999906641,28.53170700019778],[-97.043484999957954,28.53160799991657],[-97.043172999788396,28.531593000033315],[-97.042886999558149,28.531572999659392],[-97.042834999679599,28.531576000268149],[-97.04277600012837,28.53156600008009],[-97.042451000438362,28.531555999891072],[-97.041810000380863,28.531523000286541],[-97.041759000327232,28.531519999676256],[-97.041606999991274,28.531512000153004],[-97.041556999762548,28.531510000272114],[-97.041509000081973,28.531508000391121],[-97.041268000057542,28.531536000299415],[-97.040997999720815,28.531616000221771],[-97.040808999574921,28.531749999916254],[-97.040497000303716,28.531855999624572],[-97.039862999918896,28.532073999910626],[-97.039816999888146,28.532172999754078],[-97.039842000002494,28.53249500016414],[-97.03979699979665,28.532633000038686],[-97.039456000213121,28.533035000256042],[-97.039176999655552,28.533514000022436],[-97.038384999985297,28.534234000196843],[-97.038159999854415,28.53443999976907],[-97.03760699966044,28.534803999706771],[-97.037454000397886,28.534870000007416],[-97.037404000169175,28.534890999663912],[-97.037256000031164,28.53495500009457],[-97.037206999627372,28.53497699964176],[-97.037214000198361,28.534998000066128],[-97.037236999764588,28.53506099973583],[-97.037245000160524,28.535082000143468],[-97.037194999931785,28.53524700038237],[-97.037107999893166,28.535417999783295],[-97.037086000151845,28.535494000304837],[-97.037045999968882,28.535642999901381],[-97.036859000371138,28.535972999942125],[-97.036784000028049,28.536049999960735],[-97.036696999989431,28.536116000270148],[-97.036565999569845,28.536193000184308],[-97.036404000086463,28.536330999951122],[-97.036361000428755,28.536380000305197],[-97.036348000009966,28.536419000119771],[-97.036353000032847,28.536530000120084],[-97.036353999857738,28.536551000234947],[-97.036154999666124,28.536820000208952],[-97.036142000145631,28.536907999969191],[-97.035855999915384,28.537259999853589],[-97.035619000088928,28.537590000354179],[-97.035177000223044,28.538003000057767],[-97.034766000319294,28.538282999698378],[-97.034747000052718,28.538293000038191],[-97.03440999976884,28.538481000252119],[-97.03395000035961,28.538618000305853],[-97.033526000037071,28.538694999969845],[-97.033120999981122,28.538717000314453],[-97.032642000305344,28.538756000053151],[-97.032355000250149,28.538871000230557],[-97.032380000364512,28.538876000372699],[-97.032198999716243,28.538915000052544],[-97.031993999676814,28.539041000194299],[-97.03177600011692,28.539200999631056],[-97.031638999849577,28.53936599973289],[-97.031533000442678,28.539602000180246],[-97.031463999947405,28.539821999947229],[-97.031489000061754,28.540019999976117],[-97.031564000404813,28.540246000383281],[-97.031694000101155,28.540410999637558],[-97.031905999813262,28.540647000111402],[-97.03198100015635,28.540718999816342],[-97.031998999699695,28.54083400021846],[-97.032037000232833,28.540972000219629],[-97.032029999661816,28.541158999749786],[-97.031930999927624,28.541323999941515],[-97.031849999736764,28.541411999885465],[-97.031769000444243,28.541483000010906],[-97.031679000032554,28.541522000303978],[-97.031643999872458,28.541538000197427],[-97.031438999833043,28.541593000355224],[-97.031244999664281,28.541593000355224],[-97.030616000200652,28.541527000320244],[-97.030417000009024,28.541445000338722],[-97.029756999684949,28.541240999953871],[-97.028715999594354,28.540936000065205],[-97.028501000407516,28.540872999962644],[-97.027004000207356,28.540277999766214],[-97.026578000235006,28.540085000306984],[-97.02613800001896,28.539833000002499],[-97.025752000229573,28.539610999742088],[-97.024812000421321,28.539072000074551],[-97.024725000382688,28.539000999902559],[-97.024716000161845,28.538990999629959],[-97.024464000266775,28.538731000100864],[-97.024455000045947,28.538720999802639],[-97.02443199958141,28.538693000225223],[-97.02440099961926,28.53860999974308],[-97.024379999702859,28.538560999636925],[-97.024362999984447,28.538520999952109],[-97.024345000441073,28.538478999714307],[-97.024285999991534,28.538446999784941],[-97.024239999960784,28.538422999634204],[-97.024096000020748,28.538318999970191],[-97.024053000363025,28.538274999899347],[-97.023937000012083,28.538093000164306],[-97.023916000095696,28.538060000239412],[-97.023815999638245,28.537944999965902],[-97.023797000269994,28.537905999926981],[-97.023791000422207,28.537861999683674],[-97.023791000422207,28.537740999906166],[-97.0238039999427,28.537719000146947],[-97.0238039999427,28.537674999825473],[-97.023747999866202,28.537559999920919],[-97.023716999904039,28.537520999739513],[-97.023648000307077,28.537460999614328],[-97.023454999963235,28.537367000217628],[-97.023412000305541,28.537361000118995],[-97.023393000038951,28.537349999805691],[-97.023237000403341,28.537349999805691],[-97.023206000441206,28.537339000280365],[-97.023162000060282,28.537267999729696],[-97.023162000060282,28.537235000335524],[-97.023173999755841,28.537201000255443],[-97.023181000326844,28.537184999703275],[-97.023230999657244,28.537152000283175],[-97.023261999619379,28.537113999838013],[-97.023261999619379,28.537014999901501],[-97.023244000076033,28.536949000155225],[-97.023237000403341,28.536788999666097],[-97.023317999695891,28.536762000254981],[-97.02348699975029,28.536728999913208],[-97.023561000268458,28.536723999669224],[-97.023598999903285,28.536691000104678],[-97.023617000344942,28.536669000126221],[-97.023610999598844,28.536509000001036],[-97.023666999675342,28.536454000345795],[-97.023674000246359,28.536417000331998],[-97.02369199978969,28.536332999740527],[-97.023711000056267,28.536300000053515],[-97.023786000399355,28.536245000289195],[-97.023823000209262,28.53623399985937],[-97.023904000400108,28.536229000381098],[-97.024015999654807,28.536294999789177],[-97.024060000035732,28.53630600021263],[-97.024127999807803,28.53630600021263],[-97.024152999922151,28.536300000053515],[-97.024178000036514,28.536173999790506],[-97.024197000303076,28.536129999613035],[-97.024215999671341,28.53611299979065],[-97.024302999709974,28.536118999960411],[-97.024371000380356,28.536151999704035],[-97.024434000129546,28.536163000142412],[-97.024489000381138,28.536156999975219],[-97.024776000436304,28.536069000376891],[-97.024937999919686,28.5360640001016],[-97.024999999843985,28.53600900021409],[-97.025069000339258,28.53600900021409],[-97.025193000187826,28.536041999992168],[-97.025305000340836,28.536135999781834],[-97.025375999587624,28.536177000268264],[-97.025629000205925,28.536284000153728],[-97.02574100035892,28.536312000371339],[-97.025797000435404,28.536345000054585],[-97.025852999613576,28.536421999801348],[-97.025965999591492,28.536499000281037],[-97.026184999874602,28.536580000273979],[-97.026555999595374,28.536611000089135],[-97.026660000250772,28.536619999906478],[-97.026820999909248,28.536604000055341],[-97.027024000298823,28.536504999639607],[-97.027042999667088,28.536503999746547],[-97.027203000398984,28.536361999839546],[-97.027297000110309,28.53627799999342],[-97.027421999783783,28.536118999960411],[-97.027452999745918,28.535910000028515],[-97.027435000202573,28.535695000277759],[-97.027384999973847,28.53554699986768],[-97.027365999707285,28.535398000135327],[-97.027365999707285,28.535266000154117],[-97.027328999897364,28.53505199978532],[-97.027205000048795,28.534732999815457],[-97.027123999857949,28.534313999649466],[-97.027154999820084,28.53411699986199],[-97.02717400008666,28.533868999950485],[-97.027205000048795,28.532955999759185],[-97.027168000238888,28.532625999740564],[-97.027131000428952,28.532412000324111],[-97.026986999590605,28.532169000017284],[-97.026813000411636,28.531949000055192],[-97.026600999801218,28.531723999941736],[-97.026091000163291,28.531398999719059],[-97.025823000374686,28.531185000178656],[-97.025579999802105,28.530959000066886],[-97.02518800016496,28.530458000039651],[-97.024628000298293,28.529584000264432],[-97.024535000411888,28.529401999724598],[-97.024266999724972,28.52873099965019],[-97.024161000318074,28.528263999899075],[-97.02392500031651,28.527663999649317],[-97.023768999782604,28.527427000109256],[-97.023327999741639,28.526816999981083],[-97.023065999800806,28.52651400014749],[-97.023025999617843,28.526451000103933],[-97.022781000293776,28.526063999912537],[-97.022638000178631,28.525888000360922],[-97.022606000391576,28.525684999845009],[-97.022593999797706,28.525508999660591],[-97.022632000330859,28.525326999977025],[-97.02273100006505,28.525161999992328],[-97.02294899962493,28.524909000303452],[-97.023434999871753,28.524474999647587],[-97.023834000079916,28.524255000200338],[-97.024014999829888,28.524127999732762],[-97.024183000059367,28.524073999941269],[-97.024313999580627,28.52393099984829],[-97.024382000251009,28.523743999737604],[-97.024320000326725,28.523474000309381],[-97.024258000402455,28.52325999967502],[-97.02413299983067,28.523012000262671],[-97.024008999982101,28.522879999764697],[-97.02395899975339,28.522864000195408],[-97.023815999638245,28.522818999963128],[-97.023721999926934,28.522648999876822],[-97.023660000002664,28.522422999616243],[-97.023547999849654,28.522214000149024],[-97.023516999887519,28.522060000359513],[-97.023442000442756,28.52191999999695],[-97.023324000441988,28.521696999852967],[-97.023268000365476,28.52148300034726],[-97.023199999695109,28.521301000027517],[-97.023199999695109,28.520910999750271],[-97.023143999618625,28.520515000129901],[-97.023056999579964,28.520223000071027],[-97.022926000058717,28.519888000188654],[-97.022920000210931,28.519646000266462],[-97.023013999922256,28.519067999613842],[-97.022914000363158,28.518799000111436],[-97.022828999974351,28.518667999926269],[-97.022820999578414,28.518654999905049],[-97.0227770000958,28.518479999888378],[-97.022783999768507,28.518276000039027],[-97.022859000111566,28.517941000285379],[-97.022901999769275,28.517555999784168],[-97.022815999555561,28.517517000093736],[-97.022822000301645,28.51742400034869],[-97.022680999836339,28.517124999874202],[-97.022534000421558,28.516986000141113],[-97.022295999871872,28.516760999662349],[-97.022040999603746,28.516660000178906],[-97.021678000278897,28.516674999819116],[-97.021488000308111,28.516734999937441],[-97.021350000215847,28.516911999850688],[-97.021135000130684,28.517104999912544],[-97.02083700020485,28.517371000355414],[-97.020787999801044,28.517438999880216],[-97.020580000286913,28.51773299989803],[-97.020442000194635,28.518066000176525],[-97.020374000422578,28.518193000053138],[-97.020374000422578,28.518622000208293],[-97.020386000118151,28.51880899993207],[-97.0204609995629,28.51907299990614],[-97.020509999966706,28.519165999775495],[-97.020603999678031,28.519462999878204],[-97.020610000424128,28.519561999726541],[-97.020581999936738,28.519649999689129],[-97.020560000195417,28.51972200032144],[-97.020403999661482,28.519947000007175],[-97.020205000368165,28.520145000280646],[-97.020079999796394,28.520206000050781],[-97.019887000350863,28.520244000277934],[-97.019738000387946,28.520261000292074],[-97.019444999586682,28.520100999725834],[-97.019264999661615,28.519903000159008],[-97.01893499994874,28.519462999878204],[-97.018735999757084,28.519254000068532],[-97.018498999930642,28.519060999993417],[-97.018206000027689,28.518852000176238],[-97.018026000102637,28.518709000104185],[-97.017727000351869,28.518515999820838],[-97.017534000008027,28.518450000329924],[-97.0172290004095,28.518362000155228],[-97.016954999874798,28.518317999645632],[-97.016724999721035,28.518208000264693],[-97.01666399962167,28.51816900002601],[-97.016569000085426,28.518108999934363],[-97.015978000256638,28.517669000060621],[-97.015666000087109,28.517382999671131],[-97.015598000315038,28.517350000365635],[-97.015492000009843,28.517262000062207],[-97.015379999856833,28.517152000368963],[-97.015088999603705,28.51703399993907],[-97.014910000401869,28.517038000250093],[-97.014602000430301,28.51704600008247],[-97.014325000420854,28.517093999853063],[-97.014004000030496,28.517246999716154],[-97.013756000333373,28.517308999659377],[-97.013537999875169,28.517362999758419],[-97.013485999996647,28.517358000174287],[-97.012994999726956,28.517320999771496],[-97.012864000205695,28.517382000386004],[-97.012789999687541,28.517320999771496],[-97.01269000012843,28.517096000007506],[-97.012634000051932,28.516865000076642],[-97.012490999936801,28.516682999678974],[-97.012316999859536,28.516534000117126],[-97.012054999918703,28.516330999744898],[-97.011818999917153,28.516160000162362],[-97.011657000433772,28.516067000009887],[-97.011607000205046,28.515990000390218],[-97.011221000415659,28.515725999801536],[-97.011158999593079,28.515676000016267],[-97.011109000262678,28.515614999993534],[-97.011040999592311,28.515555000027316],[-97.011002999957455,28.515549000265629],[-97.010946999880971,28.515555000027316],[-97.010872000436208,28.515576999676867],[-97.010766999955919,28.515576999676867],[-97.010691999612831,28.51556600024735],[-97.010542999649914,28.515461000037973],[-97.010510999862888,28.515412000220167],[-97.010454999786361,28.515351000044792],[-97.010373999595529,28.515290999928361],[-97.010294000127899,28.515252000189573],[-97.010145000164982,28.515264999840984],[-97.01004399988264,28.515273999902327],[-97.009956999844022,28.515269000219167],[-97.00972699969023,28.515174999974899],[-97.009608999689462,28.515120000238106],[-97.009528000396912,28.515037000136218],[-97.009408999672928,28.514943999782695],[-97.009335000053071,28.514850000038088],[-97.009161999800725,28.514215000307349],[-97.008815000369395,28.513971999888643],[-97.008595000261366,28.513843000237944],[-97.008485999583101,28.513778999618449],[-97.008266000373411,28.51310000022465],[-97.007991999838694,28.512429999920954],[-97.007561999668383,28.511799999676068],[-97.00703199993896,28.511258999608764],[-97.006657000020255,28.510742000068181],[-97.006435000262371,28.510560000155156],[-97.006045000275051,28.510241000269946],[-97.005439000377635,28.509670999770634],[-97.005302999935196,28.509543999893449],[-97.005056999887913,28.509312999998333],[-97.004897000054342,28.509161999981426],[-97.004763000160025,28.509035000280814],[-97.004737000220771,28.509009000230037],[-97.004698999687619,28.508970999901361],[-97.004660000227872,28.508933000348396],[-97.00463500011351,28.508908999792737],[-97.004347000233437,28.509018000035805],[-97.003860999986628,28.509037999952287],[-97.003802000435385,28.509030999666198],[-97.003215999731154,28.508965999919408],[-97.001469000184045,28.508631999957373],[-97.001278000388325,28.508615999805013],[-97.000853000240909,28.508581999966591],[-97.000430999568195,28.508643000110045],[-97.000352999750376,28.508654000261558],[-97.000119000296976,28.508688000076813],[-97.000042000304092,28.50870000038045],[-96.999849999785141,28.508728000031123],[-96.999119000214264,28.508724000194267],[-96.998442999996669,28.508855000101367],[-96.997960000122902,28.508892000316813],[-96.997449999586649,28.508784000099599],[-96.996397999625415,28.508816999717208],[-96.996118999966157,28.508776999796627],[-96.995132000302249,28.509190999661641],[-96.995011999753331,28.509201000393336],[-96.994861999965494,28.509145999909471],[-96.994706000329884,28.508980999864544],[-96.994606999697368,28.508706999899136],[-96.994658999575918,28.508390000255375],[-96.994763000231302,28.508156999877457],[-96.995313999877112,28.507685999903266],[-96.995456000167337,28.507426999897852],[-96.995472999885777,28.507249999854519],[-96.995138000150021,28.507097999870204],[-96.994896000300685,28.506760999783417],[-96.994769000079074,28.506583000024612],[-96.99478900017057,28.506082000208732],[-96.994887000079871,28.505695999649706],[-96.994870000361431,28.505444000019779],[-96.994798000391398,28.505239000027185],[-96.994498999742333,28.504831000023472],[-96.994421999749449,28.504726000179339],[-96.99376399997351,28.504044000324868],[-96.993420999841817,28.503520000296319],[-96.993240999916765,28.503359000176186],[-96.993137000159706,28.503265999788933],[-96.99275399984505,28.503066999983638],[-96.992244000207123,28.503095000339933],[-96.991680000142495,28.50303800019886],[-96.991386000414636,28.502919000345255],[-96.991187000223007,28.502899000058161],[-96.990270999805901,28.502139999978802],[-96.988944000383356,28.501604999871905],[-96.988044999684661,28.501068999981044],[-96.987806000208394,28.500926000271789],[-96.987025000408792,28.500738999630844],[-96.986651000314978,28.500599999619403],[-96.986359000236931,28.500408000381569],[-96.986286000441993,28.500321000389864],[-96.986021000128119,28.500004000022059],[-96.985913999998004,28.499955000129255],[-96.985806999867876,28.499952999649821],[-96.985551999599764,28.499949000269719],[-96.984677999913742,28.500234999774076],[-96.984034000381499,28.500290000166785],[-96.983947000342866,28.500266000013312],[-96.983610999883879,28.500175999981188],[-96.983405999844493,28.499972999705854],[-96.983343000095289,28.499910999835564],[-96.983185999736449,28.499825999916027],[-96.983170999667834,28.499818000356615],[-96.982548999876897,28.499654999628973],[-96.982411999609553,28.499648999752395],[-96.982147000194004,28.499638999694149],[-96.98200699955359,28.499701999966337],[-96.98199300020822,28.499713999713173],[-96.981838000397516,28.499857000275437],[-96.981681000038677,28.500115999917124],[-96.981593000175138,28.500263000092406],[-96.981531000250854,28.500364999723164],[-96.981332000059211,28.500542999709442],[-96.98107599996618,28.500650999678953],[-96.980405999596343,28.500799000130122],[-96.980171000318037,28.500885999727718],[-96.980143999655539,28.500896999898572],[-96.979806000445052,28.501156000145503],[-96.9794859998796,28.501614999743833],[-96.979398000016047,28.501816999796056],[-96.979608000078343,28.502394000039065],[-96.979516000016829,28.502744000270276],[-96.979386000320488,28.502922999612789],[-96.978623999889152,28.502997999665997],[-96.977976999983852,28.502955000063039],[-96.977293000268645,28.503046000303605],[-96.97704200019848,28.503133999836997],[-96.976575000218247,28.503300999969742],[-96.975579000333511,28.503778000216773],[-96.975498000142665,28.503837000363909],[-96.974748000305198,28.50399600014125],[-96.974225000248495,28.504047000138243],[-96.972865000315664,28.504404999624448],[-96.971332000130474,28.504650999775631],[-96.971267999658068,28.50466200034343],[-96.970875000195988,28.504752999901147],[-96.97004400016769,28.505042999781178],[-96.969090999940647,28.505206000079752],[-96.968611000439935,28.505133999799718],[-96.967694000197909,28.504840000185705],[-96.966689000092316,28.504884000002843],[-96.96613599989837,28.504775000224861],[-96.96550900008458,28.504524000170335],[-96.964413999567313,28.504534999961948],[-96.964176999740843,28.504488999605787],[-96.963806000020071,28.504217999623187],[-96.963632999767711,28.504019000034589],[-96.963467999911288,28.50335200030268],[-96.963303000054836,28.503026000040609],[-96.963104999688127,28.502905999961715],[-96.962783000371161,28.502878000344722],[-96.961574000051073,28.503290000049503],[-96.960978000199404,28.503397000158039],[-96.959536000250836,28.50376899996397],[-96.958730000336885,28.503841000386085],[-96.957403999840949,28.503708000159971],[-96.957120999983729,28.503724999681808],[-96.956944000431719,28.50380999961828],[-96.95653900037577,28.504346999992997],[-96.956305999848951,28.50448800019846],[-96.955950000196808,28.504517999781161],[-96.95554699979067,28.504357999803073],[-96.95543800001073,28.5042130002054],[-96.95542200011721,28.504191999964039],[-96.95502700010698,28.503860999705182],[-96.954986000099098,28.503825999710109],[-96.954909000106213,28.503725999885802],[-96.954668999906701,28.503413000312502],[-96.954546999707972,28.503322000388422],[-96.954432000080232,28.503287000214602],[-96.954150999872823,28.503313000096732],[-96.954011999955668,28.503385000040591],[-96.953612999747506,28.50373600034613],[-96.953425000324827,28.503799999954374],[-96.953154999988101,28.503793000110118],[-96.952891000397443,28.503644999911241],[-96.952682000160081,28.503528000364518],[-96.952481000318613,28.503360000383612],[-96.952276000279213,28.50285800004983],[-96.952328000157749,28.502472000326463],[-96.952229000423543,28.502362999635558],[-96.951991999698762,28.502366999713587],[-96.9514949995813,28.502597000393532],[-96.951294999564766,28.502592000109491],[-96.951162000393694,28.502511000053829],[-96.951040000194951,28.502330999795198],[-96.950923000019088,28.501484999755824],[-96.950808000391376,28.501257000264562],[-96.950554999773047,28.500981000304336],[-96.950005999777062,28.500882000382987],[-96.949835999897743,28.500929000173826],[-96.949565999561017,28.501085999928083],[-96.94936999974243,28.501132000188967],[-96.947896999831698,28.500974999713694],[-96.947825999686586,28.500981000304336],[-96.947579999639302,28.501005999735547],[-96.94708400024507,28.501147999897412],[-96.946649000051892,28.50110400010119],[-96.946193999767218,28.500809000078444],[-96.946084000162358,28.500469999959819],[-96.945864999879248,28.500254000329257],[-96.945790000434485,28.500178999904549],[-96.945170000293388,28.499850999620858],[-96.944551999802087,28.499441999853403],[-96.944145000096313,28.499295000113349],[-96.943746999713056,28.499267000327645],[-96.943396999908686,28.499344000312618],[-96.942596000017616,28.499681999858922],[-96.942314999810222,28.499707000387321],[-96.942077000158847,28.499674999741504],[-96.941565999797689,28.499276999631665],[-96.94079699969366,28.498958999825835],[-96.940282999857757,28.498746000224394],[-96.939420000042404,28.498220000215646],[-96.939163999949358,28.498112000126596],[-96.937255000020542,28.497855000033091],[-96.93679200023827,28.497732999867932],[-96.935820999569586,28.497383999859135],[-96.935476999612987,28.497194000038757],[-96.935304000258938,28.496994999835216],[-96.93508800034887,28.496453999638582],[-96.934556000071325,28.495654999624314],[-96.934356000054763,28.495478999852619],[-96.933817999929431,28.495161999940713],[-96.933264999735471,28.494694999959897],[-96.933133000389304,28.49424700033898],[-96.933066000442153,28.494158000205502],[-96.932928000349904,28.494081000384327],[-96.932769000341239,28.494057999903919],[-96.931883999886253,28.494150999721686],[-96.93141699990602,28.494051000202965],[-96.931225000285394,28.493921000371198],[-96.931155999790107,28.493791000379311],[-96.931241000178929,28.493263000333407],[-96.931179000254645,28.493055999751718],[-96.931088999842956,28.492938000001306],[-96.930709999726275,28.492738000149775],[-96.930312000241344,28.492794000020101],[-96.929963000261878,28.492710999722352],[-96.929434000357361,28.492447999613059],[-96.929121000362912,28.492219000022892],[-96.928962000354261,28.491968999630721],[-96.928902999904707,28.491400000222622],[-96.928844000353479,28.491306000027997],[-96.927994999883524,28.490817000285748],[-96.927953999875626,28.490768999612552],[-96.927146000311865,28.489804999960182],[-96.925892999610866,28.489004000248631],[-96.925143999598319,28.488350000173554],[-96.924904000297119,28.488332000193889],[-96.924346999905211,28.488414999986873],[-96.923555000234956,28.48826200015602],[-96.923295999768882,28.48825399972015],[-96.922865999598557,28.488242000249485],[-96.921617999818736,28.48837999960649],[-96.921375999969413,28.488368999710122],[-96.921139000142944,28.48823799963607],[-96.920867000156377,28.487675999981203],[-96.919924999799989,28.487218999700193],[-96.919524999766907,28.487177999916906],[-96.918888999732275,28.487403000322452],[-96.918246999849856,28.487100000169708],[-96.91793100038069,28.487039000205801],[-96.91761300036336,28.487081999976933],[-96.916851999756943,28.48777499965701],[-96.916693999573184,28.487886000331549],[-96.916614000105568,28.487883000058787],[-96.916489000432094,28.487796000006941],[-96.916461999769609,28.487582999985833],[-96.916501999952587,28.487370999893979],[-96.916676999854758,28.487006999667003],[-96.916629000174169,28.486761000234559],[-96.916049000216049,28.486068999797219],[-96.915716999955023,28.48580199980568],[-96.915500000220035,28.485712000073317],[-96.915284000309967,28.485797000305059],[-96.915023000194083,28.486659999666127],[-96.914891999774511,28.486839999806655],[-96.914737999788699,28.486954999757696],[-96.914577999955156,28.487024999872549],[-96.91401700026357,28.486987999885304],[-96.913789999584537,28.487061000274483],[-96.913291999642183,28.487304000297851],[-96.912391000191974,28.487906000305536],[-96.912098000289021,28.48824699963431],[-96.912046000410498,28.488493000341659],[-96.912077000372634,28.488595999851359],[-96.912268000168339,28.488828999996549],[-96.912263000145458,28.489112999735656],[-96.912210000442002,28.489285000073579],[-96.911935999907314,28.489488999927481],[-96.911775000248838,28.489497999819097],[-96.911632000133707,28.489430999993651],[-96.911094000008362,28.488942000251136],[-96.910608999586458,28.488615999690857],[-96.910413999592777,28.488568999943627],[-96.910241000238742,28.488649999646146],[-96.910159000222976,28.488963999923332],[-96.910041000222208,28.489193000258208],[-96.909950999810519,28.489614999918999],[-96.909903999954849,28.490080999934452],[-96.909929000069226,28.490509999929497],[-96.910025000328673,28.490744999662532],[-96.910236000215875,28.491009000391671],[-96.910700999647972,28.491402000074672],[-96.911413999675503,28.492189000101842],[-96.911601000171572,28.492700000277278],[-96.911622999912865,28.493091000160838],[-96.911425000444481,28.493603000217174],[-96.911411000200758,28.493854000194961],[-96.911530999851365,28.494158000205502],[-96.911767999677835,28.494403999770523],[-96.912051000433351,28.494541999756855],[-96.91220799989388,28.494566999923872],[-96.912896999631968,28.494367000000942],[-96.913093000348866,28.494386000033611],[-96.913306999710798,28.494595999668093],[-96.913413999840927,28.495124000151385],[-96.913791000307782,28.495547000068353],[-96.914403000052957,28.495960000251632],[-96.915547999900625,28.496497000311656],[-96.915978000070922,28.496823999697753],[-96.916123999660812,28.497195999781038],[-96.916143999752279,28.497518999897633],[-96.916086000025956,28.498161000085648],[-96.915957000154535,28.498684999884979],[-96.915844000176634,28.498914999906344],[-96.915510000265797,28.499174000281108],[-96.913686999652384,28.499945000099991],[-96.91348699963585,28.500121000318504],[-96.913442000328303,28.500250999618558],[-96.913414999665818,28.500325999992061],[-96.913320999954493,28.500442999931494],[-96.912510000017662,28.500988999775632],[-96.91195500017389,28.50144699987483],[-96.911793999617089,28.501652000130161],[-96.911551999767767,28.502138000330206],[-96.911412999850583,28.502311000186086],[-96.910951999718137,28.502711999756045],[-96.909945999787638,28.503194999972845],[-96.909185999904452,28.503841000386085],[-96.907739999757922,28.504807000113427],[-96.907658999567062,28.504869000264595],[-96.907626999780021,28.504905000106461],[-96.907581999574163,28.504935999763084],[-96.90755999983287,28.504958000048632],[-96.907143999906253,28.505277000121353],[-96.906574999818773,28.505875000299298],[-96.906204000098001,28.506148999726328],[-96.905892999753377,28.506315999823233],[-96.905517000009723,28.506437000149017],[-96.905276999810241,28.506464000222341],[-96.903690999921608,28.506305999607449],[-96.903202000200054,28.506456999765433],[-96.902870999763962,28.506661000372759],[-96.902787000098371,28.506819999841216],[-96.902919000342848,28.507114999635228],[-96.902833999954026,28.507350999665881],[-96.902639999785279,28.507476000267676],[-96.902319000293232,28.507590999837955],[-96.902275999737199,28.507609999857891],[-96.902204999592087,28.5076320003752],[-96.901813999779847,28.508203000213072],[-96.90177199994703,28.508376000386104],[-96.90185399996281,28.508648000107303],[-96.902058000177306,28.508814000039465],[-96.902255999645732,28.508825000173168],[-96.902504000241152,28.50871900020061],[-96.902701999709549,28.508701999904662],[-96.902917999619618,28.508792999924562],[-96.902961000175651,28.508887000331118],[-96.902830999580999,28.509018000035805],[-96.902330000163872,28.509145999909471],[-96.902064999850012,28.509293000133951],[-96.901721999718333,28.509638999778677],[-96.901501999610304,28.50956100005369],[-96.901067000315436,28.509207999878775],[-96.900416000212203,28.509066000302639],[-96.899336999588456,28.509045000237929],[-96.898325999635105,28.508739000173779],[-96.897615999980616,28.508740999697267],[-96.897012999557944,28.508917000241695],[-96.896742000294608,28.508870000062256],[-96.896584999935769,28.508762999978728],[-96.896297999880588,28.508349000012739],[-96.896117999955536,28.508208000231157],[-96.895548000043149,28.508073999821786],[-96.895182000345244,28.507806000071188],[-96.894829000167846,28.507429999615074],[-96.894486000036167,28.506813000197361],[-96.894188999935238,28.506576000365005],[-96.894056999690761,28.5064950002103],[-96.893484000303644,28.506336000252023],[-96.892781000321847,28.505884999766543],[-96.892519000381029,28.505790999842631],[-96.892167000028522,28.505738000318896],[-96.891905000087704,28.505751999748842],[-96.89163999977383,28.505833999868603],[-96.891457000374047,28.505971999907008],[-96.891167999770715,28.506359999814233],[-96.89112000009014,28.5064950002103],[-96.89110500002154,28.507023999746608],[-96.891053000142989,28.507119999704901],[-96.890973999601968,28.507124000391979],[-96.890951000035741,28.507178000180065],[-96.891062000363831,28.507378999674629],[-96.891190000410347,28.507611000025026],[-96.891490999810912,28.507792000124414],[-96.891654999842444,28.507995999728987],[-96.891760000322734,28.508340000149889],[-96.891847000361381,28.508887000331118],[-96.891853000209167,28.508927000210008],[-96.891821000422098,28.508943999680284],[-96.891741000056157,28.508985999845748],[-96.891613000009642,28.509052999887182],[-96.891352999718649,28.509735999872341],[-96.891327999604286,28.510093999787816],[-96.891382999855878,28.510483999812219],[-96.891549000435546,28.51080799964679],[-96.892089000210717,28.511342999658218],[-96.892379999565534,28.51177099992378],[-96.892536000099469,28.512253000378827],[-96.89258999962783,28.51293500005006],[-96.892666999620715,28.513288000381646],[-96.892874000208252,28.513757000383197],[-96.893070999851744,28.51403099985987],[-96.893357999906939,28.514149999808435],[-96.893599999756262,28.514133999703741],[-96.894043000345363,28.513961000291715],[-96.894523999670994,28.513572999925994],[-96.894732000083451,28.51346200021996],[-96.895013000290845,28.513428999687445],[-96.895492999791557,28.513489000073839],[-96.89578599969451,28.513608999954904],[-96.896124999628228,28.51396399982313],[-96.896246999826971,28.514191000164246],[-96.896329999667643,28.514569999714396],[-96.896385999744126,28.514823999841962],[-96.896446000018599,28.515179999662447],[-96.89658999995865,28.515475999848739],[-96.89723500021411,28.516165999889289],[-96.897735999631209,28.516585000366973],[-96.898343000251856,28.517009999648145],[-96.898633999606673,28.517308000373472],[-96.898965000042779,28.517799999908167],[-96.899089999716253,28.518178999906461],[-96.899015000271476,28.518648000257262],[-96.898801000011233,28.518908999665182],[-96.898451000206876,28.519150999700223],[-96.897345999643889,28.519504999801338],[-96.897154000023249,28.519735000211114],[-96.89706199996175,28.519971999679527],[-96.897027999626545,28.520649999772914],[-96.897176999589462,28.521468999848096],[-96.89747100021566,28.523718000156002],[-96.897653999615443,28.523951000093756],[-96.898108000075212,28.524183000295864],[-96.898512000306241,28.524177000235827],[-96.899683999918096,28.523773000143724],[-96.900126999608858,28.523729000313722],[-96.901891999597652,28.52385000039402],[-96.902028000040076,28.523924999773918],[-96.902180000376049,28.524093000148781],[-96.902311999722215,28.524314999951589],[-96.902327999615736,28.52445800031294],[-96.902291999630734,28.524779999825899],[-96.90218500039893,28.525039999837549],[-96.901822000175756,28.525558000310955],[-96.900982999751534,28.526119000254752],[-96.900421000235056,28.526587000025494],[-96.900284999792618,28.526846000331059],[-96.90030700043225,28.527168999634473],[-96.900447000174339,28.527342000264284],[-96.90132000003544,28.527716999993078],[-96.901787999840579,28.528108000320568],[-96.902371000171769,28.528236999882328],[-96.902734000394915,28.528466000214365],[-96.903305000132221,28.529116000383407],[-96.903825999640816,28.530049999737237],[-96.905238000350465,28.531272999909522],[-96.905799000042052,28.532049999886741],[-96.90592299989062,28.532393000037775],[-96.905908999646911,28.532609000142099],[-96.905804999889824,28.532839000373052],[-96.905612000444307,28.533018999860484],[-96.904966000363927,28.533291999864314],[-96.904383000032738,28.533446999739624],[-96.904146000206268,28.533581000262732],[-96.903901999808795,28.533910999658332],[-96.903624999799362,28.534737000244085],[-96.903184999583303,28.535341000091986],[-96.902621000417014,28.535855000060611],[-96.902095999812147,28.536187999914834],[-96.901669000014877,28.536385999670546],[-96.90150400015844,28.536585999627956],[-96.901434999663152,28.536829000008446],[-96.901453999929728,28.537403000013285],[-96.901525999899761,28.537792000155417],[-96.901713000395816,28.538186999702489],[-96.90175900042658,28.538721999674657],[-96.901528000447897,28.539297000281351],[-96.900918000352519,28.540506000119265],[-96.900857000253168,28.540858999671631],[-96.900813999697135,28.541977000025557],[-96.900771999864347,28.542064000372875],[-96.900657000236606,28.542306999955517],[-96.900395000295802,28.542580000357344],[-96.898568000382753,28.544114000280018],[-96.898046999975847,28.544454000372287],[-96.897601999736921,28.54487400027072],[-96.897417999613907,28.54515299998776],[-96.897078999680176,28.545959000016506],[-96.896754999815087,28.546412999711823],[-96.895851999816756,28.547427999947583],[-96.895518999730825,28.547880999838323],[-96.895331000308161,28.548238999624239],[-96.895138999789239,28.548862999643703],[-96.895143999812092,28.549256999726897],[-96.895200999713509,28.549430000389215],[-96.895358000072335,28.549681999828319],[-96.896147000267845,28.550546000203507],[-96.896470000308028,28.551430000355623],[-96.896892999907351,28.552164999710801],[-96.897017999580811,28.552299000096664],[-96.897441000078445,28.552634000315308],[-96.897622999653308,28.552713999997938],[-96.89782199984495,28.552747000066283],[-96.898956999646856,28.552746000327339],[-96.900359000310786,28.553107000140045],[-96.900618999703468,28.553208000202645],[-96.90085800007806,28.553345000038981],[-96.901073999988128,28.55356000006207],[-96.901556999861896,28.554178000183121],[-96.901845999566902,28.554693000274735],[-96.901838999894181,28.555123999616271],[-96.901740000160004,28.555432000166476],[-96.900935000070959,28.556760999883537],[-96.900412000014242,28.557309999876701],[-96.899880999561574,28.557636000333051],[-96.899508000190991,28.557966000115318],[-96.899216999937849,28.558355000058089],[-96.899006999875567,28.558783000354428],[-96.898682000185559,28.559234999847391],[-96.898504999735238,28.559431000322999],[-96.898037999755005,28.559773000013177],[-96.897995999922202,28.559874999664114],[-96.898021000036564,28.559979999804955],[-96.898220000228193,28.560156999669935],[-96.898555999788869,28.560279000188174],[-96.899105999609773,28.560402999897402],[-96.899905999675937,28.560499000157368],[-96.900386999899879,28.560490000013441],[-96.90125399991318,28.559967000146358],[-96.901526999724666,28.559907000183994],[-96.901881999551904,28.559969000276006],[-96.902709000280566,28.560338999938484],[-96.903090999871992,28.560755000159574],[-96.90312900040513,28.561074000218646],[-96.903054999886976,28.56127599995154],[-96.902499000218285,28.561793999783823],[-96.90211799955344,28.561906999959952],[-96.901909000214403,28.562074000081815],[-96.901072000338317,28.562486000383153],[-96.900817999895096,28.562718000149474],[-96.900760000168773,28.562888999921938],[-96.900817000070191,28.563207999825327],[-96.900957999637171,28.563504999655212],[-96.901797000061393,28.563931999891853],[-96.90200999959842,28.564147000384406],[-96.902180000376049,28.564431000035182],[-96.902248999973011,28.564819000130683],[-96.902216000361065,28.565357000157327],[-96.902119000276684,28.5657059999944],[-96.902158999561337,28.565841999730569],[-96.902829999756079,28.566603999897239],[-96.9031910003294,28.566760000058565],[-96.90341499973708,28.566913000386563],[-96.903794999678666,28.567033000178814],[-96.90419999973463,28.567005999843055],[-96.90447000007137,28.566927000369418],[-96.905214999885942,28.566491999638803],[-96.905589999804675,28.566355000344089],[-96.906112999861406,28.566305000125094],[-96.906572000344042,28.566370999620133],[-96.906680000299062,28.566386999682788],[-96.906825000064018,28.566325000215553],[-96.907025999905471,28.566327000224391],[-96.907627999604927,28.566539999764142],[-96.907691000252427,28.566577000240315],[-96.907932000276844,28.566718999644078],[-96.908201999715274,28.567075999676582],[-96.908333999959765,28.56733899981861],[-96.908256999966852,28.567860000153992],[-96.908076000216909,28.567992999902032],[-96.907680000381788,28.568447000047577],[-96.907092999852622,28.568824000144762],[-96.906784000056149,28.569202999634243],[-96.906485000305395,28.569830999932059],[-96.906327999946569,28.570388000116139],[-96.905973999944237,28.570955000112033],[-96.905988000187932,28.571239999886856],[-96.90596200024865,28.571524000118085],[-96.906168999937904,28.571871999667341],[-96.906984000072683,28.572399000116736],[-96.907450000227996,28.5725170000727],[-96.90786000030684,28.572745000040626],[-96.908244000446388,28.572860999723932],[-96.909214000391856,28.572849999963488],[-96.909360999806637,28.57279500035505],[-96.909664999580244,28.572459000057371],[-96.910066000336556,28.571753000218504],[-96.910324999904347,28.571430000359769],[-96.911095999658173,28.570909000344514],[-96.911201000138476,28.570756999872085],[-96.911242999971265,28.570617999891432],[-96.911232000100625,28.570331999648783],[-96.911030000434266,28.569789000348177],[-96.910991000076194,28.569396000161174],[-96.911038999756769,28.569113000081011],[-96.911169000351435,28.568932000369383],[-96.911360999972047,28.56887700029073],[-96.911591999950744,28.568875000330365],[-96.913434999757314,28.569088000235233],[-96.914228999975677,28.569238000009534],[-96.914971000315518,28.569516999857221],[-96.916075999980222,28.570235000107189],[-96.916430999807474,28.570522000183576],[-96.916885000267214,28.570982999789152],[-96.917056999796344,28.571308999707988],[-96.917133999789229,28.571590999844201],[-96.91710899967488,28.571644999733731],[-96.917121000268779,28.571674999923321],[-96.91723300042176,28.572224999779763],[-96.917242999569183,28.572261999834691],[-96.917315000437526,28.57230599990439],[-96.917447999608612,28.572764999695895],[-96.917818000402789,28.573537000366535],[-96.918388000315161,28.574363999711341],[-96.919492999979852,28.575785999775917],[-96.919734999829203,28.576302999667519],[-96.920601000017598,28.577258999617218],[-96.920786999790423,28.577576000338599],[-96.920912000362222,28.578028000366952],[-96.921049999556161,28.578287999887284],[-96.921904999873917,28.579282999655195],[-96.922238999784753,28.57981900012366],[-96.922478000159344,28.580107000353937],[-96.923483000264937,28.580825000112828],[-96.923864000031443,28.580947000333939],[-96.924418999875229,28.581047000241501],[-96.924748999588104,28.581185000383812],[-96.925114000359414,28.581468000332169],[-96.925372999927177,28.581791000134206],[-96.925401000414567,28.581967000136352],[-96.925409999737099,28.582196999838594],[-96.925278000390932,28.582536999986143],[-96.925300000132239,28.582932999923017],[-96.925531999935828,28.583350999641052],[-96.925906999854561,28.583759000099736],[-96.927831999676911,28.585243000335378],[-96.928424000228915,28.585785000108395],[-96.928984000095568,28.586075000198978],[-96.929805000078133,28.586274000211816],[-96.930196999715292,28.586529999817202],[-96.930366999594611,28.586728000341697]]]},"properties":{"NAME":"Victoria County","GEOID":"48469","BASENAME":"Victoria"}}]}